session,session_mass_kg,pitch_n,fp_mer_duration_s,fp_mer_positive_mean_power_w,rotation_hip_shoulder_separation_fp,max_rotation_hip_shoulder_separation,max_torso_rotational_velo,duration_z,power_z,joint_high_score,mass_z,torso_velo_z,rotation_hip_shoulder_separation_fp_z,max_rotation_hip_shoulder_separation_z,above_both_means
1031,110.6784,2,0.11670000000000005,3915.360217854407,31.432299999999998,32.43495,963.8322000000001,0.5078582889961107,1.59153255877063,0.5078582889961107,1.973109766865515,-1.0483856953765702,0.25212516643290844,0.04150083786799341,True
1097,101.1528,3,0.14629999999999996,1993.1777668762825,29.248933333333337,30.0224,1101.9797999999998,2.260121229088122,-1.7244637933290632,-1.7244637933290632,1.0305414068979122,0.5767628096135766,-0.07545600571556324,-0.329707711791366,False
1170,82.1016,2,0.13335000000000002,2298.5713568087094,38.1428,38.210899999999995,966.3392,1.4935061927978688,-1.1976230505810264,-1.1976230505810264,-0.8545953130372936,-1.0188937078066798,1.2589342788292044,0.9302210809323757,False
1250,78.4728,2,0.1068999999999999,2944.9735505471476,28.57885,29.0539,1089.6413,-0.07228281954787709,-0.08250137452203804,-0.08250137452203804,-1.2136689739773328,0.43161446951341786,-0.17599188323063497,-0.47872658408213326,False
1313,84.3696,3,0.13056666666666666,2190.9910876582976,38.57816666666667,40.24033333333333,1202.8898666666666,1.3287382248950705,-1.3832119783537982,-1.3832119783537982,-0.630174274949769,1.7638543260915311,1.3242544676725994,1.2424811394998778,False
1346,72.1224,3,0.11389999999999989,2171.229001660988,41.92946666666666,41.97456666666667,1154.1802333333333,0.34210368655496437,-1.4173039580426212,-1.4173039580426212,-1.8420478806224023,1.190841202517288,1.8270663860652228,1.5093200611543862,False
1370,104.328,3,0.11663333333333326,3267.2786099445234,28.366966666666666,28.7904,1153.6634000000001,0.5039117508427426,0.47351369089546225,0.47351369089546225,1.344730860220447,1.1847612494888216,-0.20778177530498132,-0.5192701802087379,True
1371,99.3384,2,0.12079999999999999,3058.9729514753008,29.959400000000002,30.563200000000002,1043.09965,0.7505703854277715,0.1141613290766477,0.1141613290766477,0.851004576427892,-0.11589480981734585,0.031138780672011455,-0.24649717370685711,True
1393,88.9056,3,0.1194666666666665,1902.7986486455295,14.824599999999998,15.098933333333333,970.0637999999999,0.6716396223605542,-1.8803786630162043,-1.8803786630162043,-0.18133219877471973,-0.9750780488905194,-2.239609234274037,-2.625916460718074,False
1394,94.3488,3,0.11203333333333326,3130.8602054364633,27.92063333333333,27.977800000000002,1036.0894666666666,0.2316006182608755,0.2381755046177769,0.2316006182608755,0.3572782926353383,-0.19836159870020642,-0.27474734674767787,-0.6443013992314298,True
1403,70.308,3,0.1064666666666666,2092.508516140346,30.237133333333333,30.64663333333333,1002.1514999999999,-0.09793531754471768,-1.5531062814324406,-1.5531062814324406,-2.021584711092421,-0.5976029593227492,0.07280847008654014,-0.2336596504804325,False
1561,118.3896,3,0.12033333333333325,3553.2942704252914,33.06146666666667,33.5514,1064.0885666666666,0.7229446183542445,0.9669251702870223,0.7229446183542445,2.7361412963630993,0.13101578828349572,0.496557003943124,0.21328413158923942,True
1562,95.7096,3,0.0712666666666666,4318.1351685414975,32.2683,33.5469,1076.8007333333333,-2.1817074625190083,2.2863678833340657,-2.1817074625190083,0.4919309154878528,0.28055988932845766,0.37755433236142477,0.21259173620946814,False
1574,87.0912,3,0.1240666666666666,2426.5230112714894,27.428066666666666,27.660933333333332,1015.3172,0.943950754942428,-0.9768910283800144,-0.9768910283800144,-0.36086902924474,-0.4427235573487096,-0.3486495311546024,-0.6930562916766559,False
1581,94.8024,3,0.09073333333333329,3300.429889283128,22.096099999999996,28.012166666666662,1090.8969,-1.0293183217377704,0.5307036425040162,-1.0293183217377704,0.40216250025284406,0.44638516739644707,-1.148630550004659,-0.6390135500718446,False
1601,103.8744,3,0.12223333333333337,3059.6619592046413,33.70226666666667,35.1596,1034.2236666666665,0.8354209557250232,0.1153499504356135,0.1153499504356135,1.2998466526029413,-0.2203106016550944,0.5926993598366558,0.460730853755487,True
1603,91.1736,3,0.045399999999999996,3583.4717172963715,9.833733333333333,24.7589,1031.4215666666666,-3.7129642660228392,1.0189849025404631,-3.7129642660228392,0.043088839312803516,-0.25327410319860805,-2.9884133530066084,-1.1395795076637993,False
1612,91.1736,3,0.09633333333333331,3544.4065159379948,24.849100000000004,27.421466666666664,1082.4549666666667,-0.6978091168554955,0.9515927228165773,-0.6978091168554955,0.043088839312803516,0.34707547735555533,-0.7355845047879077,-0.7299019835898164,False
1615,87.5448,2,0.0861,3275.3593939201633,42.1769,48.209599999999995,1114.5955,-1.3036027233963157,0.4874540169928585,-1.3036027233963157,-0.3159848216272356,0.7251720906608358,1.8641900183892817,2.468677455092098,False
1620,92.0808,2,0.0999999999999999,3301.761956675001,22.17125,24.824849999999998,974.9763,-0.4807495184206786,0.5330016192699335,-0.4807495184206786,0.13285725454781366,-0.9172881051581322,-1.1373554282109646,-1.1294320687091521,False
1623,81.648,3,0.11203333333333333,2902.328883974187,21.64646666666667,21.838933333333333,1001.0259666666667,0.2316006182608796,-0.15606856306883113,-0.15606856306883113,-0.8994795206547994,-0.6108435716387293,-1.2160912365760195,-1.588862047460698,False
1665,106.596,3,0.10739999999999995,3968.508776122026,34.43686666666667,35.52996666666667,1029.0667333333333,-0.04268378339767079,1.6832202262160907,-0.04268378339767079,1.5691518983079717,-0.2809760239787563,0.7029149881752772,0.5177175579379933,False
1668,81.648,3,0.09536666666666667,2866.319335825095,31.748433333333335,37.19186666666667,1087.5192666666667,-0.75503392007922,-0.21818937279861808,-0.75503392007922,-0.8994795206547994,0.40665117446373256,0.29955619552645124,0.7734268649695121,False
1688,106.596,2,0.10420000000000015,4199.747195568047,27.252499999999998,29.051299999999998,998.5094,-0.23211761475895812,2.0821343641316226,-0.23211761475895812,1.5691518983079717,-0.6404481000998925,-0.3749906562321741,-0.47912663474600126,False
1717,103.4208,2,0.09584999999999995,2226.253512971047,22.26625,30.1637,856.58975,-0.7264215184673601,-1.322380045545462,-1.322380045545462,1.2549624449854369,-2.309970458984342,-1.1231021139009063,-0.30796649686654926,False
1718,97.524,3,0.09259999999999996,3675.510595695181,33.54183333333334,36.1921,1119.3337333333334,-0.918815253443679,1.1777630585196186,-0.918815253443679,0.6714677459578731,0.780911986380786,0.5686287627228626,0.6195971270030014,False
1729,105.6888,3,0.1138666666666666,3604.775515535326,34.429833333333335,34.67293333333333,1048.6872,0.3401304174782868,1.0557365216233934,0.3401304174782868,1.4793834830729615,-0.0501636749365542,0.7018597428000415,0.38584957564689343,True
1759,79.38,3,0.09533333333333331,3149.98852400854,24.1354,26.644333333333332,1058.3047666666666,-0.7570071891559016,0.27117415912871085,-0.7570071891559016,-1.123900558742324,0.06297599661746671,-0.8426644039783167,-0.8494761012489778,False
1778,88.452,2,0.10834999999999995,3089.2303067377834,36.102050000000006,38.944,1167.39165,0.013554385287714455,0.16635891293426805,0.013554385287714455,-0.22621640639222548,1.3462584087853335,0.9527505822160258,1.0430199815791101,True
1779,103.4208,3,0.12499999999999996,3325.1725342256227,29.60806666666667,29.691633333333332,1012.9873333333334,0.9992022890894748,0.5733876865336869,0.5733876865336869,1.2549624449854369,-0.4701317738516354,-0.021573476460626153,-0.3806013366318854,True
1782,97.524,4,0.09237499999999985,2814.3932170958315,20.2898,22.6653,979.482825,-0.9321348197112771,-0.3077681847357027,-0.9321348197112771,0.6714677459578731,-0.8642739929589283,-1.419638567249488,-1.4617126114613728,False
1783,90.2664,4,0.14374999999999996,2181.0308897981395,27.6154,28.02245,1026.91245,2.1091661447220873,-1.4003945198725125,-1.4003945198725125,-0.046679575922205216,-0.30631870339187534,-0.3205429955677498,-0.6374312984077001,False
1808,98.4312,5,0.07945999999999996,3377.0110816629995,15.79192,26.59408,1093.74932,-1.6966779234710136,0.6628154274398723,-1.6966779234710136,0.7612361611928832,0.47994062618548067,-2.094477486922396,-0.8572083625418894,False
1826,91.1736,5,0.11053999999999993,3255.7382988273,33.30126,34.40388,1198.62454,0.1431981636256026,0.45360526360369496,0.1431981636256026,0.043088839312803516,1.7136776364087,0.5325343697268778,0.3444515123331041,True
1830,84.3696,5,0.11390000000000004,2487.1087771757248,22.29306,23.590619999999998,973.7413399999999,0.34210368655497336,-0.8723732815733161,-0.8723732815733161,-0.630174274949769,-0.9318159970485655,-1.11907967856772,-1.3193376575036109,False
1845,92.5344,3,0.09719999999999994,2960.7035428553813,35.0722,40.466633333333334,1029.4023,-0.6465041208618127,-0.0553652423166292,-0.6465041208618127,0.17774146216531944,-0.2770284659563382,0.7982371533506166,1.2773009338203745,False
2653,77.112,5,0.10107999999999998,2828.3055591785355,35.52734,35.61974,1086.03392,-0.4168156003362353,-0.28376771819729774,-0.4168156003362353,-1.3483215968298488,0.3891777698245978,0.8665240320356699,0.5315305893216965,False
2655,94.3488,5,0.09497999999999993,3374.7992076876008,26.563959999999998,31.69882,1106.24828,-0.7779238413687148,0.6589996783001411,-0.7779238413687148,0.3572782926353383,0.6269765946563907,-0.4782956776537291,-0.07176427566778576,False
2730,89.8128,4,0.10622499999999985,2804.2444372091622,21.961624999999998,24.41445,995.66485,-0.11224151835065413,-0.32527605297439827,-0.32527605297439827,-0.091563783539711,-0.6739109773403931,-1.1688064914977654,-1.1925785273442897,False
2734,87.9984,5,0.13107999999999997,2325.11328078219,37.24104,37.74792,1088.88228,1.3591265686759442,-1.15183503340868,-1.15183503340868,-0.27110061400972985,0.42268546735733575,1.1236388187003785,0.8589843669487118,False
2742,99.792,5,0.09001999999999992,4076.3341475396905,31.91348,37.15474,1061.32248,-1.0715462799787288,1.8692319849348467,-1.0715462799787288,0.8958887840453977,0.09847594241569717,0.32431895358779284,0.7677143466436651,False
2753,84.3696,5,0.11279999999999994,2336.5016962706277,22.78546,23.91208,887.3994399999999,0.27698580702452086,-1.1321886443800848,-1.1321886443800848,-0.630174274949769,-1.9475296953177283,-1.0452024999753744,-1.2698760088855519,False
2760,82.5552,5,0.10164,2925.5401123007987,20.72614,21.40118,1054.60008,-0.3836646798480069,-0.1160263972381991,-0.3836646798480069,-0.8097111054197893,0.01939459529170837,-1.3541723444489513,-1.6562172442339116,False
2761,88.9056,4,0.09027499999999992,2883.236037475792,17.18165,19.902825,918.921725,-1.056450771542125,-0.18900602397825808,-1.056450771542125,-0.18133219877471973,-1.5767060665205317,-1.885969502752736,-1.8867625951799438,False
2806,82.1016,5,0.09889999999999996,2295.3228511013845,18.3364,22.607059999999997,1002.7330400000001,-0.5458673979511213,-1.2032271143730888,-1.2032271143730888,-0.8545953130372936,-0.5907618063704563,-1.712716716441787,-1.4706737463320123,False
2811,85.2768,5,0.1811199999999999,1380.6497977967956,35.15368,44.69394,1072.00344,4.321398106588255,-2.7811483499865455,-2.7811483499865455,-0.5404058597147603,0.22412522025953555,0.8104619959820225,1.9277381793484147,False
2812,76.2048,5,0.12168000000000001,2119.085147951188,36.175779999999996,39.00412,1053.45994,0.8026646890521301,-1.50725838905833,-1.50725838905833,-1.4380900120648574,0.005982152249053799,0.9638126544695046,1.0522703838528535,False
2815,97.0704,5,0.11668000000000003,3528.5529410489407,23.06698,27.06686,972.6341400000001,0.5066743275501014,0.9242433957674766,0.5066743275501014,0.6265835383403687,-0.944840938666985,-1.002964678453609,-0.7844637652867233,True
2818,96.1632,5,0.09336000000000004,3551.0034027069923,25.69872,32.30968,951.2899199999999,-0.8738247184953657,0.9629731474219935,-0.8738247184953657,0.5368151231053586,-1.195931274099386,-0.6081118636919925,0.022226089151561372,False
2833,83.916,5,0.12553999999999993,2642.9635311351194,34.67138,35.48346,1134.52754,1.0311692481316923,-0.6035050504000675,-0.6035050504000675,-0.6750584825672747,0.959649743601633,0.738100169753167,0.5105617799094243,False
2840,84.8232,4,0.09444999999999992,2788.010535375766,21.2252,22.309275,1078.4358,-0.8092988196879302,-0.35328148983211916,-0.8092988196879302,-0.5852900673322646,0.29979457852242586,-1.2792959335060268,-1.5164926259242741,False
2843,83.4624,5,0.09387999999999992,3090.0802029636097,37.537639999999996,41.966840000000005,1007.9719000000001,-0.8430417208991616,0.16782508633683413,-0.8430417208991616,-0.7199426901847792,-0.5291326105186805,1.1681391663252558,1.5081311926430463,False
2853,89.3592,4,0.12087499999999995,2433.161970800339,27.07195,27.778575,991.6294,0.7550102408502999,-0.96543802319406,-0.96543802319406,-0.13644799115721534,-0.7213834309658086,-0.4020794551656586,-0.6749552813503027,False
2857,69.4008,5,0.10609999999999994,1940.7433575528685,39.55428,40.30428,905.27964,-0.11964127738819913,-1.814919467790385,-1.814919467790385,-2.1113531263274314,-1.737189593144944,1.4707055218014302,1.2523203342891605,False
2859,93.8952,5,0.11054,3509.952357890635,34.685,35.71014,1038.36888,0.1431981636256067,0.8921551484377384,0.1431981636256067,0.31239408501783394,-0.17154690795696206,0.7401436449205674,0.5454400431731015,True
2860,78.9264,4,0.08127499999999999,3395.9132345193343,29.258375,33.679125,1364.847875,-1.5892334222457751,0.6954239188380442,-1.5892334222457751,-1.1687847663598285,3.669105051504776,-0.07403942631966047,0.2329366204517463,False
2861,82.5552,5,0.09555999999999994,3068.0612758587654,46.88612,49.5972,1058.33802,-0.7435889594344787,0.1298397837867778,-0.7435889594344787,-0.8097111054197893,0.06336718404998465,2.570737311181008,2.6821814170855607,False
2865,87.5448,5,0.12109999999999999,2798.442456066807,36.24894,36.90176,1017.30212,0.7683298071178931,-0.33528516958724136,-0.33528516958724136,-0.3159848216272356,-0.41937324383964375,0.9747892068371247,0.7287894170493262,False
2882,88.9056,4,0.09304999999999995,3015.8167793488074,30.9424,31.18855,930.0282,-0.8921761209084967,0.03971173181327781,-0.8921761209084967,-0.18133219877471973,-1.446051091392767,0.17862307505924868,-0.1502772957646468,False
2889,111.132,5,0.11276000000000004,3128.158857733311,26.42942,26.565819999999995,877.85432,0.2746178841325104,0.23351535431578663,0.23351535431578663,2.017993974483021,-2.0598171147007025,-0.4984813714145212,-0.8615566055268538,True
2891,113.8536,5,0.11613999999999991,3986.991684088338,38.79596,41.52876,1151.4446599999999,0.4747073685078749,1.7151054696597068,0.4747073685078749,2.28729922018805,1.1586603111159344,1.3569310659319187,1.4407257330941148,True
2905,99.3384,5,0.09835999999999996,3795.0504906552205,31.112599999999997,37.18976,992.7429599999999,-0.5778343569933404,1.3839837819562317,-0.5778343569933404,0.851004576427892,-0.708283671221762,0.20415901290737434,0.7731027213546854,False
2907,82.5552,5,0.1022199999999999,2558.9825650047014,28.29706,28.380239999999997,1121.75584,-0.34932979791377733,-0.7483823367328847,-0.7483823367328847,-0.8097111054197893,0.8094053009824148,-0.21827021417201833,-0.5823797110902884,False
2916,86.6376,5,0.10835999999999997,3138.355407889236,36.3261,37.09078,1260.1317800000002,0.014146366010719929,0.25110563202529557,0.014146366010719929,-0.40575323686224435,2.437239964904241,0.9863658987546415,0.7578731003125174,True
2918,100.2456,5,0.10776,3605.9656557799913,30.06966,30.566899999999997,1012.75174,-0.021372477369522216,1.0577896569580691,-0.021372477369522216,0.9407729916629021,-0.47290325995383553,0.04768162736492736,-0.245927870839046,False
2919,84.8232,5,0.11833999999999993,2423.9740882375395,27.557139999999997,28.942619999999998,971.40366,0.6049431275687693,-0.9812882277603645,-0.9812882277603645,-0.5852900673322646,-0.9593161284815063,-0.3292840281120032,-0.4958487524956765,False
2923,73.4832,5,0.09885999999999995,2122.0594314688105,21.2151,21.70534,1084.4181199999998,-0.5482353208431382,-1.5021273915874458,-1.5021273915874458,-1.7073952577698879,0.37016973092733496,-1.2808112858695175,-1.6094174711869735,False
2926,80.7408,4,0.109025,2649.7530366050023,30.5905,31.462025000000004,1113.189525,0.05351308409049149,-0.5917923353249527,-0.5917923353249527,-0.9892479358898095,0.7086324028971441,0.12582579815704215,-0.108198889879548,False
2927,79.8336,5,0.10165999999999986,2943.5343039859345,23.40902,25.539839999999998,1197.88098,-0.3824807184020066,-0.08498424827022273,-0.3824807184020066,-1.0790163511248183,1.70493050346994,-0.9516467455418991,-1.0194196748018982,False
2935,90.72,5,0.08391999999999994,3693.9754486503807,32.03066,33.33212,1003.13856,-1.4326545210112043,1.2096171548934262,-1.4326545210112043,-0.0017953683047008497,-0.5859913273918604,0.34190004170203103,0.17954447406118673,False
2965,87.0912,5,0.10000000000000002,3099.744499907979,32.072500000000005,33.63798,1046.6631,-0.4807495184206712,0.18449716311957093,-0.4807495184206712,-0.36086902924474,-0.07397489633273269,0.3481775013939569,0.22660581869603785,False
2969,104.7816,3,0.12040000000000001,3107.884421915341,30.20586666666667,30.54393333333333,981.6663666666667,0.7268911565076102,0.19853950944785725,0.19853950944785725,1.3896150678379513,-0.8385871227189312,0.06811737927151078,-0.2494616517032116,True
2979,101.6064,5,0.12109999999999999,3143.410875719979,39.1471,39.33672,989.8803599999999,0.7683298071178931,0.25982692322029594,0.25982692322029594,1.0754256145154166,-0.7419588860672234,1.4096143163196448,1.103446095699946,True
2981,85.7304,4,0.103475,2935.7663988761446,32.172625,34.63695,1034.449475,-0.2750362171767617,-0.09838482062193271,-0.2750362171767617,-0.4955216520972545,-0.2176542248861094,0.36319974450232,0.3803129770360558,False
2989,83.916,5,0.10443999999999994,2713.460978714299,23.54512,23.93002,996.927,-0.21791007740687357,-0.48188845834037897,-0.48188845834037897,-0.6750584825672747,-0.6590632261990533,-0.9312269973566469,-1.2671156593048638,False
2990,83.0088,4,0.11457499999999998,2565.788389254813,28.65365,31.572074999999998,1031.429625,0.38206238535774384,-0.7366414697954524,-0.7366414697954524,-0.764826897802285,-0.2531793061238171,-0.1647692736475573,-0.09126597620314325,False
2993,97.0704,4,0.11247499999999992,3637.2197107546604,34.458825,36.83355,984.060975,0.2577464335268877,1.1117066679221368,0.2577464335268877,0.6265835383403687,-0.8104172945572148,0.7062095042460667,0.7182942417483935,True
2996,103.8744,4,0.09792499999999987,3777.499528673772,40.508575,43.7227,1035.8687,-0.6035855184440223,1.3537062576365668,-0.6035855184440223,1.2998466526029413,-0.2009586660273612,1.6138830647437183,1.778297715204188,False
2999,96.1632,5,0.1361,2823.5601248895587,34.080920000000006,34.288,1017.23858,1.6563008916239836,-0.2919541641735206,-0.2919541641735206,0.5368151231053586,-0.42012071926453026,0.6495105700950923,0.3266215619757941,False
3034,93.8952,5,0.12777999999999992,2128.748123632462,31.751260000000002,32.03996,939.77998,1.1637729300846014,-1.4905885916136454,-1.4905885916136454,0.31239408501783394,-1.3313325534811933,0.29998029414171207,-0.019274551255527503,False
3035,92.5344,5,0.10447999999999995,3722.981567947498,32.280919999999995,40.557280000000006,1069.3253200000001,-0.21554215451485662,1.2596562059360916,-0.21554215451485662,0.17774146216531944,0.19262020161148152,0.37944777264134916,1.2912483411963005,False
3036,90.72,4,0.1062,2842.420237971106,35.204425,35.92575,1016.1865,-0.11372147015815508,-0.25941819645267583,-0.25941819645267583,-0.0017953683047008497,-0.4324972371275256,0.8180755163469058,0.5786150138025408,False
3037,94.3488,5,0.09775999999999993,3639.712091642797,20.99252,24.81636,990.89254,-0.6133532003735859,1.1160063252875958,-0.6133532003735859,0.3572782926353383,-0.7300517460678226,-1.3142060511235474,-1.1307383879923203,False
3043,107.0496,5,0.11889999999999998,3219.853477957896,24.95548,25.36798,964.97848,0.6380940480569994,0.39169962346108367,0.39169962346108367,1.614036105925476,-1.0349010222566608,-0.719623793458392,-1.0458630236835618,True
3044,114.7608,5,0.12668000000000001,3569.0734095105545,31.5776,34.17274,1067.47052,1.0986550505541601,0.9941460866050235,0.9941460866050235,2.37706763542306,0.17080060107512882,0.27392523558292475,0.30888700831525345,True
3046,78.9264,4,0.11944999999999997,2384.9153328196926,28.317700000000002,28.890775,1110.780025,0.6706529878222225,-1.0486692874600967,-1.0486692874600967,-1.1687847663598285,0.680287391309728,-0.2151734940945482,-0.5038259165988405,False
3053,93.8952,5,0.11107999999999989,2652.4447696099733,32.22912,38.18266,1160.52032,0.17516512266781928,-0.5871487715359024,-0.5871487715359024,0.31239408501783394,1.2654250705529368,0.3716759654701814,0.9258759152602117,False
3055,93.4416,5,0.1055399999999999,2343.320913508262,28.50544,31.163580000000003,911.8066999999999,-0.15279219787642923,-1.1204246729253124,-1.1204246729253124,0.26750987740032817,-1.6604061976970257,-0.18700594432012327,-0.15411932079417687,False
3065,82.5552,5,0.09387999999999996,3030.2429526362803,26.742520000000003,32.3531,1150.26568,-0.8430417208991592,0.06459861909688389,-0.8430417208991592,-0.8097111054197893,1.1447909598972876,-0.45150544814631727,0.02890693523815377,False
3132,97.9776,5,0.10111999999999996,3758.7221796820622,24.6087,28.263060000000003,1109.0002399999998,-0.41444767744422,1.3213130679438152,-0.41444767744422,0.7163519535753774,0.6593502564485059,-0.7716528917367304,-0.6004096867795308,False
3140,83.916,5,0.09333999999999995,3323.369851524282,24.60292,29.493240000000004,1166.91718,-0.8750086799413791,0.5702778416495045,-0.8750086799413791,-0.6750584825672747,1.3406768119196417,-0.7725200933863315,-0.4111272538268661,False
3172,73.4832,5,0.10163999999999995,2109.749735712795,29.6832,35.50834,1042.50808,-0.38366467984800934,-1.5233631000924492,-1.5233631000924492,-1.7073952577698879,-0.12285395424762982,-0.010300855248390861,0.5143899570313589,False
3222,87.5448,5,0.09609999999999992,2798.7901548533964,18.227899999999998,20.149160000000002,1060.59152,-0.7116220003922603,-0.3346853472824582,-0.7116220003922603,-0.3159848216272356,0.08987703406544167,-1.728995501732749,-1.8488601027630658,False
3228,93.8952,5,0.12607999999999991,3177.9956697307807,39.97312,40.7538,1220.51836,1.0631362071739108,0.31948986037778626,0.31948986037778626,0.31239408501783394,1.9712333872253878,1.533546134071167,1.3214860167591094,True
3232,85.2768,5,0.08889999999999995,3486.235650383917,27.563119999999998,32.67526,1129.72432,-1.1378481209551816,0.8512409701108715,-1.1378481209551816,-0.5404058597147603,0.9031453540781176,-0.3283868194849067,0.07847628980417753,False
3233,80.7408,5,0.11667999999999998,2540.59380006362,34.95026,37.27022,1166.8303,0.5066743275500982,-0.7801051721136859,-0.7801051721136859,-0.9892479358898095,1.3396547680903368,0.7799418991720001,0.7854827507449956,False
3247,87.9984,5,0.10945999999999992,2946.090290454491,29.481659999999998,30.738580000000002,1204.10808,0.07926424554116344,-0.08057486361402809,-0.08057486361402809,-0.27110061400972985,1.778185212602956,-0.040538886469961656,-0.21951221777257238,False
3248,81.1944,5,0.10165999999999993,3475.174688858763,32.232079999999996,33.3649,1111.33618,-0.3824807184020025,0.8321594786273442,-0.3824807184020025,-0.9443637282723037,0.6868299187716077,0.3721200687371045,0.18458818973871968,False
3250,83.4624,4,0.1257,2904.5836433493323,32.201100000000004,34.730450000000005,1046.449,1.0406409396997618,-0.15217883144682035,-0.15217883144682035,-0.7199426901847792,-0.07649353795168412,0.36747198792315183,0.3946994143713037,False
3252,88.452,5,0.12276000000000001,2848.133814501194,41.67488,43.023360000000004,1122.29908,0.8665986071365683,-0.24956158844880302,-0.24956158844880302,-0.22621640639222548,0.8157958982410773,1.788869504179433,1.6706933185621384,False
