session_pitch,user,pitch_speed_mph,predicted__median_baseline,predicted__strict_four,predicted__strict_without_elbow_moment,predicted__expanded_six,predicted__expanded_without_elbow_moment,predicted__single__max_rotation_hip_shoulder_separation,predicted__single__max_shoulder_horizontal_abduction,predicted__single__max_shoulder_external_rotation,predicted__single__stride_length,predicted__single__elbow_varus_moment,predicted__single__lead_knee_extension_angular_velo_max
1031_2,750,90.4,85.0,85.57114176762771,84.81958989022968,86.46956372531287,85.97266963916444,84.65438288211001,84.96680663209288,84.10371879088116,83.92623500226581,86.15345254351283,84.82721295486702
1031_3,750,90.4,85.0,85.99525177405178,85.31296170346567,87.27518573920064,86.90770484662734,85.17138483389778,86.55255308931955,84.02833413047053,84.13869767312042,86.32213776089618,84.92280346454596
1097_1,774,77.6,85.1,85.30975038784912,83.89170623105551,85.87897012910177,85.44190750646071,85.6880512506909,86.13580818423887,84.01529732414852,83.92152920441293,86.029097162957,85.14965854267099
1097_2,774,77.0,85.1,84.31546582258441,82.82560428411539,83.8395134439475,83.45104449522827,84.27957997080594,84.78768747131747,82.33282323811814,83.72980934104734,85.80172575482018,85.24417817323818
1097_3,774,76.1,85.1,84.48521881468939,82.22291880588283,84.38348435837719,83.44067948508906,83.51930136060862,86.15628320719082,82.85988149146343,83.51291465915882,86.25868403653693,84.456816302583
1170_1,653,80.9,85.0,82.6363487279129,83.02961939469355,83.66127508187135,84.4265604346139,84.61700798114433,86.0640784312709,81.76109021633938,84.74171630906235,82.8460542543834,85.35764384619821
1170_2,653,82.6,85.0,83.63361511584674,83.8173270450767,83.78215298532251,83.68015242871138,84.78298227406763,83.96288969744977,83.4953718975827,84.63558288511781,84.53226419585445,84.51082315958097
1250_1,738,88.1,85.1,84.68337214498217,85.52987729165076,83.55486687667721,84.69649802083319,83.91288455951411,84.35684543159041,84.44641292435087,84.89415030905243,84.36846103601266,85.27241610253223
1250_3,738,88.6,85.1,85.48192229373713,85.56192323172202,85.2851204586872,85.58966986246814,84.63974492620757,84.34519716626939,85.41938026940228,84.53057238120905,84.98071050499502,85.13813755060949
1313_1,789,85.8,85.0,84.41659884498927,84.08227514429537,85.3231409223352,85.13508365194055,84.27731986032296,84.45170797442604,83.66972886512177,84.99882687612133,85.40372416383345,84.73601561259785
1313_2,789,85.9,85.0,84.5828523150562,84.36858151287592,85.63816395859159,85.31931782809035,84.34491793925457,84.45170797442604,84.36369324218174,85.21266300070855,85.4036823915842,84.44349948326442
1313_3,789,85.8,85.0,85.4235282149013,83.8673755017089,86.1958350629943,85.15169127103837,83.98806661019431,84.45170797442604,83.18371537714584,84.45637916910829,86.31975442756284,84.40516539593014
1346_1,894,84.6,85.1,82.96878018345431,85.35672863460623,83.60946975366677,86.60129446537549,85.24911342729185,85.56870848918572,85.18978023589894,84.12783704030231,82.37166141952473,86.09121658355413
1346_2,894,84.5,85.1,83.48642451243809,86.28081782216726,84.68777705545158,87.96526879686722,84.68212770910843,85.59459861569208,85.2302954243706,85.04801056895893,82.26344094807551,86.26407642490918
1346_3,894,84.8,85.1,83.10102889501427,85.56367767278985,84.12530207421862,87.06367832383123,84.66752649124211,86.54882989789922,84.9546779582937,84.37981723514022,82.31538714902695,85.73583568537269
1370_1,905,87.8,85.1,85.0939790926514,82.66253969960815,85.74388629747885,83.96258368530012,83.68569684391514,86.13167272403501,82.88965048403949,84.07504900531822,86.20978013420195,84.4801787168479
1370_2,905,86.9,85.1,85.6520898804722,84.22339909296873,85.9744554025869,84.31094490224103,83.60463723528326,85.17983934950851,83.98676694645727,84.54652314744347,86.2707419228358,84.6416294539522
1370_3,905,86.9,85.1,85.6485819825747,84.11684129972743,86.1374410203312,84.4707956168448,83.66568020762023,85.30274278380571,84.0339264954804,84.30236553831676,86.28230270316656,84.06022868802113
1371_2,906,87.4,85.2,86.26027097309051,85.55873315061913,86.41427576261188,86.16044454214799,84.40815135123837,85.93923016374893,86.0635728557409,84.37573245898034,84.75966770085556,83.92020373840127
1371_3,906,87.8,85.2,85.47271695885803,85.31941366455574,85.32124926775519,85.74530657371264,84.43128995523459,85.63237393450494,86.7968719864274,84.7143543730427,83.93837520781649,83.50733029994201
1393_1,919,71.3,85.8,80.66890644011299,80.63480679718421,78.97789318950161,79.11138917370675,82.03662136844711,79.41889723848799,83.09108218133305,84.5158356535225,84.43642731617129,84.62049372792976
1393_2,919,69.9,85.8,80.40288469584601,80.47314997682022,78.96781453260293,79.18978386346143,82.03662136844711,80.05233003725597,83.08670524478529,84.22126894922195,83.6450739583962,85.01670123738563
1393_3,919,69.5,85.8,81.31442436435259,82.22765474604958,79.47722570670656,79.73710145121827,82.03662136844711,79.6606950211991,82.81731002383876,85.31636483949477,83.48321147256505,85.4908235971183
1394_1,920,86.3,85.1,85.27180552359454,83.45694597138817,86.02115906228056,84.70985980776769,84.38426521979441,86.13323214391677,84.82277483524949,82.98986687837781,85.59406415098677,84.17211131140037
1394_2,920,86.7,85.1,85.41263184319676,84.51735338723701,86.32618551796665,84.83620980454349,83.77508271436578,85.80808056082739,84.96590393109292,84.26361669057155,85.80319450161606,84.69378776832677
1394_3,920,86.8,85.1,85.73864323784505,85.13362373241239,86.32834400422576,85.06740776984626,84.4597880213851,85.96607896676223,84.75789968826378,84.67404762987162,85.17201936548925,84.8545772906186
1403_1,927,78.7,85.1,82.16245587401575,85.09726818971966,80.39173577653126,83.02715830094104,83.56118451073735,80.7394230271394,85.8996524224715,84.70826992011257,79.51189209118073,84.67389304802455
1403_2,927,78.6,85.1,82.06990097051732,85.41918971548394,81.47008000839864,84.20172657006619,84.97396971869802,81.84605926657048,85.81492509367257,83.63650069032978,79.71039026441726,85.14418438820043
1403_3,927,77.9,85.1,82.44794081074906,84.96140329145834,81.37028829555253,83.82480739403238,84.74990734500085,81.75712592759062,85.7783217556814,84.13119589382174,80.33710377342463,84.3824276605132
1561_1,949,86.0,85.0,85.17868043180324,84.1630082550226,87.00549498909737,86.0124031952461,85.90223430094434,85.75148485711189,86.14978962898657,83.41112411746609,86.03073091812162,84.41487676226468
1561_2,949,84.6,85.0,85.27710748788353,84.50330995458374,87.06895481890606,86.10151364897673,85.86138003302686,85.82028546445083,86.48916996712296,83.41031321083376,85.80852618407918,84.35705710137003
1561_3,949,86.0,85.0,86.27979713469087,85.1239815830931,87.89623926427598,86.9960872328906,85.76018746178755,85.8296486391256,86.3690402096163,83.33729757069968,85.73889030874392,83.97783958904904
1562_1,874,91.8,85.0,86.42696460899901,85.14217774560139,88.40699568807938,86.54393979451253,84.48862516323629,86.09153007161832,85.47461502505271,84.65738121295384,85.27993470345537,84.0673907435092
1562_2,874,90.3,85.0,86.63195424673448,85.20515313112068,88.6349358631144,87.18195756240547,86.02632326272045,85.84571449182215,86.04052600182828,84.80034744178174,85.38496161258298,83.94942059972907
1562_3,874,90.6,85.0,87.33364184140392,86.36168034128804,89.0271806332638,87.64026334175715,85.850334675884,85.53611480661998,86.31376590240397,84.49579411971845,85.5000295026379,85.36659465705134
1574_1,952,89.8,85.1,81.0610202876035,84.40483259868819,80.50566781503197,83.02044712274424,84.15816006869817,83.79651400387336,84.1523285422939,85.28703011164778,78.43315405935668,85.00127256536544
1574_2,952,88.6,85.1,84.93261584078047,84.85920567677518,83.88818559382408,83.6649265255518,84.08587794324337,84.13023795404033,85.15354905644917,84.76883062654228,84.48289286837303,84.282226291549
1574_3,952,89.5,85.1,84.26011252681188,84.12186591033003,82.8734060617223,83.0781249144008,84.20003371308145,83.98031888757522,84.40751719239432,85.1676860346841,84.0308408029322,84.26796966178763
1581_1,956,82.3,85.2,86.0613795711772,84.47860035490054,84.01170791390534,82.1283417561623,84.49070937723677,81.34645145545115,84.84186430527785,84.25955618509147,86.55561603811994,84.10135969121903
1581_2,956,82.3,85.2,86.12755886770796,85.70724918789269,84.0557336142127,82.82341831503543,83.99182340608633,81.24651350004879,84.27840310873243,85.71103245469119,86.4644900414024,84.72290024434623
1581_3,956,83.0,85.2,85.79833738646921,84.59823956190425,83.99639821869317,82.41969238589603,83.98463960469367,81.45190255515686,84.16960555680174,84.42369121486752,85.99670926382828,84.11561649864053
1601_1,628,86.3,85.8,87.62409194401347,86.10489366274417,86.93036301530626,85.78572189541983,86.920145883399,84.79289881986328,86.48298862740236,84.9394646068708,86.33594210428272,84.87615991100597
1601_2,628,86.1,85.8,87.77868992187412,86.5239029846381,86.69624416060455,85.04491364338372,86.6271841318727,84.74190621183016,86.42920808060468,85.26783753569494,85.83237207425923,85.233313852085
1601_3,628,86.2,85.8,87.14735599419257,86.1732877820335,86.10897793658613,85.26493244214151,87.30462724107628,83.60608983943112,86.60520220608792,85.51368458696298,85.79474113605639,85.75562004609421
1603_1,884,85.0,85.1,86.36903385960929,84.92029055422503,85.9086822568764,84.66499030997964,84.1155219096825,86.11615165071775,85.27051418186045,84.54080843435143,86.2713874095528,84.456816302583
1603_2,884,85.6,85.1,86.273407033521,84.88709802285037,85.87353420863379,84.47284263452629,83.64435149913888,86.69379398036652,85.2467578757596,84.48665878329159,86.22835722319283,84.58275261097855
1603_3,884,85.1,85.1,86.436680238007,85.01916875923341,85.92022307662997,84.7624651976414,84.1146962835644,86.59356028385632,85.75316611697056,84.00878127148655,86.259667318575,85.23757030327587
1612_1,625,86.4,85.1,84.12734788746414,83.02149159962558,82.9567706236107,82.12004970888427,83.75187232852534,83.9151072143532,83.65194239785103,85.27163066884104,85.89103012926105,85.00341980847321
1612_2,625,85.8,85.1,84.29271645327519,82.90507465082837,83.12462368623365,82.28101192179884,84.20076971707748,84.27724452522781,83.7975878009513,85.44293513899193,85.7960584817393,84.47969720455735
1612_3,625,84.6,85.1,84.05544859005349,82.91112025946232,83.41273985637271,82.88690417749729,83.84829360200939,85.48736784915776,83.28718063565992,85.29021078028083,85.86158459127246,85.1465966435421
1615_1,830,85.4,85.8,86.2626509277664,86.46016238814177,87.4244770955583,86.98802077718757,86.14974117875089,87.31773652135925,85.00856233246046,86.85339468475361,85.69902043574332,85.61852063613551
1615_2,830,84.4,85.8,86.50918467262825,86.37287964365,87.64094499508808,86.86500605894622,85.71326853850167,86.48748358376537,85.25761159929574,86.18053112057163,86.017015564567,84.82295378546681
1620_1,967,85.0,85.8,85.67949077625836,86.65815323424495,85.40026155904991,86.71656288306865,84.0793238221759,86.70282179082027,85.75177504733091,85.84695070756513,85.24264185427306,85.01670123738563
1620_3,967,84.6,85.8,86.61935339628525,87.01119117215045,85.86082130091064,86.93788456968919,84.18995330893696,86.7655979319588,85.68923084976225,86.83458416759402,85.06574163022724,84.97405193225781
1623_1,970,85.8,85.1,83.77590432758687,85.83068266831327,83.19975117606742,84.80633768486219,82.22817902452724,86.06975805572027,86.0258973715122,84.34895618094794,83.60941243103993,84.52999810000686
1623_2,970,85.7,85.1,84.0178789162388,85.8939588584341,83.58198538618858,85.23583071531341,82.46897474155602,86.10672673989649,86.39717867787533,84.42019508603687,83.24852966546595,84.16082657848004
1623_3,970,85.3,85.1,83.54760290928371,84.9277754843934,82.83332671541167,84.31378588005163,81.76594832789712,86.2053833868153,85.79142736519148,84.47240448432154,83.45479896118182,83.84249118706526
1665_1,616,87.1,85.8,85.86863148943802,84.88858913227955,86.15098027660177,85.64426814752377,86.52968989371979,84.80669400030723,85.40151081772377,84.7259616154948,86.41321982380845,85.5320581840049
1665_2,616,87.3,85.8,85.44859202646195,84.57450028036119,86.57121106176628,86.51545891603664,86.93523224580883,85.94574175298524,85.2426433755866,84.10853799590771,86.10878410279746,85.02212725395286
1665_3,616,87.3,85.8,86.39376363243501,84.90133609609697,87.41197379166067,86.38027300625453,86.92707419727856,84.74870853408676,85.28982922283271,83.90888808316419,86.608188066277,85.61304227396927
1668_1,986,87.9,85.2,87.22227645303116,84.8511308381651,87.70446417175228,85.68204251573448,85.18776018271079,85.95397281646659,85.65149489077675,84.60192762184782,85.34382478949497,84.0818847481991
1668_2,986,87.6,85.2,86.72968070587633,85.30848835457782,86.7690190501184,85.63628054982489,84.22992246549101,86.55304986793924,86.12689975229989,84.05732781459612,85.09174246216197,84.11407630130894
1668_3,986,87.8,85.2,86.2978660406832,84.368611497801,86.4629290057275,84.9717364808747,86.16324201993652,86.11715856642952,85.45371364650796,84.39895050868054,84.92909694196719,83.62566722723241
1688_1,511,93.1,85.1,87.02195562480406,85.64423481746498,87.81733135385112,85.61456965003289,83.53530340836342,85.59970592216798,86.50580314743377,84.19928655423239,85.72110807202243,84.96712954987962
1688_2,511,91.4,85.1,87.19482110253733,85.1186905414984,87.99631405053503,85.05845972880249,83.50860720957445,85.52777533733277,85.8669835080145,83.92129211094739,85.42319080788633,85.14827385785
1717_1,922,72.0,85.1,81.02114602031618,79.87572812216762,83.26538744049846,82.64380452991328,84.69712505828305,85.67595702606599,81.96073662884584,83.79432914657932,85.03614846518106,84.51314858369442
1717_3,922,71.4,85.1,79.27481676500219,79.70981623397098,81.12312584186144,81.83455647376078,84.23865713866337,85.57117379071641,81.96073662884584,84.66124634974588,83.46683114761531,84.34934439383974
1718_1,1000,91.2,85.0,82.73925121763837,81.61987837053043,83.13852218631119,83.35588540969087,85.93334153412513,84.59569657779429,80.88174663072964,84.7233616455548,85.27496125031988,84.44887719998808
1718_2,1000,90.8,85.0,82.579086616525,80.83399607186202,82.92419970185115,83.05828076372717,85.99171682244295,84.17265005729216,79.95891895246683,84.05281662721455,85.20805060275913,84.85927637981834
1718_3,1000,90.8,85.0,82.82276151080339,81.17044674605805,83.11638445916766,82.82237292889984,86.03970009007627,84.37699409661421,80.5387608473575,84.21096359040762,85.61674341401248,85.15729448760337
1729_1,1003,90.6,85.8,87.16568031207144,85.26700092225735,87.4458316616937,87.20938874195645,86.65184533413779,85.20212958556455,86.27137176119358,85.66888918890456,86.30990848073992,85.29961942213936
1729_2,1003,90.5,85.8,86.78694422844568,85.08864115995218,87.07112922879577,86.95086860569117,86.79149165719512,85.90783850258428,86.2381377082699,85.34667677595608,86.15477082060028,85.09669736087965
1729_3,1003,90.4,85.8,86.71630454760312,84.96144819161553,87.11452816947836,86.95314140632884,86.64894533012273,84.98826120911777,86.1533010475474,85.74492277911399,86.04912525689534,85.0734135834392
1759_1,1017,83.9,85.8,83.47349404641993,86.12546689779265,82.85948168821331,85.76730969598283,83.64711896081123,85.80297046234814,86.01997201213392,85.59812159102168,83.38691092318722,84.94483627272128
1759_2,1017,83.4,85.8,83.94993806715378,86.45340315034561,83.10906414386808,86.67054868015039,83.80973545489574,87.50756220342669,85.9309191358008,86.83330939422501,83.24582539143579,84.36475696749484
1759_3,1017,83.5,85.8,83.06380848486593,86.70597624323905,82.76004943178754,86.7308215599533,85.40330599079826,87.50922699930359,86.7970485869886,85.49448376196032,82.85596127387434,85.94563014688482
1778_1,610,83.3,85.2,84.84988551416379,84.64106748820787,84.72806624110817,85.353627438387,84.80741272737023,84.55952365887497,83.6968072652329,84.04862288903838,85.2253161164193,84.7053305062035
1778_2,610,83.4,85.2,84.66312436635684,84.4181349810771,84.25619802507028,84.64169604794884,84.96876458486885,84.5738765900666,84.26085860157393,84.65334644469478,85.03795996765892,84.55832007179526
1779_1,560,83.7,85.2,83.60009490900227,78.80499256523251,84.33803360859498,81.31291022267759,83.92015502400066,85.64573659922023,79.13299425802914,84.15450236830449,87.83896718149788,82.74117252747074
1779_2,560,85.2,85.2,83.96604385816572,78.98575711436064,84.67216310870596,81.86160970874674,84.30861337437476,85.52636866541972,79.56235097398869,83.82326184021538,87.82520959365094,84.82763552238886
1779_3,560,83.5,85.2,83.53578344396466,79.04312323446524,84.75605151770539,82.08773847718233,84.95772108811663,85.98628191163766,79.96585390739146,84.787620342285,87.04323558349118,82.99023815238696
1782_1,1027,73.8,85.1,83.75161709351342,81.7464675417783,80.2347736036841,78.64590724044413,82.16808892288286,78.88979511862074,82.50589147786056,84.46452897136545,85.7721545680004,86.43295391766486
1782_2,1027,74.0,85.1,83.95572259781714,83.69064540168884,81.59585306193938,80.93995636575421,82.68145966473057,82.3183354639844,81.66813650828936,85.2190282009103,86.01901829368911,85.91614041061247
1782_3,1027,74.3,85.1,83.42196827946415,83.18053089190616,80.74564130620102,79.66436521381597,82.23150124674947,81.23591875160754,81.24192918027752,85.2275916397208,85.81320247570659,86.02665317769086
1782_4,1027,75.2,85.1,84.07937837507126,83.53226454358835,81.59155667201485,80.8303016843343,83.64038543181546,81.54177201859935,81.20929684100747,85.64158636883724,85.64598839051453,86.08322940975474
1783_2,890,79.6,85.8,83.9130226023685,86.58423555036296,83.39632683532308,85.90726761102174,84.3065103991067,85.44818575525692,86.51902902080376,85.68113469461534,83.43628334651056,85.59946198818889
1783_3,890,79.8,85.8,83.89563780258145,86.96097778971514,83.2086218688074,86.09197086145083,84.54031176923536,85.33081425512748,86.50228029786005,85.8118092411753,83.49531431234631,85.14653665760065
1783_4,890,80.2,85.8,83.8390376328011,86.56844567775462,83.4425960345093,86.57071623608283,84.1767268296664,85.4859878785785,86.32907569151592,85.86980042589902,83.48765875610555,85.6608788672394
1783_5,890,80.6,85.8,83.87790638795728,86.56660190294814,83.24324481234088,85.88683197914398,84.74909060161899,85.29888811895582,86.61035291595883,85.96580865050093,83.46184116371482,85.93957480709855
1808_1,538,81.1,85.0,84.54248906389631,85.17109794364148,85.21451885305905,85.28581088585051,84.02639180322011,85.87127569259513,84.20975389908189,85.09631270892271,84.42706857420707,84.63558104704157
1808_2,538,80.8,85.0,84.99459311414931,85.49354893691194,85.86589751880456,85.93577520747432,84.97863851864057,85.43976445584666,84.76123639828515,84.6373416244848,84.54948359779272,84.42682259335203
1808_3,538,81.3,85.0,85.071238745601,84.87680990216236,85.79036111797535,85.4275564196111,84.56029345553918,86.08145256283794,84.17773254909554,84.55093018217595,84.69749852936091,84.62493764176533
1808_4,538,81.2,85.0,84.86060560640567,85.19520807849236,85.69018077794335,85.35421617126524,84.1458392286281,85.40963496321983,84.50910694597766,84.54580394835831,84.5925219776854,84.69498725731276
1808_5,538,81.2,85.0,84.06855982694394,83.97360601868414,85.36420127627086,85.47193207031361,84.67946291602739,85.90532587672395,84.91942616080809,83.74501794458303,84.52827294091631,84.61917606281796
1826_1,283,89.3,85.1,85.638615450514,85.00376747524552,86.88078707381077,86.74420596716506,85.93596659893814,84.53392237324219,86.17740827216609,84.11748307996893,85.55831318311007,84.76457540806418
1826_2,283,88.9,85.1,85.95171949605894,85.05889334857434,87.31457958779693,86.93845355700299,86.5832528394237,86.05177194338792,85.78673394071673,84.53765767067073,84.74587618514971,84.59776433397371
1826_3,283,88.8,85.1,85.95930479245732,84.84512479667843,87.47952564061526,86.72428689979205,86.57372491115576,85.34097918389686,86.34586930938183,83.76875218565186,85.11828084752113,83.89300530039239
1826_4,283,89.6,85.1,85.62451700138509,84.77073264847843,87.0792762753259,86.65180216089897,85.80242067255156,85.26252462766494,86.35048243038183,83.92304699363368,84.75269849016007,83.44882651455303
1826_5,283,89.1,85.1,86.14051131057506,84.90225088629705,87.41296327514696,86.81789232664416,86.44457614208297,86.11327899281372,85.91711277512643,84.39334432429868,85.11996999037828,84.67383097668834
1830_1,1062,83.5,85.8,85.04276750419814,85.02374965083412,83.26333231491914,83.07889003917317,82.19249568875126,85.08010627930571,84.6690162925147,85.60102853695797,85.25583734261218,84.92808408562793
1830_2,1062,83.4,85.8,85.31186514965002,85.43638127351385,83.64843364114257,83.54510890972207,82.8237831814418,85.76454869249912,84.91239844712301,85.52604532256588,85.33397626655785,84.92907789607281
1830_3,1062,83.4,85.8,85.24525026729242,85.36831920145214,83.79246651182947,83.8554189854323,82.62734739620774,86.44532191752232,85.74385541844767,85.47511984654987,85.07339807702918,85.34448873878239
1830_4,1062,83.7,85.8,85.31953404020732,85.63982164041583,83.7545111722715,83.5142269511647,82.81880681780544,85.48621829048774,84.5011576416343,85.59795942088607,85.06278916511569,84.6594098392205
1830_5,1062,83.5,85.8,85.11671221206286,85.38999635158619,83.62260537196234,83.70386542773177,82.68544948517352,86.02099218810355,84.79609967965247,85.52382829500375,85.20243239708742,86.01058565306934
1845_1,1068,87.5,85.1,86.3791098428036,85.41654295423312,86.8484336467303,86.13103129121151,84.61162323666419,86.1989407385455,85.91550540299127,84.98412351945863,84.73489555740318,84.98754552768976
1845_2,1068,87.0,85.1,86.462838538946,85.67165367965882,86.25585750670152,85.34929248492838,84.28878478000082,85.80920004353597,85.77790266477233,83.2124469149536,84.84327940393916,85.32219489308775
1845_3,1068,87.5,85.1,86.10840262802436,85.40947109660898,86.45239471442821,85.49012087528395,84.98334450896542,86.71282542124025,85.81594342583917,83.46182755111293,84.90508995249206,84.31553969011703
2653_1,1466,90.9,85.2,85.41307031491363,84.09377833159077,85.9444100117749,86.44564379812512,85.97450643194544,84.55952365887497,84.5712599444576,82.41287826512621,85.39266769683915,85.14836221016188
2653_2,1466,89.4,85.2,86.27685829935896,84.49555561554806,86.71190541894181,86.86261785524691,86.26044707782913,85.06934405061911,85.60313412664661,82.62120652019456,85.76398815403819,84.63491375576746
2653_3,1466,89.1,85.2,85.21502963968081,83.90437937991142,85.73878120221846,86.4577920711864,85.98390703658285,84.95222492427156,83.83290404905037,82.46290101851507,85.3488993815718,85.0344701684172
2653_4,1466,87.8,85.2,86.1660546380925,85.02024534806702,86.17308847361818,86.58250951888569,85.49036859460182,84.50111379851802,85.31504595499408,85.10304206307252,84.95891487710372,84.4579797864858
2653_5,1466,87.7,85.2,85.85873625039248,84.83457900847132,86.02275932541346,86.70190639581621,85.88051318383123,85.07895811772107,85.89661041230507,83.76623954567708,85.35923838618535,85.18374293515114
2655_1,1005,84.8,85.2,84.7007049797175,82.31017482253871,84.62639485724877,82.00140641605907,84.41010576921948,83.69764193935863,80.05483829560099,85.70562330137311,87.94032373950543,85.28166688147154
2655_2,1005,85.8,85.2,85.26037033294175,82.99968390058524,84.55603617601187,82.52175524460085,84.41982324163556,83.48522225789951,80.01571379009042,86.46545627527472,87.36024881098771,84.39979349888304
2655_3,1005,85.1,85.2,84.80390694630576,82.59600872180373,84.6552064080509,82.05353073381833,84.45917488669357,83.73901427851693,80.13747356805551,86.46685436139911,87.48276039303275,84.10620426494559
2655_4,1005,84.8,85.2,85.31400063280812,83.20435907995824,84.66658217210731,82.53081705360327,84.9895958260593,83.52860491474945,80.15839620892153,86.34009916999477,87.90204548234183,85.25509483795068
2655_5,1005,84.9,85.2,85.23599622209733,83.2614217057089,84.81583483149531,82.99889297818692,85.89746865073714,83.6369619257883,80.11722301988836,86.55832387968283,87.36024881098771,85.06605526157388
2730_1,976,81.8,85.0,82.97802427114769,82.7447264280437,79.46636330442318,79.00519489252505,83.99540134355107,79.38837696856893,82.11120836287124,84.24678901391958,85.54464024251887,84.2024597993803
2730_2,976,82.6,85.0,83.35370025157118,82.92246963692648,79.52685098596761,78.9958160210219,84.10350661318309,78.79433325943812,82.2857470975909,84.91724069991263,85.87146161369817,84.91071868901867
2730_3,976,82.8,85.0,82.77478095266471,82.49685145417908,78.3042650235938,77.99248532541613,83.66837647720662,77.6468002693011,81.58263478000097,84.5156546743311,85.2444384185312,85.04302940634575
2730_5,976,81.6,85.0,82.18735695909767,81.63798556775852,77.30302153777673,77.04540918910905,82.48997017257176,77.87959428783319,80.49637359834838,84.21223141147544,85.21757714160694,84.83087561220968
2734_1,359,87.9,85.1,86.52341689151935,83.9248519957118,86.44894158356685,83.01649883280197,85.24460578261684,83.65146435885202,83.96560169663618,84.05774600057211,86.06511138622415,84.34680000814048
2734_2,359,88.1,85.1,86.79023408338183,84.98836609059603,86.65439402817202,83.71279419992968,84.41038567477493,84.0294891930604,83.94275381617017,85.23289626285103,86.1345319777465,84.40295989321275
2734_3,359,87.8,85.1,86.64811047245554,84.49491004912032,86.14696145086958,83.2165092498483,86.27975878612595,83.70096424275513,83.94275381617017,85.05351686613628,85.5876098211793,84.1385814159782
2734_4,359,88.4,85.1,86.68917142177062,84.6151741926207,86.33459916590637,83.46993649098428,86.07320508882043,83.5483925736699,83.94275381617017,85.20530912504593,85.78864943205954,83.52491375537818
2734_5,359,86.8,85.1,86.59927543885422,84.37958696584381,86.08844426343957,83.22862902389916,86.43998224493549,83.70096424275513,83.94275381617017,84.45880723228862,86.14546539604814,84.51178973641711
2742_1,581,87.7,85.0,83.65956115043997,82.7508327900283,84.92771965065899,84.52204513939276,84.5661475061159,85.81777037770927,84.33610360351726,82.91233931484061,85.33149024290272,83.93876096841255
2742_2,581,87.6,85.0,84.50708523521398,83.52276748666502,86.51876076284877,85.8362050342445,86.07731811859682,86.3368706266364,86.19587922067801,83.11840604556842,86.18341014781693,83.97008835075637
2742_3,581,87.4,85.0,83.89437287069926,83.22743540370432,85.56949045992008,85.2940305977696,84.89665480420149,84.756007880224,86.00944366098918,82.72628035545546,85.15801164369594,83.58166531862463
2742_4,581,87.8,85.0,84.00730337612518,83.74175236097157,85.90004913113229,85.76391029265336,85.95331607803817,86.38135408092724,86.30889319013987,82.7962768684426,84.8376173581639,84.37903690656483
2742_5,581,87.1,85.0,83.78671406889022,83.15847909587335,85.34884348983101,85.05054014603796,84.77798050616403,85.79433164755055,86.59880039790721,82.4693155579796,85.29839844256422,83.84998935681129
2753_1,1552,79.4,85.1,82.55041587517864,86.78889451670956,82.48534590485806,85.506619551374,83.83696786204474,84.98894076942486,86.27752674111699,84.95844151648484,82.27196804203872,85.00357891194038
2753_2,1552,79.9,85.1,82.19691510521223,85.7206392050472,81.9319717259064,84.65879160177175,83.08862373747871,84.51514979198213,86.41179041401209,84.78501633389583,82.25396731872323,84.64106940820506
2753_3,1552,78.8,85.1,82.55953615250256,86.13856926393186,82.0823058505675,84.59347027430957,83.96674507886483,84.33329683755028,86.67488656427675,84.94760857403854,82.17133650203922,84.54586086805253
2753_4,1552,80.0,85.1,82.79041272962274,86.47638854730693,82.22202329768021,84.77419022853445,82.85307835713672,84.41574609042101,86.86558991430924,85.20125586597506,81.87679088159261,84.30047125625944
2753_5,1552,79.8,85.1,82.95394724426184,85.58760400474881,82.4784501508088,85.05055642206001,83.14447971828884,85.32137202875106,86.53767286520264,84.47139842589834,82.0643101421569,83.9118579720592
2760_1,1557,84.2,85.2,80.66475499239986,81.31297861104893,79.98547957438804,80.62824400799505,81.03488935690157,85.5324787352008,80.27347216980301,84.786043915992,84.20966883276643,84.94906423297277
2760_2,1557,84.4,85.2,81.5810420287326,81.63362778967911,81.21460540823999,81.76099689054934,82.02394221976792,85.9375613880061,81.87639174585588,84.1080956785614,84.05071178548965,84.69665694254196
2760_3,1557,83.5,85.2,80.16147565577187,81.21943758767593,79.74673619267172,80.83589828233603,81.16398735834457,85.51117494583865,79.74068949373,84.52969029177477,82.33132413935279,84.93210535317527
2760_4,1557,83.8,85.2,81.37843317741154,82.0017762335476,80.68717120282781,81.50891580736344,81.4590224025062,86.01213721284337,81.84813180357595,84.07404600701865,83.71079658108741,84.9313162622662
2760_5,1557,84.3,85.2,82.28867231566689,83.36142801945624,81.60460672861804,82.42224479924712,81.61820733052679,86.01110325096585,83.5594000207761,85.13006469751707,84.18402155730922,84.59742525000597
2761_2,1558,79.2,85.2,85.52128965377322,83.49979751943427,84.67739910390492,82.41342510889947,80.38071876012636,84.48316864328997,83.60621418069319,83.04648466980903,86.72206289053707,84.54756757179527
2761_3,1558,79.7,85.2,85.13484978592106,83.252971827443,84.99355314437864,82.97924503511655,81.65366034190137,84.92232325420653,84.25489779534352,84.46594479394588,86.64307291129256,84.837210491215
2761_4,1558,79.7,85.2,85.1396169502996,83.72614560587374,84.02205975859587,82.09149821593175,80.53300421035527,84.59877135529109,84.26706169128153,84.48913576896805,86.34655082269947,84.49323471419967
2761_5,1558,79.4,85.2,85.59506415522388,83.517412508566,84.69879462998695,82.27401464053278,80.38071876012636,84.41347314116479,84.29462754379082,83.6124671112742,86.47813003023353,84.370371991178
2806_1,1584,79.8,85.1,77.64168691510828,78.50764525479563,79.08378812900732,80.04945920243946,82.58305958227429,85.8118629206272,81.20997363520948,83.94571602723795,82.57821830307766,84.19868679541516
2806_2,1584,79.1,85.1,77.76335081650633,78.33619291834682,79.37278450263369,80.63049137102092,83.25466661695023,84.97404409327122,81.01638750456189,83.12528188653215,83.01927516460492,84.57618216886885
2806_3,1584,79.4,85.1,78.74242268116471,79.05336686062319,79.60245495773414,80.4599848566892,82.80865403765735,85.97830867752981,80.38402407532897,83.25701507163565,83.98801162287799,84.69301349808134
2806_4,1584,79.1,85.1,79.58842283024606,80.42314789135109,79.87792756443774,80.38844831043589,81.78424045094246,85.66654675484504,80.97470458868739,83.09003722360767,83.88053310486531,85.03290908713902
2806_5,1584,79.3,85.1,78.78842477865044,79.40174570560637,79.28674479609495,80.05078508213609,81.84444822000344,85.91092673607643,80.63297307141951,83.385613493845,83.48332811189239,85.0620799838185
2811_1,1589,75.8,85.1,83.06166240030203,86.72759330422069,81.19262024022022,82.90555374687534,85.18155630321712,79.96717913138569,86.18608868203286,84.17645480463486,82.25746731872323,85.70042363688916
2811_2,1589,76.4,85.1,83.11081559169868,86.55795779579834,80.67441744419209,82.21577900905615,85.17528035385003,78.89965797576359,85.03500673583606,84.46961154002017,82.39156167904112,85.65929762796434
2811_3,1589,74.9,85.1,83.75064368037242,87.62371868997798,80.95057695547554,82.42843884550983,84.51109823807477,78.6855958006071,86.13299806214042,85.20541305640259,82.08785830427036,85.85121912492093
2811_4,1589,75.1,85.1,83.68827187244896,87.71821491557913,81.34383575576048,82.7472586935,85.36986903188094,79.09675238357804,86.33720846537551,85.76930095657964,82.08417469110792,85.858892958064
2811_5,1589,74.9,85.1,82.29007923238574,85.94758091179582,79.79183568154463,82.00032614362392,85.30117824992342,78.81493244436263,84.99428805861803,84.96817734184678,81.63293728510993,84.92575886419701
2812_1,1590,80.5,85.8,83.88219782651697,85.176059257984,85.08770975270208,86.44133181317176,86.31942526153439,85.61158785906015,85.707667874311,85.38287222082242,83.05894512104416,85.31112546047824
2812_2,1590,79.8,85.8,84.83989833824846,85.60829018324789,85.16029692300961,86.35472510452556,86.6983538079239,85.37168435122916,86.35345595724574,84.92585628741897,83.83212410415169,85.70843106683768
2812_3,1590,81.0,85.8,84.31900724372305,85.50876439735907,84.9629754417948,86.39428313395332,86.27207133452988,85.61158785906015,85.7713969535805,85.43945942208632,83.24836213562183,85.61294065479902
2812_4,1590,79.9,85.8,84.2217628028983,85.92255214153472,85.00446298149365,86.7327194518835,86.42995293609248,85.56378974822458,86.35345595724574,85.58469913157636,82.99920510569886,85.40248841963273
2812_5,1590,79.3,85.8,83.65601040616016,85.43617787921521,84.63967413132592,86.69077677712255,86.68764221788062,85.31331102922861,85.8466917021436,84.88222869722716,82.81866190879497,85.75521371149799
2815_1,1592,91.1,85.1,88.17002183925855,87.24760330615896,89.07878925857918,86.6104576276601,84.61438180304334,85.55978289226906,85.73990565052222,85.70756147937533,85.3645254694336,84.61820115327077
2815_2,1592,90.7,85.1,87.52953042418645,84.75159545231813,87.95474948248093,84.55541812042952,84.59656162424123,85.77281941847976,85.69543463387434,83.89012754838352,85.6102403263246,85.01524632752339
2815_3,1592,89.6,85.1,87.94324271898381,86.93108855112861,88.13094975533956,85.72342331067374,83.89911059818326,85.98716200491896,86.57551640393625,85.58200480164761,85.23866532560629,85.03106979315545
2815_4,1592,89.6,85.1,87.5237356540627,86.0945334866081,87.83822263970791,85.45299809703343,84.10615853761354,85.45575534560864,85.73990565052222,85.36603415735425,85.21920516695914,84.2068874881224
2815_5,1592,89.6,85.1,87.82053744256689,86.88558968377264,88.25194292560772,85.87326869667864,84.14190137525159,85.45296512629615,86.6543634276015,85.8615832317297,85.07680694838334,84.5778608243835
2818_1,1595,86.7,85.0,84.9942785667377,84.51500661710648,85.28572348107859,85.14859574472436,84.77244857112936,83.76917026523003,84.2681097215927,83.20546805325523,85.23824143770116,84.2781801922815
2818_2,1595,85.8,85.0,85.43114463089489,85.01248154666492,86.55224053360548,86.97268744568693,84.4911160723272,85.3245353532171,85.62725882927224,83.33324551039992,85.39054243555331,84.4099240538278
2818_3,1595,86.3,85.0,86.0712309648006,85.3731378534565,87.12032139952461,86.34510494543468,84.46439009694018,85.47180359614144,85.63349362966885,83.1806585370701,85.49366475097385,84.78608222322629
2818_4,1595,85.8,85.0,86.30387824409007,85.20252624679244,87.56838594130924,87.38550584263862,85.850334675884,84.75148868521691,85.82800193988044,83.45897464484328,86.30003473269869,84.77063073474311
2818_5,1595,85.8,85.0,85.21932149092524,85.3949940029821,86.54806049359112,86.7789120825295,85.78057006704128,85.0994599080266,86.35556478139526,83.12990962574364,84.8165688226682,84.92088578948147
2833_1,1606,85.5,85.1,83.32777898203314,86.28961006310725,84.72295342358426,88.43280825919446,86.3271481683092,86.01901409705923,84.94097235071288,85.01737953356579,82.33951171062033,85.61017417518913
2833_2,1606,85.9,85.1,83.35591963877312,86.16210810045347,84.78018423432482,88.38172809409703,86.04568148478052,86.85287302050682,85.24489713050757,85.13330019611772,82.36247614738427,85.61017417518913
2833_3,1606,85.2,85.1,83.49392860158099,86.68338175211545,84.94740184446292,89.18576887477104,86.45307888830368,86.63456485013711,85.20531968662567,85.20506776247113,82.3923309368009,85.61017417518913
2833_4,1606,85.8,85.1,83.8364201603093,86.05613665162028,85.3628294185589,88.15346763658464,86.32204308536178,86.85287302050682,85.28038527501481,84.79765238509393,82.13904916714223,85.61017417518913
2833_5,1606,85.4,85.1,83.61795790260827,85.96059250224383,85.01606690996158,88.38074409519946,86.12892642533055,86.50869567028835,85.12792572984984,84.09900985229856,81.91503581326222,85.61017417518913
2840_1,1562,82.1,85.0,84.18533052689739,86.22909004065859,81.59889933275727,81.99702605838336,82.57211218473611,82.10016028085387,86.13194639197637,83.22784896427217,82.77712674062155,85.2608683805998
2840_2,1562,82.3,85.0,84.52859551560093,86.29019168396394,81.60159769083705,81.82908231172081,82.34985651848761,81.82206059905528,85.52494449614868,83.60446199571686,83.20945100750882,84.90991348866376
2840_4,1562,81.9,85.0,83.91267620944608,86.08638964717903,80.50497895892644,81.0706809181864,81.86048710493218,81.2174970903694,84.48719499102205,83.05047583792258,82.31558805983083,85.2608683805998
2840_5,1562,81.5,85.0,83.23046067890355,85.52552878700305,80.7754880314008,81.32231085813262,81.76311000473939,82.0737067094253,85.8904673837393,82.78142486589559,82.26860456483337,84.42320512786668
2843_1,565,86.9,85.1,84.42519754099979,83.75832227229044,85.37804733659765,84.88394231157774,84.31682218501109,84.11642316451565,83.82546199224191,83.88724232063849,86.0254240943319,85.64966022642557
2843_2,565,85.8,85.1,84.27703113224466,83.58731254840296,85.39601723296919,84.88268252283207,84.47053322201623,83.81734665278181,84.36386876060836,83.89151374920992,85.52033466634373,85.12730621447162
2843_3,565,86.3,85.1,84.71539480001705,84.05513323558542,85.7505060565072,84.91040224652372,85.24275507448381,83.91250902344653,84.96516321274049,83.88724232063849,85.89103012926105,84.72606488731766
2843_4,565,85.3,85.1,83.93275843012724,82.90126132535578,84.89193322290201,84.36723060693619,84.35712062945244,83.90034226520478,83.89331000378645,84.24986986410795,85.5870362164051,84.76604662326594
2843_5,565,86.2,85.1,85.02089906510467,84.70210338633461,85.81770659587184,85.28351162305614,84.3309344725928,84.08547352824698,84.91374808260021,84.21189104270712,85.63356765746103,85.6069722695542
2853_1,1612,82.4,85.1,82.82036793703276,85.63408141079357,82.97240061810692,85.70950103594893,83.89130651038933,86.23905839372031,85.01849098238434,84.11948525010452,82.03207019907856,85.87560120422098
2853_3,1612,83.8,85.1,82.99486767698214,84.51989902254758,82.98078665148365,84.93286125828898,83.84109929204509,86.28192899721503,84.82188288218067,84.32056809775749,83.22362255567002,84.27478639442626
2853_4,1612,82.8,85.1,82.32037051233044,85.19909720049152,82.7974875749864,85.8250931175335,83.91799556543776,86.11326121458558,85.34664055333609,84.21390224250764,81.91399202004904,84.4247064876324
2853_5,1612,82.8,85.1,83.04041936570931,85.6762202912311,83.08021160316535,85.69366996728813,84.00822643925335,86.27666476327938,86.0011021178795,84.83285636519702,82.14460528982269,84.31719805262296
2857_1,1616,72.6,85.8,82.88718847066369,85.79651472704994,80.10894439960761,82.57872399930318,85.63987895380464,79.41889723848799,85.2062652653053,85.91545991449931,82.25081270779296,84.68625774468545
2857_2,1616,73.5,85.8,82.63082528638131,85.79481976358173,80.32970238078362,82.64655998814607,86.4236390211944,79.41889723848799,85.18659965675288,85.58657963965265,82.25081270779296,84.68625774468545
2857_3,1616,73.1,85.8,82.83707723252394,85.10515115252224,80.55985773499458,82.80233167616704,86.22346544754767,79.41889723848799,84.80509972992981,86.12246882332576,82.25081270779296,84.40837137365774
2857_4,1616,72.9,85.8,82.70548810542695,85.93686965537648,80.23217117860162,82.57896261827683,86.50326326852188,79.41889723848799,85.50604703787927,85.87399558320779,82.25081270779296,84.61520777529854
2857_5,1616,73.3,85.8,83.0084852351955,86.24161105177718,80.60503179536903,83.15719282875733,86.78229291916062,79.41889723848799,85.37646781936401,85.82577927852358,82.25081270779296,85.94684949418362
2859_1,1618,90.9,85.1,86.9261865409911,85.55953782589773,87.34322076659937,85.26972657777964,86.00805803200983,84.12478227222215,86.05726425890676,84.39152987195111,85.66084799000181,84.47928534157842
2859_2,1618,91.5,85.1,87.10239088020973,85.08980319494324,86.96385423289293,84.3276672375014,86.29660698773199,83.81214762492002,86.48471139491248,84.48020948759991,86.17043008469523,84.37388214647855
2859_3,1618,90.8,85.1,86.89619983958886,85.55184465703181,87.17209314361233,85.45842188547337,85.95861706492379,84.10336255431142,86.03100515714064,84.48478175385937,85.49444229758565,84.35785284644152
2859_4,1618,90.8,85.1,86.70835995055992,84.71040400381263,86.78274720937021,84.31215130551152,86.07915995555419,83.79386064920027,86.07173759556326,84.05774600057211,85.82121253671369,83.76383136200474
2859_5,1618,91.4,85.1,87.17618828686543,84.86295504956199,88.11652439010696,85.6237438551947,86.05494517746746,84.77744489646699,85.47388025884821,84.89553782945214,85.64598839051453,84.1385814159782
2860_1,1619,89.0,85.0,84.12502357220805,85.33790578472792,85.44866488396728,86.93516985103304,85.87557226449839,85.98687803979625,86.63096150048872,82.85115749455362,83.36746789482518,84.57310929351219
2860_2,1619,88.6,85.0,83.55571131330517,85.00671094476472,84.88579520736732,86.81524934289396,85.850394675884,85.59926150887685,85.91777667756672,83.10104849681197,82.86825008880817,84.52398167925308
2860_3,1619,87.8,85.0,84.43952826201712,84.98529816296052,85.58931516778047,86.62636489792172,85.86138003302686,85.83341312255709,86.09908154806043,83.17985969908878,84.51016027783592,84.91773910714903
2860_5,1619,89.5,85.0,83.61093066494202,85.08480635991883,84.91351774633868,86.66329264714594,85.91209083772137,85.55254876529892,86.09908154806043,82.35145102522031,82.78597494424913,84.83194534990413
2861_1,1620,87.5,85.0,84.6318653208105,87.09023135524407,83.83066286252131,85.8640516698517,83.22864102657628,85.59268838927369,85.27607082908867,87.18564133453732,82.48693060061495,84.2535699380142
2861_2,1620,87.4,85.0,85.19791783284157,87.29535095307004,84.38961236532232,85.85440009963168,83.22864102657628,85.30486368345187,85.8897126711936,87.18564133453732,82.84860131050395,83.97128517615319
2861_3,1620,87.6,85.0,84.81397233149566,87.02323428248854,83.89944815454103,85.4746268391145,83.22864102657628,84.36819750090814,84.21531525961399,87.11678662909864,82.71917578783695,84.32950335392182
2861_4,1620,88.9,85.0,84.10193532974282,85.23088589518277,83.33660241543541,84.09397232885824,83.22864102657628,84.248559577857,84.74514110232671,87.18564133453732,82.77930116639187,82.45595875044899
2861_5,1620,87.8,85.0,86.12502314893707,87.4905459496586,85.42455168239205,86.16757087951174,83.22864102657628,85.69916223265662,84.60985096350929,87.18564133453732,84.13888983410821,84.1220153316519
2865_1,1624,85.9,85.1,85.57301199570406,85.68490939584625,85.82760452578785,85.74047268067713,86.21246077255958,83.5756856665294,84.04264029394297,83.64689395371805,84.31427266211361,85.8438018547571
2865_2,1624,86.0,85.1,85.32419249045942,85.62966692082601,85.2946219834233,85.35110768052515,85.66115276361595,83.5483925736699,84.0320046736422,84.50188493263192,84.02531861709518,86.18286298984827
2865_3,1624,85.8,85.1,85.5469127310492,85.45436659184186,85.69032452342448,85.41743083698367,86.24806987153467,83.48643825510948,84.01766972205175,84.65458693416147,84.41400784167077,85.80269509991395
2865_4,1624,85.1,85.1,85.82301313049143,85.64915495703353,85.83884665272991,85.47914646709029,85.97424059710794,83.4928515618028,84.04455457965726,84.87534862181505,84.85840960882973,86.08452233428304
2865_5,1624,85.1,85.1,85.30547753690878,85.55121073522336,85.37950272832845,85.48112199071498,85.34318278595363,83.55339497751606,84.20298738299896,83.82100756285621,84.11476085676766,85.87712835242608
2882_1,1630,87.8,85.8,86.59055298468071,86.17720470591017,86.26301843260268,85.22342344828999,85.10070020564578,84.1224166962606,86.35345595724574,84.5200672881759,85.58784802147149,85.82992888217969
2882_2,1630,84.9,85.8,86.02738688377062,86.239379227411,85.5315422749353,84.97932305444849,84.78074707977301,84.90670529251268,86.35345595724574,84.19809429396433,85.70898194337494,85.6891782906282
2882_4,1630,84.1,85.8,86.01048584951964,86.17700217074038,85.57296693726113,84.97020176548237,85.32174257521544,85.06049296873661,86.35345595724574,84.16914667923335,85.75417113477376,85.29213970618417
2882_5,1630,83.4,85.8,85.62377133146434,86.21138350785255,85.22391016241944,85.01177873355698,85.57595218242004,84.90670529251268,86.35345595724574,84.20027897058789,85.1746419827741,85.60175063655993
2889_1,1547,79.5,85.0,84.46831588317899,83.43602136833236,85.67297814928446,84.93097404328324,84.45423038678398,86.08029394363619,83.88549550206861,84.56998898191935,85.41733706087958,84.39801357090194
2889_2,1547,79.8,85.0,84.44829410374565,83.44932773027925,85.5409644237654,84.69759386862839,84.10449003914337,85.96849227936514,84.64026085193748,84.11744346000849,84.96926088838757,84.46025590715426
2889_3,1547,78.4,85.0,80.78912502478158,85.44682718131584,82.28555377294381,85.68161040569012,84.14988338956574,85.91402805362496,85.87791666945358,84.73481047489287,79.62531186971121,84.00748432466153
2889_4,1547,78.6,85.0,83.07637869095178,83.13585978915596,84.05409691111163,84.72362534303855,84.03727540396186,86.00243820632696,83.11468085504453,84.55655568533324,82.66026776302573,83.97673967859534
2889_5,1547,79.4,85.0,86.01343917595707,85.57977402131709,86.27542587598047,84.99939156130662,84.47118418497786,85.78165271677331,86.01474146185014,84.64758339846259,85.30997783349859,84.0098271818044
2891_1,1633,87.3,85.2,87.08318834825583,85.3869662950334,87.45854526596034,86.23137949412317,84.96992661197218,85.66995210758286,84.82448590222447,84.01043214277324,87.36024881098771,84.59400645148193
2891_2,1633,87.2,85.2,87.18479684813956,85.72115729961817,87.36605791399592,86.06044505441731,84.58399851945458,85.75980766030096,84.91025625289134,84.55352330062729,87.36024881098771,85.17614088836751
2891_3,1633,86.9,85.2,86.65285743690607,85.07440780625983,87.22156050346052,86.18216541283564,84.64410365990217,85.29295820988006,84.6609677101068,84.05732781459612,87.04323558349118,84.5220711672983
2891_4,1633,87.9,85.2,85.5306769689063,84.446315225018,86.47597659786987,85.81056755668506,84.96835832224261,86.47902355502482,83.48674300493357,84.67565305312141,86.24529561354046,85.11532414714553
2891_5,1633,87.9,85.2,87.41143725299715,85.64294793651108,87.14655500739244,85.23068415680864,85.22090854668026,84.9056200215046,83.91684592761179,84.78772376048961,87.53190510536469,84.44651089881944
2905_1,1636,88.0,85.2,87.4583638128282,85.35293738892037,88.70773737643455,86.92952208170328,86.25674843005089,85.6274047037357,84.92554555704533,84.00576780450365,87.72902719934856,85.39184639894128
2905_2,1636,87.8,85.2,86.79708275343543,84.04821845321887,88.0547166382932,86.2747447139892,86.27838267317192,85.6108364701285,84.85736544565165,84.60199041092126,86.71216285370473,84.17561366925393
2905_3,1636,88.4,85.2,88.6288941580636,86.52546975920873,88.72959604485686,86.05865875942683,84.22226063398092,85.56187118477091,86.33202391431735,83.96865102380956,87.69863525207285,84.80290086683686
2905_4,1636,88.3,85.2,87.44760081163045,85.5610344093168,88.15229296195758,86.61977023569239,85.25389627031883,85.74061218440434,85.16778057047752,84.40643230270358,86.75294047646888,85.26812307194773
2905_5,1636,87.6,85.2,87.90623760175374,85.0531333068974,88.49969065454708,86.09858063685407,84.31014464578266,85.75163306874461,85.40830176653547,84.02547308267675,87.87148630718178,84.09489008548428
2907_1,1029,78.8,85.1,82.36987713314849,84.6067705485251,79.15835623275875,80.8553758299979,84.34375880483393,79.2976947221082,83.88391825739735,86.16089790265734,82.00694064062651,83.24102335377015
2907_2,1029,79.1,85.1,82.91412721578506,85.47885021975173,81.68354478090906,83.27588957007175,84.08495082427538,81.84605926657048,84.19340814447983,84.86268376168954,82.84986146176634,84.63281885890028
2907_3,1029,79.6,85.1,82.34356263189794,85.09246177605525,78.9740239218474,80.95959573929377,84.01952592671759,79.14384144500949,83.87105500987019,85.36046694881739,81.9696844255803,85.09447422210516
2907_4,1029,78.8,85.1,83.17118888704461,86.11654157975427,81.86433397940887,83.69476708540626,83.68630263505318,82.30140991212656,84.58907383219194,85.30259687914851,82.26235526113815,85.00595001503126
2907_5,1029,79.4,85.1,83.08310673969407,85.25239215095108,78.15830063549542,79.81055010245869,83.82100787774978,77.19212094994208,84.2680456626225,86.16089790265734,82.84986146176634,84.13733982002744
2916_1,1596,93.5,85.1,84.62300230903384,82.90931500946981,86.70276088984681,86.50242691838511,86.0586351733249,85.28728775501295,84.79091947583122,83.08191787061456,85.1174193090596,83.66664382664328
2916_2,1596,93.0,85.1,84.63932964024987,83.23216753347896,86.71902487804593,86.47224537120614,85.49507722445557,85.30048440385072,85.66620454215371,82.88093910540844,84.92773142383949,83.72609376811636
2916_3,1596,94.2,85.1,84.72811416446558,83.22421441572791,86.77737401038759,86.50072099846211,85.97409428085776,85.60600118326958,84.9944955390247,83.37239282517548,84.82178952165994,83.70030434618906
2916_4,1596,94.4,85.1,85.47138853402295,83.096075233044,87.27142505027207,86.66252917740107,86.04019379626409,85.5595146383008,85.87210019636457,83.31169448342753,85.77860183118406,83.44676640215083
2916_5,1596,94.0,85.1,85.54120421915796,83.52355766202763,87.07644701615568,86.16300109486947,84.84893569603327,86.00493277628476,85.70618128587239,83.26493067355003,85.55095825529648,83.71820684226442
2918_1,1637,89.1,85.1,85.91000378954071,83.39794850064534,85.93085523328405,85.05529427107496,84.79740271825516,85.75430566474138,83.86058183952092,82.91778014155496,86.27201620855008,83.43327604449438
2918_2,1637,90.4,85.1,86.03455997840615,83.49745721804905,85.8010449799154,84.46533893101767,84.33380051918031,84.06460674682334,84.28094587341127,83.80069173721687,86.19113679047734,83.9350324208122
2918_3,1637,89.8,85.1,85.99504857694119,83.6916017225816,85.79581944156797,84.71946862274405,84.48702788244087,85.01188590919723,84.05055634122061,84.11248318533939,86.2384639529181,84.1119360914062
2918_4,1637,90.3,85.1,85.9609271504548,83.63867085917886,85.82057050199454,84.85531331428903,84.19588719087078,85.79256439514685,84.04096340777807,83.74986731383048,86.20926013420195,84.30744994371105
2918_5,1637,89.3,85.1,86.20835450344218,84.50309224528485,85.83896317974119,84.54414694931208,84.78306824820905,83.88209329096229,84.20794301293847,84.14965193444779,86.18586735457991,83.7350001085973
2919_1,917,82.5,85.2,82.26304385342807,85.39907056552319,82.78475140236918,85.17128442119919,84.14639250551194,84.5305011811573,85.11943512074285,85.08670143889442,81.56164538997314,84.75156472074625
2919_2,917,82.6,85.2,82.13107691606253,85.72588453811655,82.61937828547384,85.35739535671067,83.95968339646859,84.41416671425836,85.17140943844535,83.70280520033147,81.32026539299304,83.40772852349252
2919_3,917,84.0,85.2,82.2752576599278,85.38675780554445,82.98628359959991,85.77100223745592,84.22967699871838,84.7885139100866,84.97433331681312,84.77449229142613,81.73194436593768,84.03149454577147
2919_4,917,82.6,85.2,82.34737649153516,85.07855537431527,82.83450600669352,85.52869721020778,83.96923433122011,84.94023077353036,84.98300524090133,84.84212693705052,81.76486222230523,83.4221396089088
2919_5,917,82.6,85.2,82.29934149499552,84.62427827011095,82.78597416176771,85.31281923687091,84.10069540727793,84.44871084320268,84.96252628665657,84.70208165800828,81.72723340223472,84.53087433588375
2923_1,1641,78.9,85.8,81.67721385487478,82.84857232699338,79.95830038495406,80.1185150280309,82.10494218367367,80.68957832318974,82.85374813675769,85.74492277911399,83.47850502978531,85.37074710121878
2923_2,1641,76.4,85.8,81.76251072429882,82.96761901915463,80.15898012297524,80.31986449219417,81.91205987726055,80.63203421416264,82.52883557750171,85.48270526221741,83.03308301157765,84.51022022544286
2923_3,1641,76.9,85.8,82.50563252842878,83.56499186359808,81.02149862826273,81.41567956016561,82.03930398616633,81.81571234340187,82.3302704233301,86.15297458575058,83.00382177236553,84.34917094013868
2923_4,1641,76.3,85.8,81.5343929422572,82.55338521677025,79.78442288278849,80.08866291674845,82.10030218367369,80.60919515015856,82.3557607149864,85.49251161809502,82.61482284013219,85.89135580552362
2923_5,1641,76.3,85.8,81.95752961822343,82.89510901534749,80.16826585502098,80.43797642830876,82.17222785183525,80.20777508382788,82.33397947811952,85.28284054279078,83.12091420594184,85.94541809433967
2926_1,1644,83.4,85.1,82.80345693378692,84.5554880369199,81.7987555385034,83.17455631081148,84.58017051319224,81.7046937053684,84.06569158415446,84.01609422466841,82.70722006157112,85.11736494349441
2926_2,1644,84.1,85.1,83.74802467215484,85.20375084457,82.42747920316964,83.23612833880956,84.86174597944917,81.19195557505407,84.26451142732839,85.02988230992666,83.75995031667584,84.82279464400507
2926_4,1644,83.4,85.1,83.57163567113429,84.76812284170522,82.30324830324078,83.33236078783969,85.88463491403648,80.35810150311593,84.20819755839301,84.98055772401439,84.0107203874606,84.25371091607377
2926_5,1644,82.9,85.1,83.13017610925357,84.7363087366997,82.49591890425029,83.61966058742163,83.92549306261402,82.62412054624318,83.9488427784846,84.39815634023373,83.47050241169923,85.16406820600223
2927_1,1587,86.8,85.2,85.93176732575945,83.03210100437514,86.23289727209509,83.39379986190924,83.83841291010899,85.997358259952,83.66025144807384,83.64414138887624,87.73604912914071,84.25916617659972
2927_2,1587,87.8,85.2,86.14281339666067,83.28118033354048,86.75842192047854,83.53412434261585,83.89719743904229,85.6871780134141,83.62191038489958,83.9648855687709,87.70656521629894,84.11849088584894
2927_3,1587,87.1,85.2,85.93627016170407,83.31814889299034,86.34891217665485,83.32255523348358,83.87404339240443,85.67835526823653,84.25503020970054,84.71420012006034,87.40677352687766,84.23668672015705
2927_4,1587,86.8,85.2,86.25764587145015,83.7859686314913,86.7550322937942,83.66122070209282,83.75097016264345,85.63173894106222,83.67153786696568,83.63293874436252,87.67743359030595,84.95174364728223
2927_5,1587,86.9,85.2,87.00734039183597,84.60691861477525,87.80040832504362,84.51452772283865,84.36609799023888,85.73248786007342,85.63823138239577,83.56605854771729,87.83092863484143,84.13086479809013
2935_1,1621,92.1,85.2,83.92967153497436,83.88967245371515,83.73915199381965,83.47701417826445,85.90669361866092,83.45396563503505,84.2454289596369,84.04862288903838,84.5534395214376,83.21254011468604
2935_2,1621,93.1,85.2,83.97490123034763,83.74191377581471,83.85596722772914,83.64369504354,85.906597275807,83.70701384269975,84.82116009577285,84.64136293775366,85.21941169965957,83.37177824302927
2935_3,1621,92.8,85.2,84.45027023106175,83.8824511106614,85.02735966463675,84.96571009268024,85.86075278939323,85.18918888059574,84.09841107980297,84.44940759629371,85.33605682806434,83.62263825935024
2935_4,1621,92.6,85.2,85.07565258634844,84.07611836145158,85.46720899782909,85.37877463391555,85.8102946747343,84.91104990385739,84.15018192175393,84.39080434675077,85.37435748519536,83.37144883126457
2935_5,1621,92.1,85.2,84.37103328064492,84.53448928048228,84.05470525143994,84.03577243770592,84.64461143833259,84.27461904182054,84.77887692067921,84.45060998033577,85.24496845256265,84.11263026706561
2965_1,1615,85.7,85.1,84.35926985060743,84.04832039107606,84.44799546019803,84.72350631744459,85.47584274046127,84.44554867537316,84.68148604613478,83.88432914652016,85.79317208387761,83.71679402064161
2965_2,1615,86.6,85.1,85.17917223611562,84.94089880123897,86.41696100086062,86.37817771296541,86.59764870000262,84.0563650207067,84.37822191659943,84.08130375782991,85.64396025058035,84.71630329416502
2965_3,1615,86.4,85.1,85.38878816878578,84.97973233883833,85.03135923495189,85.15799899834133,85.37725982139214,83.65805230261333,84.83358932062201,83.00939928785297,85.76999029647722,85.15785288132689
2965_4,1615,85.4,85.1,85.47798623381783,85.59342030993422,84.74370668359161,85.03077910330805,85.25502664850092,83.64164296642711,83.99798103582127,84.98358646468164,85.62904739905018,84.67745984081598
2965_5,1615,86.7,85.1,84.90864853511151,84.52225872341312,86.3643929770222,86.40993697896424,86.49216246528448,83.54781163311924,83.95407375002124,83.33808404047694,85.8661817668878,84.61363415998105
2969_1,822,90.4,85.2,87.61932891185255,86.25840878520155,88.2119584545927,86.03643690267296,84.90742211953798,84.56618532695421,86.41223695159881,83.62786444233812,87.94135545001747,85.31148816158338
2969_2,822,89.8,85.2,87.2534678928553,84.91045642208967,87.64300697039815,85.33250763679709,84.44441142179994,85.44845875798313,86.216755437559,83.84656362635147,87.73452444563519,85.11302788688316
2969_3,822,88.6,85.2,87.07869452879626,84.88368535507749,87.92203638807126,85.66353039713906,84.40698867453511,85.53063719173205,85.97452044733109,83.61893282638796,87.76597558435702,85.20452444715396
2979_1,1663,85.2,85.0,87.17293819246939,85.56790085743866,86.07680112566649,84.20716028753219,84.34491793925457,83.49954419022907,86.14978962898657,85.25940207404186,85.9476119770041,84.29093905886933
2979_2,1663,84.9,85.0,86.4163613745595,85.5361455076364,85.59354378824045,83.80351721532165,84.56580125952546,82.92125438146208,85.77220885917001,85.23884982917379,85.53175652121337,84.64433018855821
2979_3,1663,82.6,85.0,86.28178304882609,85.28719325417993,86.48052411685362,85.07815379852094,83.9734275570494,84.45371006576974,86.17765303020182,84.23557346875772,85.3544817114235,84.55989268134965
2979_4,1663,83.3,85.0,85.70996373446575,83.91140496976388,83.6893946249001,81.26833799908965,85.9787589653001,79.56483864578074,84.30998360351725,82.79174880405608,85.746163279,84.11321274993617
2979_5,1663,83.6,85.0,87.06655513389244,86.22337790676353,84.75214047875846,83.13660998995488,84.42266621713806,81.39648303714283,86.62949372155103,84.50115289930508,85.2372705954499,84.96073147649976
2981_1,1607,82.5,85.2,86.86473058729513,86.21597997586893,87.86581087006799,87.0868494862959,85.99285799698629,85.04104104669105,85.24739175059364,84.20378404966198,86.49263666181757,85.3781855080101
2981_2,1607,82.5,85.2,86.88190383900499,86.1481151786172,88.04423469239964,86.94764887687136,85.87368312430739,84.95103085559019,86.35598484948174,84.37448095038445,85.86418506581948,85.29331819743045
2981_3,1607,82.5,85.2,87.84129611279346,86.29553412249366,88.62259087154332,86.79399363337848,86.00590840180534,84.79712251552172,86.38923561490662,84.0065128065539,86.77350477766667,85.11874221187337
2981_4,1607,83.8,85.2,87.50992716252237,86.31093793395175,88.14489734244731,86.86865148945112,86.20806334864554,85.17338308191768,85.6745496589122,84.75469268731662,87.0379789060187,85.38043769136436
2989_1,1540,80.5,85.1,81.35020155553545,85.04334160036909,79.95249040526343,81.39688228093537,80.88250370731619,82.28103216320882,84.44379721031912,83.90124289284503,81.59290330245796,85.35449884179496
2989_2,1540,80.9,85.1,79.8877103104145,84.12019803194839,80.26883409738603,82.78599674472125,84.10751459100457,82.557870373083,83.96891815031695,83.74699492998964,81.03260107658453,84.52592478501127
2989_3,1540,80.8,85.1,80.02362506073544,83.7191034946764,81.68277322022176,83.668671695284,84.01241955508671,83.84438316933814,84.35708082031753,83.60143113189417,81.13905452879335,84.99589429657047
2989_4,1540,81.4,85.1,80.78969347914413,84.30303884992487,81.96846403402942,84.35534059447863,83.80650146116521,86.40131343917544,84.12610899555641,84.44751401501048,82.11483771233529,84.47516040825107
2989_5,1540,81.2,85.1,80.40954554443218,83.97748345642117,81.96927616128622,84.43871076663771,84.00148505675897,86.65755094979393,84.4561995073965,83.0317600320926,81.82651864205509,84.66896265521659
2990_2,787,81.8,85.1,82.63601410465667,85.28228168774159,83.28075314242386,84.87248979534343,84.67079094660531,83.8788862585694,84.23904108832366,85.86004589834265,82.04569174593556,84.52685314738487
2990_3,787,81.6,85.1,81.67814812252172,84.49280172085466,82.99147290908516,84.49332129289739,85.03067092635781,85.85304484707923,85.27420736029583,85.62490075613174,82.03239645382027,84.51417766246499
2990_4,787,81.4,85.1,82.69389373522894,84.33324665844803,83.94506251903911,84.72602182761405,85.25033622412266,83.5525182997859,84.31850635197358,86.16089790265734,82.85910681571762,83.37349484199076
2990_5,787,81.4,85.1,81.94104720563587,84.29171866948565,82.99592668986361,84.54125935003584,84.85104704439921,86.54842204884324,84.84415570102216,84.86268376168954,82.08724041728522,84.05378805163456
2993_1,1667,91.3,85.2,88.03430317000777,86.64021487113797,88.14191752697235,85.50867171599539,84.34773436700303,85.5209433537646,84.9464612377049,86.59537854154244,86.71039243775122,84.41159751704002
2993_2,1667,90.9,85.2,87.71543377108974,86.78103433812649,87.61311425181218,85.80137051772739,84.36425769191074,85.0600981761986,85.33529306346158,86.59537854154244,86.72206289053707,84.29266215090719
2993_3,1667,91.6,85.2,87.47034568799702,86.65792533355919,88.19123359702228,85.91604044824922,85.98245562402757,85.6765400301413,85.17140943844535,86.59537854154244,86.06264437038328,83.40020978612748
2993_4,1667,90.6,85.2,86.23548908069908,86.62494931844279,85.50168747511249,85.72118467302235,85.4306901577925,85.70159386969497,85.05395194464538,86.59537854154244,84.48228751902363,83.41411675878665
2996_1,72,88.9,85.2,87.9992738167492,86.62155471585277,87.78845893397666,86.47069058946245,82.65107289184957,85.86008320572812,83.5528478271729,85.08670143889442,87.36024881098771,85.11042093851928
2996_2,72,89.4,85.2,87.85750381439685,85.59914127142008,87.38946818905683,86.05017785287738,82.51145765303693,86.46865344076592,84.43532432841394,85.02457635345357,87.36024881098771,84.5578208852135
2996_3,72,88.7,85.2,87.69610613168201,85.59402883297922,87.42829878333077,85.86568610128947,82.51821206862135,86.51049282276239,84.10288987148753,84.57506451633868,87.36024881098771,85.08482244025528
2996_4,72,86.3,85.2,87.66368674203098,85.25613223246307,87.58298267197326,86.6196293696088,83.4292006439079,86.63118592775315,84.1547668218959,84.02770858471845,87.36024881098771,84.34082019653447
2999_1,1632,84.1,85.0,86.61992900808298,85.00810840008793,87.17027862886962,85.81647097420846,85.96089314567237,83.66888852550517,85.14996249041428,84.67163940831051,86.18894017870242,84.53851705745224
2999_2,1632,84.3,85.0,86.39744118697101,84.4728677199485,87.70719155373482,86.15471626086818,85.90400990686035,84.36423412109919,84.90395501840949,84.81512087686981,86.40762424537154,84.42022079956979
2999_3,1632,84.4,85.0,85.65567483219047,84.39826253137255,86.45120665651075,85.8707457403175,85.91155251058522,84.27872861238616,84.84245933866352,84.17824460718802,85.41200704121658,84.82354141233576
2999_4,1632,83.4,85.0,85.88852061708695,84.71259041701768,86.49080824214163,85.89158321877363,86.14998405829746,83.92333381272772,85.03809555347415,84.98305989281626,85.41200704121658,84.43518892770886
2999_5,1632,83.8,85.0,85.87897617911418,84.88413980207996,86.81419304102867,86.1446560042165,86.13855711645697,84.15741147417592,84.83176727101157,84.74211790730378,85.41733706087958,84.89091180706758
3034_1,2,80.9,85.2,84.03021900914621,81.52644250509665,85.00071624014213,83.5516833404327,86.28450239660303,85.02125442635459,82.87956909753557,84.52363939032497,87.41808075298488,83.21254011468604
3034_2,2,81.4,85.2,82.82640332537531,79.9274206940341,83.84279842690928,82.15601843674082,85.70989891818077,85.16580898333731,80.8237972338358,84.03725446195999,87.68773761685915,84.2284834375369
3034_3,2,80.3,85.2,83.19918160950277,80.1889357645614,83.92889447183407,81.85743692021481,84.9891408260593,84.79773148859125,81.46236615823666,84.14237516842817,87.34179882743024,83.36602574302927
3034_4,2,79.8,85.2,82.75075146813704,80.90250122926184,83.56557653888235,83.09503828035739,84.61496514913293,84.70455578903822,81.21616536888143,82.71687505924288,87.1647675647056,84.49289744460621
3034_5,2,79.9,85.2,82.03992237422345,78.35396356052871,82.87254970566231,80.90209958641091,84.34975952853452,84.58330558247013,79.86678648883986,84.34045785115991,87.28114975778577,83.41144756973328
3035_1,1539,86.9,85.0,87.01478071141918,86.9211762208634,87.88073898511728,87.32082336238895,84.08640730336784,86.46301631555941,86.13746571015818,87.18564133453732,85.23741255413243,84.87228902627307
3035_2,1539,86.1,85.0,87.08639388027704,86.96318049845105,87.4317902773358,86.90820118096028,83.95297906338492,85.5831450191063,86.5689007622197,87.18564133453732,85.54116142597526,84.65623025538547
3035_3,1539,85.2,85.0,86.5476203688519,86.57285858732594,87.65931726641524,87.18928776037247,84.38535497106334,85.20573004816572,84.18616949229445,87.18564133453732,85.23259466397126,84.67984399019005
3035_4,1539,86.7,85.0,86.89141731372769,86.69651313512783,87.60406045529713,87.10532255724172,83.99177103974498,84.97038382966592,85.84981664670443,87.18564133453732,85.40437765321093,84.52708099257258
3035_5,1539,85.3,85.0,86.69667809325253,86.70113256021364,87.59713034041293,87.23578444301764,84.00653307200638,84.97776645252905,84.41817965871084,87.18564133453732,85.19014618413942,84.53530872110011
3036_1,1685,86.1,85.0,85.32428594905376,84.68268855551466,87.76891464032012,87.17587382971362,84.56860335027174,86.26246989146254,84.59183114502511,83.17985969908878,85.5628570239895,84.39295338831135
3036_2,1685,86.4,85.0,86.56557636163528,85.417427257381,89.28063104220197,87.82848600202523,86.1749347300591,86.15403360057086,85.80261392639561,83.11237487043832,86.06878104141565,84.99264523929433
3036_3,1685,87.2,85.0,85.42128555867583,85.19778971993092,87.69257646878921,87.40454907109888,85.91078194874963,85.76986543243731,84.2681097215927,82.46358560661847,85.72557683163018,84.99561757418262
3036_4,1685,87.6,85.0,86.30271293532105,85.31955678299569,88.93158465215147,87.86188356093,86.01498596731811,85.77979203192052,85.41618880721047,82.37530363768093,85.49500676249606,85.2608683805998
3037_1,964,89.5,85.0,85.22512074682086,83.84040627675412,85.23409178493651,83.6294580253251,83.95405964910246,84.03331351238438,86.19964404569531,83.35974931992374,85.76103491947214,82.2552784099948
3037_2,964,88.7,85.0,85.73494923638748,83.72000882606046,86.87997562493611,83.94894734182782,84.03724356861619,86.34742290488104,85.28099276457255,84.69499025667872,85.93432062047816,82.2552784099948
3037_3,964,88.9,85.0,85.25196622639575,83.84040627675412,86.47938276876658,84.40100700550656,84.05201880615773,85.5593976541878,86.1644902145265,83.31731800124241,85.28071757298956,82.2552784099948
3037_4,964,88.8,85.0,87.08856070539123,85.95465174664034,86.79632633644498,84.38492231579372,83.58367482888289,85.69308663175431,86.11641763613582,84.3597144267826,85.26769550346185,85.05397236184321
3037_5,964,88.6,85.0,87.07986571437391,85.91550311257423,85.4908392018337,83.99745784832255,82.80354226943372,83.86632511206876,86.35788503946371,84.00663837869475,85.24199526697515,84.85419753041495
3043_1,1688,87.9,85.8,86.27816591747346,85.60850297624637,85.5260956098704,83.62712261700551,83.74409340926728,85.3112153864879,85.17238428833365,85.89679937358406,86.54007087992356,84.74567108260185
3043_2,1688,86.9,85.8,86.51942003831262,86.36061188384322,85.73570033625515,84.01341006881358,83.92138915214586,85.39095219944774,85.24312961698706,86.0985532189334,86.54319249476231,85.72728247444756
3043_3,1688,87.0,85.8,86.26818206685911,85.45816337900189,85.5908036601726,83.76843660556766,83.64761084507009,85.31373181672434,85.14949935446515,85.94533889977944,86.53632777479339,84.77193894290245
3043_4,1688,87.5,85.8,86.54118904521395,86.05770151485844,85.75855041036684,83.88413201331355,83.93341277787684,85.47816870225509,85.24224623045104,86.0019858675318,86.5336407865469,85.93082284958444
3043_5,1688,86.9,85.8,86.12903629905547,85.81740612390368,85.69225343532061,84.41970754277115,84.1530604512789,85.39205219944773,85.31024894181176,86.6553705468378,86.54126587992357,85.31380931084624
3044_1,90,87.1,85.8,85.91505773372212,85.84648322023425,86.84082180129259,86.91370871976393,86.65231445641056,85.38311881273431,85.04873817398997,85.806162855439,86.43238875919569,86.00217485941855
3044_2,90,87.3,85.8,85.97807144423494,85.55340827656052,86.51176601743539,86.56511601080044,86.8337879293417,85.56117813370642,84.48054760650726,85.8614064978056,86.48109004905773,85.6084231493194
3044_3,90,87.8,85.8,86.7886841832266,86.37531596744986,87.66316187085484,87.11849265398412,86.82092370374312,85.4840647616954,84.89866640784271,86.13329796831623,86.00200180419071,84.98853670284387
3044_4,90,87.8,85.8,85.45584117464696,85.45584858895168,86.7583114855617,86.84833468604045,86.97153099923122,85.42215350511694,85.42452172102429,85.81625893867144,86.22476861803307,85.19525155536516
3044_5,90,87.8,85.8,86.5036173074977,86.20294278833417,87.20731413541587,87.00020487018894,84.84739732211713,85.2904447280601,86.48122818802314,85.89252241373408,86.29272110897433,85.46271149097586
3046_1,1689,82.1,85.1,82.35569621418136,83.99518377768216,82.82583366035146,85.19222105676879,83.7218860734544,86.80982024381038,86.86688660790801,84.28153560200633,82.26344094807551,82.8093857699202
3046_2,1689,81.9,85.1,82.34847343478974,84.3120351067195,82.828496779514,85.17145339612017,84.31382043340616,86.04105450109962,86.30143400657717,84.26313040480308,82.18725099865374,83.37078538196236
3046_3,1689,81.7,85.1,82.59477317756124,84.67123201532968,82.87276071303909,85.57284308645899,84.30966311747065,86.56567149893932,86.89791011024947,84.12700343156443,82.12694543035605,83.78541075046665
3046_4,1689,82.3,85.1,82.65650131240909,86.0242595105216,83.047726017228,86.6325217700151,84.70168298912327,86.8743065402002,86.56466717470634,85.06746740589816,82.23090575941592,84.36911331195293
3053_1,1543,81.4,85.8,86.30544569110549,85.41808641501109,86.51240761951152,86.20913793625564,86.7693301368212,84.00539620727145,84.64923573695913,85.79684901705517,85.93275763054027,84.36227283915163
3053_2,1543,81.4,85.8,86.39705026711445,86.21637209888331,86.9547420261685,86.67176942595903,86.34241334256295,84.22370923690009,85.28347414346763,85.95950877260104,85.68948695814524,85.78287755080133
3053_3,1543,81.6,85.8,86.35550141921097,85.78225551461666,86.68753367268138,86.45317031954514,86.19593049044305,83.95743539212857,85.66612042728114,86.35039528146262,86.10602326558491,84.43561935031877
3053_4,1543,81.3,85.8,86.0615320878043,85.69595603256667,86.70757185984313,86.60230253381185,86.66725444584588,84.71885211058064,85.29253655532322,85.58840195492573,85.75417113477376,84.73308502129471
3053_5,1543,80.9,85.8,86.03664349505584,86.34671441666066,86.44628910629304,86.57241420144068,86.61928001494425,84.30120466621061,85.51235179978403,85.85858441231619,85.42532224734232,85.86302511077147
3055_1,1692,78.8,85.2,86.5539634337896,85.68394538644378,86.40805995644472,85.44466077297095,84.9424421057696,84.46819836665841,84.92370667230286,84.11488877280017,87.82372114862262,85.32668116620833
3055_2,1692,78.5,85.2,86.8682174162119,85.74132090962684,86.6919312661602,85.34446138526192,84.54659641158635,84.5483213362858,84.46504388077449,85.77900363998708,87.59669112990794,84.80764627582836
3055_3,1692,80.5,85.2,86.378440322275,85.09588174985187,86.30695085635331,84.83032095854638,85.44817170727117,84.71466860216955,84.91423930608298,84.72682272757801,87.84138233421481,84.72391092728839
3055_4,1692,79.3,85.2,86.71547968038612,85.25387170168715,86.49181683686507,84.8717857076695,84.80976164333343,84.61890724269101,84.71156672084653,84.06888415089142,87.80781685400999,84.77626352287172
3055_5,1692,78.3,85.2,86.62540867869507,85.68946752053989,86.64917044293115,85.45295579094312,84.50673301253666,84.72047388902709,84.19983448688743,84.1950964984187,86.61451104819427,84.67550559304922
3065_1,675,89.2,85.1,86.77350984343857,85.72153089896665,87.70330078345296,86.59330949385728,85.43165942375421,86.12936724161644,85.89495122999773,83.91604364628557,85.74959306334966,84.16568348139153
3065_2,675,89.4,85.1,86.95865139583958,85.60863561353057,87.74488123002723,86.4192557027897,84.68823285588522,85.54326273621945,86.53115462786988,82.96720503572597,85.80712348818626,84.70487500024313
3065_3,675,88.9,85.1,86.44617674161182,85.2794261359027,87.6386624147229,86.46278117312305,85.3905606053662,85.57382710229632,86.00490858681485,83.43777975767314,85.38188851509122,84.6778108313693
3065_4,675,89.3,85.1,87.10429682872079,85.83736241248936,88.06405746639324,86.8298899282025,85.69290354425493,85.68620966603223,86.31435617212692,83.38957197406272,85.52000981686817,85.41968884521535
3065_5,675,89.1,85.1,86.95274315479686,85.36165102267748,87.77584915613075,86.2909397569918,84.48736961987039,85.3997336286695,85.68603463387436,83.01452191752567,85.77674748635648,84.36786507747284
3132_1,1002,92.4,85.1,87.1173218092608,85.45494530759798,88.02710728127069,85.25749572573972,84.20269684950387,85.32137202875106,86.22802454493298,84.25645976098242,85.81834654696995,84.1534478751512
3132_2,1002,92.2,85.1,87.37401752653413,86.74801234659331,88.4100324580468,86.53245291406861,83.80083831747619,86.83858128956413,86.5882193802064,84.39557233715287,85.88785644986159,85.64481607907801
3132_3,1002,92.1,85.1,87.33626804710092,86.57114257594424,88.46434535329954,86.47949947937367,83.81022749986613,86.77959597872447,86.32826353038669,85.11765150612649,85.80547074120796,84.282226291549
3132_4,1002,91.8,85.1,87.66961448486772,86.49257750183725,88.86200525586587,86.87812296931028,84.86198567312226,86.84378105481456,86.56417224297925,85.1828927107592,85.86028465492888,84.18046333533654
3132_5,1002,91.9,85.1,87.55248618658148,86.67092468381341,88.62424856357265,86.26205203255061,83.87905789468438,86.40424812067114,86.78714765683014,85.36277239538113,85.8285514791151,84.229767992426
3140_1,1737,84.9,85.8,83.47987404827224,85.71320543625934,83.13117886252535,85.33915549036003,84.13430635310284,85.59640799712489,85.80372369595007,85.69821828593135,82.59069633047035,84.75245817367168
3140_2,1737,84.5,85.8,84.01840957449366,86.01351938157651,83.52364973499326,85.09811138819761,85.23897649735306,84.8113086969831,85.83594252119077,85.7022026366457,83.47286938720569,85.53472873844085
3140_3,1737,85.8,85.8,84.9228293347899,87.04677007165452,84.46014302827385,86.37341915466142,84.9282511395682,85.47938971905918,85.81652578035788,86.67497242995123,83.60021032203255,85.05667697962221
3140_4,1737,84.3,85.8,83.7484884933993,85.30364057654022,83.241552697402,85.22909300529547,83.73842065570832,84.06016765434948,85.73197191445162,86.12246882332576,83.43783151370832,84.53108750962927
3140_5,1737,84.4,85.8,83.42201194685134,85.10120066265723,83.09960223666177,85.32212459539646,85.58593597029883,84.82260985778308,85.31296191435925,85.98318068800543,82.80634475232863,84.40459319183957
3172_1,1756,78.3,85.1,84.49001248955639,86.29947381610084,85.58447128094473,87.25875764744421,85.29561955713582,85.50330174275153,86.59754382151866,85.04421726926797,83.5086691424706,84.41622325662323
3172_2,1756,79.2,85.1,84.71483430310485,84.98516449585935,85.92630022435397,86.8619648881343,86.45234457206658,85.53546342519229,85.8889491272632,85.20850296262688,83.98582166645508,83.3065684030939
3172_3,1756,78.2,85.1,84.26706396321819,86.21235384264322,85.67966171784275,87.39063488767724,86.63801035018895,85.88190887365695,86.22146037016613,85.08710064200032,82.97495185352614,84.87220876030305
3172_4,1756,78.8,85.1,85.00015694404635,85.86920040561297,85.78503746400617,87.0787115447133,86.58058411211128,85.54491755809627,85.85808135122956,86.18423422417435,82.96520358258138,83.45266012949712
3172_5,1756,77.4,85.1,84.21081745635831,85.14615827576743,85.33783557480413,86.99232572533434,86.59116898094074,85.54917698795059,85.79002206174316,85.44567813387664,82.82734862829696,83.41077771968467
3222_1,572,77.8,85.8,81.51669876648282,81.34366592859071,81.9076031968379,82.51786318898382,82.03662136844711,86.76381782413178,82.92526582376986,84.13580474246625,85.16234087043692,85.86866095212876
3222_2,572,77.1,85.8,81.86002551920276,81.82677816941022,81.99856594149522,82.6236026141171,82.19170079147564,85.56324790470508,82.92526582376986,85.53513389288057,85.24939552443038,85.42042602971611
3222_3,572,77.9,85.8,82.31148401433241,82.49997330700839,82.03691945363666,82.66262984232957,82.0967746620036,85.5759664839377,82.92526582376986,84.90565993616035,85.2459097969442,85.79801817443666
3222_4,572,77.2,85.8,82.08029871600938,82.20317997583678,82.18758179544193,82.72300819618921,82.03662136844711,87.37686373344278,82.92526582376986,84.93233833104927,84.38643687691489,85.60328919504666
3222_5,572,78.1,85.8,82.13087885882949,82.50670472616363,82.031899513825,82.70351803857776,82.19891531058418,86.36317767584646,82.92526582376986,84.95568178893123,84.35868815450075,85.8570320843191
3228_1,1706,90.6,85.0,84.67782856259274,83.33717862707122,84.47924897970576,84.11084644945063,84.0048954786357,84.14301845354215,84.01062873909896,84.59187239112694,85.42169067721657,84.13672354249447
3228_2,1706,91.1,85.0,84.85558890558809,83.27155002422361,84.48380375644494,84.01528116891546,84.00940893407534,84.73725672550995,83.35538773816599,84.54581570826957,85.94722508096224,83.8403362707065
3228_3,1706,92.0,85.0,84.55716872221254,83.34089393783488,84.54855010138894,84.11489773723794,83.98806661019431,85.08766294451391,83.10431295926551,84.54902378130063,85.40209960770142,84.08548308135434
3228_4,1706,90.6,85.0,84.709864301428,83.71760734883901,84.47191404872953,84.13467453212105,84.67671093543811,84.15332973559345,84.06025270784926,84.66217416645169,85.30923044752208,84.37662308032422
3228_5,1706,90.8,85.0,84.30269163803062,83.50939769536134,84.72237516287397,84.49483141346644,83.93231570242138,84.72935833192818,83.42249480442348,83.64326631844872,85.53454735454669,84.5194077485199
3232_1,1659,82.8,85.1,84.06566481986893,83.2965888537091,84.20884850958083,83.74299529948499,85.2470985977172,85.46305560902773,82.91671050308857,84.8974189294308,86.01901829368911,85.84259320255276
3232_2,1659,83.4,85.1,84.65105268584992,84.62348295981307,84.25443478058497,84.13495326373142,84.97327936172378,84.67587501178164,83.12390972252666,84.55331685642636,86.12767185016358,85.40934563734076
3232_3,1659,83.3,85.1,84.04084566766808,83.87593529521907,84.86319777439617,84.94736831925466,86.33513837593178,84.53769455974023,82.10938395979544,84.98926522549978,86.05436849824997,84.78853014943012
3232_4,1659,82.9,85.1,84.13739312564759,83.85645792833311,84.86528235323428,84.59053879978289,86.24921786285803,84.4159193648761,83.05182714034594,84.96158251415362,86.08644739754472,85.69870364054206
3232_5,1659,82.8,85.1,84.69033953217635,84.64230662927564,83.86085881096656,84.0792702408987,84.67799929763787,83.84850637812798,82.7831816502454,84.53971886420752,86.0537262999951,85.75161920285545
3233_1,1724,85.7,85.1,83.51894562606368,85.73254446532422,84.13090917114742,87.43183700470372,85.94031214472702,86.57948171877709,85.59186962098386,84.07441521126356,81.97821662357073,86.09363504211501
3233_2,1724,86.5,85.1,84.69918812158411,87.24523933928748,85.45444340163857,88.25532693789035,86.03975776144502,85.72424932476068,86.611283486722,85.230094242649,82.04615322806761,86.21534818736127
3233_3,1724,85.1,85.1,84.01741239798245,85.22148816952998,84.3246584486414,86.83353530419905,85.39087276484251,86.48022501687916,85.01557371191691,84.28419367899079,82.55393201110321,85.99535980657784
3233_4,1724,86.1,85.1,83.78122646862434,85.38117354841661,84.41981479451775,87.11002615943737,85.00080995101509,86.8229358471889,84.92387979826532,84.52227014171746,82.24451391092568,85.93860068553212
3233_5,1724,85.8,85.1,83.50766733279112,85.37535653843571,83.76143987699112,86.3782802731438,84.94930114023894,85.63992086165061,84.68236060197918,85.16141416567683,82.02771961008715,85.17791249537805
3247_1,1605,83.1,85.8,85.07196673608152,85.81998334844037,86.39972057800784,87.4051729953937,85.26984125925783,86.77526329703817,85.51885637498273,83.3861369207826,85.10067235209077,85.52671481345541
3247_2,1605,84.7,85.8,84.64834748083572,86.04879320774243,86.33881114761014,88.04734198790679,84.83021924317252,85.96622220371943,86.59564803197387,83.7052624843171,84.47864961391058,84.64017718796592
3247_3,1605,82.1,85.8,84.62487176838818,85.62926500996181,85.86099599422957,87.18382375813596,84.95340118386295,86.69330725829398,85.59958973518016,83.90162601675625,84.57883349657388,84.6585898392205
3247_4,1605,84.6,85.8,84.96412590314127,85.61433891906061,86.6186253742574,87.60404526231292,85.40847470909092,86.2975609652607,85.80194104940655,84.19687319812569,85.0725747321101,84.62368029205679
3247_5,1605,83.3,85.8,84.6149989204306,86.13258306887577,86.27806725261259,87.4731085909527,85.46974792573288,86.99260757518392,85.83143638934158,83.39943179786563,85.1122590350951,86.05015762890396
3248_1,1691,89.8,85.1,83.6729108941993,84.47573323642614,84.9516753032828,86.32970971211294,85.769971282925,85.2738946628907,84.40940986502132,83.95375948427498,83.63839864419137,84.4350627550424
3248_2,1691,90.6,85.1,83.75330291354537,84.43803514877398,85.10984821953527,86.35153527917988,85.76394637066933,86.10127651817865,83.95522385792069,83.92055184231003,83.95809388653716,85.124604004251
3248_3,1691,91.1,85.1,85.6619865752803,84.78606666732215,86.92899386462578,86.32746064395853,85.69290354425493,86.09209713885971,84.80531739241519,84.89321411714523,85.71298913843049,84.80796004004692
3248_4,1691,91.4,85.1,84.00267394737726,84.97101654390798,84.89296086003952,86.14400115166565,85.60648358253407,85.34191066228112,84.04133840777807,84.98697605734773,83.4325679713405,84.67386393495794
3248_5,1691,90.5,85.1,83.80649674703947,85.00799238045151,84.92370072291502,86.15023232916364,85.76376188898561,85.52536304994874,84.47612382517781,84.63853609453894,83.37403101681426,85.35390734549472
3250_1,782,90.0,85.1,85.5577756139759,84.72022109914047,86.07693106645429,85.61878748988241,86.07478141499566,85.85253981454204,86.56417224297925,84.47824448759991,84.92312461651126,83.81902833890175
3250_2,782,90.4,85.1,85.33704005308148,84.93339505579998,86.16596802874074,85.85889567007385,86.3153464215706,85.92426217856331,86.73832359754289,84.49437310457625,84.69410789238215,83.74622027527536
3250_3,782,89.5,85.1,85.16453704090375,85.11406497793226,85.68299599522031,85.87478748992174,85.96439161037834,85.48129364161122,86.49187139491248,84.91701453306821,84.11447690957974,83.9950166849392
3250_4,782,89.2,85.1,85.16506469978145,85.06362290206225,85.7963170298323,86.03217140614214,86.03486498720112,85.6013944725687,86.84395831551515,84.08011421804858,84.05510416989102,84.33100038363541
3252_1,870,80.8,85.8,85.28686676609952,83.37329937596597,87.52427132877683,87.19170219496155,85.21084608080149,86.78642428706598,84.39571305817607,84.12087188232648,86.3374484712107,85.30134305532867
3252_2,870,80.8,85.8,85.24082093919503,83.55946276366294,87.59635493998002,87.34938239279525,84.72940720738346,86.99975333373573,85.11051330259465,83.38654623009191,85.83103462679948,85.5756373037955
3252_3,870,80.8,85.8,85.5850273896057,83.68874726049155,87.91098942981273,87.54473745052478,84.56730500267142,87.33549954308448,85.25062271040686,84.40248025050587,85.97848924646956,85.89886132631861
3252_4,870,83.3,85.8,86.02458291318925,84.1213871300604,88.1035664666103,87.63416017641548,85.02852546336256,86.42642542598901,84.85796452565135,83.69093505574568,86.04039216517661,85.80771538761029
3252_5,870,81.2,85.8,86.35293259330163,84.06966322304827,87.85584545857301,87.47663127440242,86.10282367662997,84.8580045260783,85.17925653656457,84.35916935583798,86.41885988359752,85.01067524878168
