session,modelname_new,body_mass_kg,height_m,rta_mass_kg,rta_length_m,rta_depth_radius_m,rta_shoulder_radius_m,rta_ixx_kg_m2,rta_iyy_kg_m2,rta_izz_kg_m2,rta_izz_frame_mean_kg_m2,rta_izz_frame_sd_kg_m2,rta_izz_frame_range_kg_m2,rta_izz_max_frame_deviation_pct,rta_izz_mean_coordinate_difference_pct,max_static_marker_spread_m,izz_pred_constant_kz_loocv,izz_ape_constant_kz_loocv_pct,izz_pred_mass_height_sq_loocv,izz_ape_mass_height_sq_loocv_pct,izz_pred_mass_power_loocv,izz_ape_mass_power_loocv_pct,izz_pred_mass_height_power_loocv,izz_ape_mass_height_power_loocv_pct,izz_pred_mass_height_both_power_loocv,izz_ape_mass_height_both_power_loocv_pct
1031,000750_001031_model.c3d,110.6784,1.9304,39.290831999999995,0.27416169923453154,0.08499162356031806,0.1449742885983876,0.3170618399681747,0.4525559625359183,0.27740427957699343,0.27740429758477875,2.9284632267272585e-05,0.00010283103972513752,0.02435842029378234,-6.4915311854319906e-06,0.00030399140996033926,0.2753812742853154,0.7292624665931129,0.2951787112051455,6.40741074912609,0.3043859885499915,9.726493410318604,0.2756042677827598,0.6488767213607536,0.3038061336444332,9.517464585513705
1097,000774_001097_model.c3d,101.1528,1.9304,35.909244,0.2648652474130138,0.08570806935947844,0.16215682530290595,0.2758764140540489,0.44598714658708705,0.30200310826101145,0.30200392843599116,0.0005892001034217961,0.001701137116606799,0.28816607476116657,-0.00027157832395586644,0.0011727936920390425,0.25108254724413925,16.86093938240636,0.26903430515988,10.916709861355985,0.2621966228253005,13.180819781930033,0.2509186867169206,16.915197276691693,0.2608274470955625,13.634184562717207
1170,000653_001170_model.c3d,82.1016,1.9304,29.146068,0.23973639696308963,0.07972131368837827,0.14968090100367765,0.18590334579761839,0.30284381385524367,0.20955920867262676,0.20955921387243787,1.2644050843323449e-05,4.036367514503869e-05,0.014088976443559179,-2.4813088111970285e-06,0.00011223440512034977,0.20425791588842773,2.529735065224788,0.2188279482240133,4.4229693412643885,0.1887922328397968,9.909836921207372,0.20436247856694853,2.4798385805114176,0.18625118607949573,11.12240437476685
1250,000738_001250_model.c3d,78.4728,1.7526,27.857844,0.2369445944537094,0.07793742785253804,0.14796672950406234,0.17263846911834616,0.2828156179823678,0.194784801087989,0.19478507347220197,2.2014078827728165e-05,7.051737795676916e-05,0.018948167531687023,-0.00013983853536886785,0.0005431777545224438,0.19527453464639294,0.25142288087595804,0.1722034221313615,11.592988174897156,0.17562805310891777,9.834826881804641,0.1847912549788798,5.130557442515696,0.17657296410362233,9.349721786629518
1313,000789_001313_model.c3d,84.3696,1.8288,29.951208,0.23877113985472265,0.07215514019927959,0.1410771382856476,0.18128155836814533,0.2913252519183958,0.18801214294549778,0.18801214635067504,1.3121036612019316e-05,3.917823224100503e-05,0.013840165817024453,-1.8111475130987704e-06,0.00015365252553293255,0.21013336038388727,11.765845062891568,0.20185499914999558,7.362745824619771,0.19758350607775813,5.090821785396569,0.20399963057669004,8.503433544623135,0.19765601698110657,5.129388923780535
1346,000894_001346_model.c3d,72.1224,1.8288,25.603451999999997,0.236941753012021,0.07898580117742,0.13733172810256214,0.1597178853793034,0.24050475675363547,0.16065372635032574,0.16065378055500046,3.049475634036907e-05,0.0001009948994621368,0.04041698321858931,-3.3740066883196835e-05,0.0006326992401597063,0.17958679426950322,11.785016351187235,0.17252851017763957,7.391539615719441,0.1537816509181189,4.277569894159443,0.17438757994048518,8.54873018022068,0.15309603814579872,4.704334207627727
1370,000905_001370_model.c3d,104.328,1.905,37.03644,0.24420390783748636,0.0888663906595135,0.1442707204216206,0.25717873930339646,0.3767768611850759,0.2658408642041758,0.2658409690458813,0.00010688995357339584,0.0004081752446337683,0.11395006598268938,-3.943776883125756e-05,0.000375993794120339,0.2595262789679992,2.375325274043188,0.27076264772609066,1.8514021674766834,0.2764195747085433,3.9793394954669705,0.2577734202516533,3.0346891839496926,0.2760993553924934,3.858884230995695
1371,000906_001371_model.c3d,99.3384,1.8034,35.265131999999994,0.25506852930870744,0.085438841965839,0.16031191437218248,0.25555272224722575,0.4177733360305593,0.29093474354039534,0.29093475844519745,2.520074690621053e-05,8.009455976448754e-05,0.020665932351200584,-5.123073969567433e-06,0.00019941648469539358,0.24666861416377722,15.215140288142281,0.23035864804524397,20.8211967941672,0.2549622266697352,12.364462364621447,0.23739349166782087,18.403182521629784,0.2564710465713958,11.845851255030448
1393,000919_001393_model.c3d,88.9056,1.6764,31.561488,0.20625169495567092,0.08738979151740979,0.1369264336790515,0.17214342705187313,0.2598202353136843,0.20819396610948446,0.20819398113792503,1.9136975954459556e-05,5.5131430767851874e-05,0.01364341139842717,-7.218480370090732e-06,0.0004835786169096865,0.2213566051634803,6.322296126043302,0.1784519856520794,14.285707224466067,0.21454113204510955,3.048679101625483,0.20420532364400443,1.9158300021925196,0.21929805120759374,5.333528778768689
1394,000920_001394_model.c3d,94.3488,1.905,33.493824,0.2502727928938579,0.07813506421011254,0.15287909610279588,0.225948598835747,0.37053247548718765,0.2468252524791298,0.2468252639654458,1.1125028080070247e-05,3.104049940835796e-05,0.0063859254007075155,-4.653622712456072e-06,0.0001586351094070499,0.23464653444391587,4.934145883733549,0.2447763886679584,0.8300867883623994,0.23545065014993433,4.608362481127102,0.23302109729675444,5.5926835053243,0.23446134509021918,5.009174411745423
1403,000927_001403_model.c3d,70.308,1.778,24.95934,0.24894975711967407,0.07577509654407023,0.13734916234665046,0.1647349247778135,0.24661982485507072,0.15354148365988693,0.15354148834995995,3.863016605386943e-05,0.0001150374417703548,0.04716452524845631,-3.0545966553135625e-06,0.0002190764230691563,0.17508144963661088,14.028759826521927,0.15893740242316615,3.514306775380544,0.14769626895180127,3.8069286350218703,0.16747358480638977,9.073835171063047,0.14775718669123586,3.767253533555786
1561,000949_001561_model.c3d,118.3896,1.9304,42.028307999999996,0.30366217115779276,0.09073822988307563,0.1472848077334344,0.40946426951036746,0.5508830979818373,0.31443731799679336,0.31443736664063326,8.958597342371474e-05,0.00033297161425610566,0.07359785058498047,-1.547012301543958e-05,0.0004078129229357542,0.29426020004171605,6.416896723207353,0.31544266568162205,0.3197291247850346,0.33895413921236794,7.797045647051538,0.294431374864792,6.3624582665488205,0.3389513852842169,7.796169819662929
1562,000874_001562_model.c3d,95.7096,1.8542,33.976907999999995,0.2570624526871854,0.07989042411292681,0.15414668052789743,0.24131686703790386,0.3889356533406813,0.25604725189429317,0.25604731460557884,9.919364566550847e-05,0.00024184587646702838,0.04808593082634907,-2.449207527142838e-05,0.0002882424542317098,0.23796406955926444,7.062439530690301,0.23503734982202396,8.205478448541587,0.24077829470819137,5.963335701960767,0.23279341117682903,9.08185522220105,0.2411089758877722,5.834187204121259
1574,000952_001574_model.c3d,87.0912,1.9304,30.917375999999997,0.2841940786053043,0.0774547244686866,0.15284050336337954,0.2544602518945278,0.388649278111114,0.2269293181564905,0.2269293278640462,5.127521192261465e-05,0.00013708073059123804,0.0320475369752383,-4.277788248161212e-06,0.0002165361045052773,0.21662307445456572,4.54160960146084,0.23208946003182454,2.2738982857100902,0.20739794211853968,8.606810348093491,0.21668412790613364,4.514705430565731,0.2052175760255583,9.567623217357836
1581,000956_001581_model.c3d,94.8024,1.7018,33.654852,0.2613936741849459,0.09027255693828769,0.15504971584216193,0.2601914284471359,0.3938960962787654,0.270833626203182,0.27083364546987804,1.204408551788711e-05,4.38271763870679e-05,0.009125348021921031,-7.113849297989079e-06,0.00010857200731761032,0.23552462058094098,13.037157208740352,0.19573848645344283,27.727406231825174,0.23699036651239458,12.49595929620567,0.21719672218661273,19.80437391342623,0.23898574542355216,11.759204802633063
1601,000628_001601_model.c3d,103.8744,1.8542,36.875412,0.2572049240311014,0.0939386864938981,0.1470626224141756,0.28464070110562706,0.4026691053359059,0.2807315134449205,0.2807315314595999,7.581723268906579e-05,0.0001830947193532384,0.03317310264666431,-6.417049227500716e-06,0.00025473083154022784,0.25818818886607364,8.030208045478242,0.25500729516786014,9.163281300838864,0.2740564718713794,2.3777314814536274,0.2526265613760398,10.01132780712732,0.2750767132887079,2.0143090053628874
1603,000884_001603_model.c3d,91.1736,1.7526,32.366628,0.26591299737374635,0.08412834767123353,0.1464605420155167,0.24798894683053507,0.3642912349946654,0.23084096956955658,0.23084103070921358,0.00010173812934885747,0.00029005843068349857,0.06884879265297715,-2.6485617833711954e-05,0.00022119998574358297,0.22683551367240903,1.7351581500530067,0.1999855451566281,13.366528684428866,0.2231040886333183,3.35160649804281,0.2145696492309619,7.048714259403526,0.2253020665200119,2.3994454103502254
1612,000625_001612_model.c3d,91.1736,1.8034,32.366628,0.2549394940113358,0.08222393253848939,0.14715953569619994,0.23000931743776054,0.3505357934693107,0.22993822206845402,0.22993823633741928,2.767827860170304e-05,7.892507294951501e-05,0.020625832427020884,-6.205564751695972e-06,0.0006742195593350619,0.22684460701172754,1.345411401765771,0.211843394381941,7.869430112026386,0.22311300618038618,2.9682824485073773,0.21836144790036358,5.0347324007071625,0.2242298907612046,2.482549989253212
1615,000830_001615_model.c3d,87.5448,1.778,31.078403999999995,0.2083604696442166,0.08143144578313462,0.1566539111072282,0.16395755549473415,0.30310619515432086,0.2421903368880905,0.24219035907998493,4.5182882956513224e-05,0.00012546151757117374,0.027034967463076577,-9.162997466514602e-06,0.00024779177985734675,0.21761967483203065,10.145186786462613,0.19753000405163665,18.440179492830122,0.20898296831298596,13.711268996850501,0.20749259434076484,14.32664200940376,0.2100587697409907,13.267072320043438
1620,000967_001620_model.c3d,92.0808,1.8542,32.688683999999995,0.2439251646445374,0.08016278299103799,0.13926585057502763,0.2145949486087995,0.32057906088959437,0.21101402711847725,0.2110140516827041,0.00010612553576077452,0.00026926985588490715,0.07021467787692943,-1.1641039784172197e-05,0.0002111537556222934,0.22931912392792084,8.674824635788736,0.22649747202739706,7.337637748710602,0.22686860179754512,7.5135169427225135,0.22431814614347464,6.304850538456186,0.22693671565882148,7.545796247660911
1623,000970_001623_model.c3d,81.648,1.7526,28.985039999999998,0.2617534457198362,0.07324356835230494,0.14301119114467217,0.20436561200111134,0.3136941429854717,0.18707539804667123,0.18707540978892495,1.585372248001253e-05,4.678499143753734e-05,0.013631912089585507,-6.276749293342028e-06,0.00018611764812674958,0.20330182377619954,8.673735776566502,0.17925793042544688,4.178779092734608,0.18749171335993817,0.22253878255177037,0.19273931698702665,3.027612930131197,0.18890024892913843,0.9754627821301971
1665,000616_001665_model.c3d,106.596,2.032,37.84158,0.28468925729998434,0.08502992890356077,0.14979180293236785,0.3239814428980465,0.4678503564977355,0.2806679056426482,0.2806679666648674,7.614900560244446e-05,0.00019469955712497766,0.05139397909818442,-2.17417873364866e-05,0.00046636375972312395,0.265039358615483,5.568341343261304,0.31535068506700764,12.357230280728363,0.285836275952446,1.8414539767073492,0.27273638555164303,2.825944802218939,0.28227188215792876,0.57148554680946
1668,000986_001668_model.c3d,81.648,1.8542,28.985039999999998,0.24257490630215867,0.07886617510444945,0.15776204028454552,0.18720037816125382,0.3224807175457022,0.22542198157638527,0.22542200006983554,6.410876847815176e-05,0.00019078800231592252,0.04241579993072394,-8.20392498630193e-06,0.00014209892336639724,0.2029926723980244,9.949921042088164,0.2005035250668712,11.05413781533561,0.1868482405970594,17.111792164001972,0.19852822573714682,11.930405212113431,0.1861786248746508,17.40884204251246
1688,000511_001688_model.c3d,106.596,1.9812,37.84158,0.28992679456398607,0.08455682419212847,0.15542746552954598,0.3327129967954518,0.4936138862445764,0.2961818231460886,0.29618191939737876,8.280667239707265e-05,0.0002608947701163711,0.05470436517021393,-3.2497365685016025e-05,0.00046211104371561784,0.26482495588603056,10.587032967445674,0.29919834658442607,1.018470143203083,0.2853134247386792,3.66950216321974,0.2683231030661496,9.40595198720145,0.28285407084573305,4.499854906282271
1717,000922_001717_model.c3d,103.4208,1.9304,36.714383999999995,0.24039138490429363,0.08193977124700688,0.17189006073591398,0.23843054116759801,0.44799685879197626,0.3328188197747926,0.3328188728334431,6.482364596916893e-05,0.00016664356211337772,0.02948897119043123,-1.5942202580109074e-05,0.0003036029280097061,0.2563703066370333,22.97000908466939,0.27468457505166405,17.467234804349722,0.2709233392552406,18.59734992192888,0.25612271481456966,23.044401459064314,0.2696628977082788,18.976066951156586
1718,001000_001718_model.c3d,97.524,1.905,34.62102,0.22156887421127386,0.08225716066329947,0.16836468379655553,0.20020033959973105,0.38698443197117965,0.3039111658696074,0.3039111814095273,1.528722018379761e-05,4.537284655503626e-05,0.009479784483240479,-5.113309939258331e-06,0.0002651598180696115,0.24197098564322922,20.381014974933017,0.25239787517202694,16.95011453435119,0.2474591100108819,18.575183210920983,0.24020649654056106,20.961608681524634,0.24658127553779033,18.86402895654528
1729,001003_001729_model.c3d,105.6888,2.0066,37.519524,0.2917752133221504,0.08793993483725794,0.14141487986689114,0.3387171064284049,0.4537588716233454,0.26011911156913015,0.2601191456205358,5.8722875676809565e-05,0.00015495075650456824,0.033014129246420186,-1.3090697347919698e-05,0.00019289344394814504,0.2630339952033596,1.1205957211855277,0.30506218815238423,17.277883317431623,0.28254911585336223,8.622974355450623,0.26952308961200916,3.615258404563549,0.28011286423112136,7.68638357304154
1759,001017_001759_model.c3d,79.38,1.8034,28.179899999999996,0.24276541289806214,0.07963849819417236,0.15046941086649065,0.18307991846529525,0.29790422737419886,0.2041868634546247,0.20418688755529527,4.1623311559992863e-05,0.00011785340964065583,0.03527555152401139,-1.1803242462610297e-05,0.000159450976111732,0.1974776663033756,3.285812337648276,0.18444767698631065,9.667216653582896,0.1787693788962195,12.448148783113849,0.1900604808132246,6.91836017381173,0.17898172622139938,12.344152217621245
1778,000610_001778_model.c3d,88.452,1.8034,31.40046,0.24182482356692397,0.09044056638625186,0.1330795640939236,0.2172329181758085,0.2920498077029837,0.203236858769043,0.20323686513356282,2.526459435851285e-05,9.111480833370877e-05,0.033465785814345755,-3.131577542763034e-06,0.00020847575872462006,0.22026286278590185,8.377419391335454,0.20569319353411553,1.2086069327925897,0.2128512595549832,4.7306383518089925,0.2121336178373649,4.377532265656657,0.21381467525656964,5.204674266072576
1779,000560_001779_model.c3d,103.4208,2.0066,36.714383999999995,0.2523859126397268,0.08497730912188312,0.133721715104736,0.2611680095205258,0.35901509233257184,0.23040699252666175,0.23040702090823711,4.714969471851544e-05,0.00015254889041582675,0.04055041792533556,-1.2318018240865659e-05,0.000100914915032611,0.25770149901132783,11.846214468299035,0.29890447118270086,29.72890618678288,0.27352949834586715,18.71579735767587,0.2651999801014741,15.100664781597834,0.27180505721481046,17.96736472021712
1782,001027_001782_model.c3d,97.524,1.8288,34.62102,0.2636821795644819,0.08643380416189339,0.14461653908746538,0.2652567325136986,0.38161054479415046,0.2456772136975569,0.24567722806045686,2.2865223223039878e-05,8.232060069698899e-05,0.024713087023094913,-5.846248309537987e-06,0.00017938445406070583,0.24264310941390188,1.2349962123024507,0.23306724077268212,5.13274012477136,0.248262981415003,1.0525061231886663,0.23548532592565827,4.148487203394228,0.24940133137724127,1.515857992540151
1783,000890_001783_model.c3d,90.2664,1.8034,32.044572,0.26617862692218197,0.09243205086254293,0.13942462686301316,0.2576440027573353,0.3449297521818393,0.22417509839321356,0.22417510730087614,4.198926380389404e-05,0.0001298883337032264,0.03976617192631062,-3.973529015317667e-06,0.0002486834143050511,0.22462236289206042,0.1995156919981954,0.2097686269138525,6.426437005100108,0.2196386435271119,2.0236212222574808,0.2162376232607042,3.5407479195511105,0.220690940945852,1.5542125206298238
1808,000538_001808_model.c3d,98.4312,1.8288,34.943076,0.28833629903324565,0.09703848751271744,0.14807244246384335,0.32435102388755715,0.43362658497738055,0.2737957406041619,0.27379575010939877,4.5409451608223336e-05,0.0001448755600279572,0.03824526323100902,-3.4716525737029403e-06,0.00014303694891038942,0.2445957945678738,10.664864972645315,0.23495168428437632,14.187239083439241,0.25153336248298086,8.13101696617213,0.2374146024698941,13.28769324679362,0.25262684161965343,7.731639264291274
1826,000283_001826_model.c3d,91.1736,1.905,32.366628,0.21504249918453783,0.08733461649446125,0.13826577125610853,0.18644602444992128,0.27941987757232106,0.21640941426601548,0.21640944590351152,6.871079408102031e-05,0.00022189685111065338,0.057982452009583324,-1.461927899344412e-05,0.00024106349641976797,0.22698088214931755,4.884939002841797,0.23678329752345229,9.414508757180384,0.22325105533661668,3.16143412420649,0.2255210956472195,4.210390482367709,0.22217675920449934,2.665015733277897
1830,001062_001830_model.c3d,84.3696,1.6764,29.951208,0.22032233415288793,0.0782746913300957,0.13904185020892953,0.16703467433721794,0.2659164071514486,0.1906361698380774,0.1906361926507244,3.0467526531965145e-05,0.00010218925537638923,0.027000344630488064,-1.1966589033466548e-05,0.0002725743876040792,0.21011075920748776,10.215579439070604,0.16940373409898662,11.137674323359095,0.19754563823620896,3.624426783228137,0.19434501549070018,1.945509950065089,0.2015608356447694,5.730636434823038
1845,001068_001845_model.c3d,92.5344,1.905,32.849712,0.23957392026265942,0.08831990339588812,0.12520564438733556,0.22117951789731669,0.2858609954373186,0.19280201192311774,0.192802831711613,0.000507777232965665,0.0014841706731130166,0.38577882133837427,-0.0004251970646350032,0.0007587776348713326,0.23065045389914265,19.630729782590368,0.24062819447447403,24.80585242566223,0.22887832491652854,18.71158533749984,0.22935301123451826,18.957789364758128,0.22802673499661444,18.26989393012299
2653,001466_002653_model.c3d,77.112,1.905,27.37476,0.2569564018617569,0.0763375612700585,0.1500413120036688,0.19050292180711761,0.3046896981562884,0.19394893293866233,0.19394900020279804,9.258204370404448e-05,0.00023760849241680204,0.07561966348480556,-3.4681364154276634e-05,0.0003646149019448071,0.1918698846702813,1.0719565387031817,0.20012515958128907,3.184460233447126,0.17064110545865466,12.01750745768678,0.1905668987716689,1.743775598942334,0.168403095012513,13.171424838015678
2655,001005_002655_model.c3d,94.3488,1.8034,33.493824,0.2646760648775244,0.08078474986006183,0.15296000801299925,0.25017638743211296,0.39144151576545955,0.25055842031915415,0.2505584385628314,1.4086405805322553e-05,5.573675201508976e-05,0.011318468588397003,-7.28120699848603e-06,0.0001932930630509268,0.23460623683384388,6.366652322037646,0.21909027383018675,12.559205333783702,0.23540891818153414,6.0462953583132455,0.22579446371297648,9.88350604008201,0.2367370345737246,5.5162327922662735
2730,000976_002730_model.c3d,89.8128,1.8796,31.883543999999997,0.2928685954703633,0.07841360545559176,0.15383523653688363,0.27690351752802966,0.41652623146776624,0.23764378414214554,0.23764380121159157,2.982594537780765e-05,9.007796486504294e-05,0.019239947788960897,-7.18278665900222e-06,0.00025789800053976783,0.22335094483747603,6.014396444773122,0.22674933384915852,4.5843615612813835,0.2177517885255466,8.370509537375751,0.22014781086886076,7.362268420544779,0.2170756820854218,8.655013692435155
2734,000359_002734_model.c3d,87.9984,1.8288,31.239432,0.2742997128614812,0.07618231494457706,0.1381149269966963,0.24119852934958483,0.34485087060889247,0.19430519161881243,0.19430520584425978,2.0790270323607197e-05,6.248930655688989e-05,0.018921068906930686,-7.321187472832561e-06,0.0003226889055629606,0.2192056479863788,12.815126636665491,0.2105626175502803,8.366953963516146,0.2112140760372975,8.702229867155008,0.2127955069320995,9.516120057955701,0.21155448205457342,8.877421283524225
2742,000581_002742_model.c3d,99.792,1.905,35.426159999999996,0.2758987376158379,0.08701004890159902,0.13196834280796804,0.29177091432354707,0.3789626197447124,0.2212929812074804,0.2212929944657745,4.035829335822543e-05,0.00013186866051728696,0.043966056814573565,-5.991285412279136e-06,0.00021788309581156397,0.24864820889362035,12.361543297431645,0.2594199625904942,17.22918692449022,0.2581330743852564,16.647655509342787,0.24710109000859556,11.662416340678218,0.2575603666066993,16.388854811990278
2753,001552_002753_model.c3d,84.3696,1.8542,29.951208,0.27173964642379056,0.07520256424406359,0.12605423750432992,0.22665255288813355,0.3032845539954783,0.16132541637596437,0.16132543806462604,4.2629854603078016e-05,0.00012287841588554116,0.04102901096247768,-1.3444045060845451e-05,0.0002694221199143378,0.21036321756120094,30.396822947572836,0.20777666043616527,28.79350638212368,0.19800223188657062,22.734678970319198,0.20590971014613496,27.6362490001378,0.19761424349529827,22.4941784961917
2760,001557_002760_model.c3d,82.5552,1.8542,29.307095999999998,0.2546350932406687,0.07813491648817804,0.14807821347859734,0.20308407425264288,0.3190089675139047,0.20538575884060456,0.20538576326633445,1.9888011402342805e-05,5.982068383167394e-05,0.01584659062865275,-2.1548377641462164e-06,0.00014135959502284455,0.2054298800303247,0.021482107605317498,0.20290870377599116,1.2060500584832625,0.1905504921511022,7.223123342751182,0.2009457005043069,2.1618141205902623,0.18998565838726314,7.498134505661176
2761,001558_002761_model.c3d,88.9056,1.8542,31.561488,0.25074691165284774,0.08473009412055033,0.14772884224198882,0.22201292309995527,0.33756443832532795,0.22884445658978486,0.2288447893580926,2.8541494503027797e-05,8.580992760567896e-05,0.019166763247443812,-0.00014541243982983638,0.0005834969116675973,0.22115891155975426,3.3584143328441334,0.2184418812038132,4.545696907405892,0.21433282746234056,6.341263119804175,0.2163285337089253,5.469183334117191,0.2141815549983192,6.407365863246425
2806,001584_002806_model.c3d,82.1016,1.778,29.146068,0.2568759504346846,0.08354172958269898,0.1457338774710771,0.21112176754077386,0.31502125148889965,0.205607902778285,0.20560790999662967,8.899986838309607e-06,3.091858428336258e-05,0.0080762733464833,-3.510733086836889e-06,9.617396077405408e-05,0.2042901292698667,0.6409157870937033,0.18543196789217617,9.812820720157497,0.18885523357079972,8.147872227241349,0.1950011343896062,5.158735751571033,0.18968544009634672,7.744090799422283
2811,001589_002811_model.c3d,85.2768,1.9304,30.273263999999998,0.27388165866762026,0.07411825787661186,0.15062081939369043,0.23081272776844586,0.36093565574975633,0.21327626033996702,0.21327636167484243,0.00017834344583317005,0.0004996901951492272,0.13847533743268156,-4.751343409998033e-05,0.0003481216192047727,0.21219246572672038,0.5081646740800193,0.22734248504636712,6.5953072714132475,0.2006596810255391,5.915604153184613,0.21236090461810306,0.42918781509243786,0.1984950188862521,6.930561062048493
2812,001590_002812_model.c3d,76.2048,1.905,27.052704000000002,0.2752039726205441,0.0739223652987525,0.13362210128095742,0.20769888170849593,0.2914969985090326,0.15771308496196612,0.15771310480336548,3.942404253110969e-05,0.00012586806095654657,0.044533537771156796,-1.2580693200967275e-05,0.0002654777849973488,0.18985114671006686,20.37754936811433,0.19802950820898665,25.56314414669093,0.1684979561795941,6.838285624955493,0.18889878752178277,19.77369383608047,0.1670058643435285,5.892205699865297
2815,001592_002815_model.c3d,97.0704,1.905,34.459992,0.27165473174490296,0.07645993855504565,0.16980929982322898,0.26228263743031655,0.46033348207618324,0.29877950683356447,0.2987795200220376,3.504663855078578e-05,0.00012189301896115001,0.02367272945298537,-4.414115709165592e-06,0.00020181846914635616,0.24089465330623192,19.37376968748308,0.2512763221461605,15.8990772797097,0.24570817201134496,17.762709157888455,0.2391354016146948,19.962582390931686,0.2448001882617766,18.066606757556876
2818,001595_002818_model.c3d,96.1632,1.9558,34.137935999999996,0.2885423855741058,0.07901364929895316,0.1426063613005158,0.2901331364926018,0.4104131827185418,0.22684428944658075,0.22684432560102358,9.068909106191105e-05,0.00023285682617169012,0.05467282048782332,-1.5937999989620633e-05,0.000317014675828364,0.23943116540924975,5.548685397096172,0.26348484389690247,16.15229307279968,0.24299909501523,7.12153945248577,0.2417199317523692,6.557644603741056,0.24122277132971146,6.338480866416818
2833,001606_002833_model.c3d,83.916,1.8034,29.790179999999996,0.25569963725584,0.07881565430198896,0.14064675528939768,0.20857601126001526,0.3096362358434666,0.19358714382775316,0.1935871542581441,1.3879279130849149e-05,4.300758326772347e-05,0.01132039692822142,-5.3879564177682975e-06,0.000285296033918398,0.2089454678079947,7.933545418649709,0.19513713778518943,0.8006698827146277,0.19580749689459548,1.146952748483085,0.20124313101508387,3.9548014583771796,0.19636338968263298,1.434106521737838
2840,001562_002840_model.c3d,84.8232,1.9304,30.112236,0.2651975014687167,0.08114859886586015,0.1522904066143121,0.2260550652030553,0.3510755950383732,0.2241664986704056,0.22416650924051443,2.9161171922605683e-05,8.710576211623522e-05,0.01988753376267534,-4.715293711903238e-06,9.78507967648965e-05,0.210959186067341,5.891742379615554,0.22601119524299856,0.8229135858990371,0.1988167235699937,11.308458333769117,0.21097582812322013,5.884318408603893,0.19637534884402472,12.39754824704762
2843,000565_002843_model.c3d,83.4624,1.778,29.629151999999998,0.22462840095530473,0.08393442826545697,0.14121278513364235,0.1767697016869294,0.27229455022340804,0.1998933623592724,0.19989338237600618,2.1321989498186517e-05,7.232570348811307e-05,0.018879047275020988,-1.0013706075204193e-05,0.0003269777982008656,0.20775266635190948,3.9317483581627797,0.18856431976342328,5.6675431650837975,0.19402052657789437,2.9379843893078705,0.1984201351842265,0.7370065507218067,0.19501768509514641,2.4391391522860273
2853,001612_002853_model.c3d,89.3592,1.778,31.722516,0.2577718413571138,0.0769667378637278,0.14058421684479877,0.22263379442584375,0.33239404309073134,0.2037204176792462,0.20372044724323662,9.795634506938051e-05,0.00032265137516654385,0.09687805520790345,-1.4512040942783112e-05,0.00019533465735713823,0.2225408143797122,9.238345824569413,0.20195668451893856,0.8657616062247667,0.2163373719734993,6.193269402244332,0.2126602937307879,4.3883063628984695,0.21808551132044524,7.05137649178424
2857,001616_002857_model.c3d,69.4008,1.8542,24.637284,0.24548432291078714,0.07518308732442722,0.14726166859932593,0.15854101011294874,0.25729649826600176,0.16838657041651534,0.16838661125645976,2.95500816841831e-05,9.605151245409282e-05,0.03111683996945639,-2.4253682657265263e-05,0.0001533925258617729,0.1727212912631731,2.574267553484544,0.17060630915481997,1.3182397698426707,0.1435117711174266,14.772436565195946,0.16896971516935055,0.34631310050010006,0.14197268178307046,15.686457992527773
2859,001618_002859_model.c3d,93.8952,1.8542,33.332796,0.2524738459068571,0.08254800667482072,0.1343682547467197,0.23384501670467014,0.3275156273575279,0.20723833667804015,0.20723836277136487,3.2260470473541194e-05,8.905409764756178e-05,0.02378731580937031,-1.2590973823380931e-05,0.0002166348118709929,0.2339301731775933,12.879777423141963,0.23104976763003446,11.489877468466226,0.2341172886526704,12.970067413920939,0.22882516881908943,10.416428006072062,0.2343222981030374,13.068991895584531
2860,001619_002860_model.c3d,78.9264,1.8034,28.018871999999998,0.2634860263107196,0.07461009743123956,0.14243119846836858,0.20109351301727094,0.3042028194903566,0.18109516648127527,0.18109517893970997,5.032650329980623e-05,0.00015405996890180407,0.04633227867415447,-6.879495981376441e-06,0.00016156236631094655,0.19651488604936476,8.514705205941455,0.1835396009917216,1.3498066005527911,0.17762480058293645,1.9163216588100649,0.18929237160145776,4.526462676755128,0.17781421923014182,1.8117254672684455
2861,001620_002861_model.c3d,82.5552,1.7526,29.307095999999998,0.24590338791446067,0.07715933307366787,0.13105154167582042,0.19130002797141663,0.27351334795849097,0.16945413649493202,0.1694541561359311,2.6119917135652134e-05,9.6727012652148e-05,0.03341520631097323,-1.159074631248627e-05,0.0002142162701250935,0.20572608841529785,21.405173500412396,0.18137519198488333,7.034974617045036,0.19116256509723886,12.81079886943692,0.1955370085542773,15.392289972293103,0.192982328477541,13.884696159844198
2865,001624_002865_model.c3d,87.5448,1.8796,31.078403999999995,0.2821139602429848,0.08885667201315366,0.13444976507168832,0.2674680250637769,0.34657212891686046,0.20179400006344497,0.2017940167923797,2.236314159430755e-05,7.63651731240933e-05,0.027975222004722532,-8.290105123153238e-06,0.00024510375309745944,0.21799454460630788,8.028258787560274,0.22131498563935337,9.67371952078402,0.20939672954675015,3.7675696407796275,0.21493353947130575,6.5113627777484195,0.20865522277246426,3.4001123456902023
2882,001630_002882_model.c3d,88.9056,1.8542,31.561488,0.29362973325122255,0.0801339525093518,0.12557661273600512,0.27743276833923697,0.3511922444948344,0.17509474015514118,0.17509474867700095,3.9328105562764686e-05,0.00010524444146223222,0.0394127895633305,-4.866999297552842e-06,0.00016653276697904866,0.22167347440519153,26.60201797539987,0.21894530777753202,25.043909133728075,0.21492302055453413,22.746702935852586,0.21691529309899785,23.884528402624735,0.2147780954547435,22.663933402249107
2889,001547_002889_model.c3d,111.132,1.8542,39.451859999999996,0.284751992044386,0.08871612538469839,0.15815393702385405,0.3442021898622824,0.5132742888025844,0.32432603511971236,0.32432610863371614,2.4447658731797874e-05,7.455905830971998e-05,0.012418959092173502,-2.266669826434899e-05,0.00043270670748779213,0.27582106562620834,14.955620036979239,0.27242044376845154,16.004139578896865,0.3042069035678298,6.203366172702218,0.27006735037678625,16.729672880839992,0.3058507361049569,5.696520480674959
2891,001633_002891_model.c3d,113.8536,1.8796,40.418028,0.25868145674301574,0.09969021255273405,0.1604699949737196,0.325804710185468,0.48558203319783866,0.36061730266456626,0.3606173700841933,7.229556261194392e-05,0.00022243215061323873,0.04070670285263041,-1.869561625292477e-05,0.00027541226404420685,0.28209097243535425,21.775530361130368,0.2863902217926849,20.583338714871598,0.3146359063919962,12.7507459938328,0.2784923274620883,22.773442814769147,0.3157418558785476,12.44406368037206
2905,001636_002905_model.c3d,99.3384,1.8796,35.265131999999994,0.28425748467302225,0.07805863179372317,0.1371826216692395,0.29117763439032535,0.4033729614499437,0.21963319653857885,0.21963324754859495,7.451150549902113e-05,0.0002294571313799787,0.05853259229888607,-2.322509388557422e-05,0.00033783429772385774,0.2475228377150714,12.698281323603869,0.2513064448397233,14.420974971140582,0.2562541553620412,16.673690225616618,0.24400669939091071,11.097367445567649,0.25623829998276415,16.666471198836085
2907,001029_002907_model.c3d,82.5552,1.8542,29.307095999999998,0.2551369898260425,0.07281637607562677,0.13495175764506298,0.19782670169925357,0.2924135389533867,0.172283240300233,0.17228325441082049,1.4247754242469985e-05,4.045754581641359e-05,0.01692043865386054,-8.190342514835353e-06,0.00021648477353243033,0.20570276622124192,19.398013331284965,0.20317569171964844,17.93119943970177,0.1911097887679243,10.92767261335625,0.20130333971905878,16.844412357379213,0.19060772881979582,10.636257181853125
2916,001596_002916_model.c3d,86.6376,1.8542,30.756348,0.27384713561048857,0.07868579420319707,0.14090221761018681,0.23981395103500006,0.3448621093686439,0.20026141847864315,0.20026145280547636,2.4758590847663594e-05,7.195120985750703e-05,0.020648986513825084,-1.7141011718596993e-05,0.0002628916034953264,0.21572739145217887,7.722891953441888,0.21307637264837243,6.399112853130981,0.20596355556606735,2.8473467983711034,0.21103952886227964,5.382020393901246,0.20567108084381894,2.7013003334702237
2918,001637_002918_model.c3d,100.2456,1.8796,35.587188,0.2810314634404588,0.09751096420124074,0.15919431490717917,0.31881330371526306,0.4596891176561712,0.3100642120887974,0.31006423429839153,6.425044171015018e-05,0.00021204264300150877,0.036748077968409114,-7.162901503091681e-06,0.00031104529990843427,0.2487104607169737,19.787434015201015,0.2524933229469804,18.567408587395967,0.25834790804370644,16.67922386034034,0.24527421534138266,20.89567070993022,0.2583987621616276,16.662822703438493
2919,000917_002919_model.c3d,84.8232,1.905,30.112236,0.2818181345851105,0.08422242044124771,0.12886842047731917,0.2526961363269912,0.3243154826209427,0.1784186561936654,0.1784186751006818,2.318161935354366e-05,6.929882442291424e-05,0.020817945555454496,-1.05969951799374e-05,0.00027538215225882503,0.21135750508022813,18.46154969960602,0.22048068094131862,23.574902784828055,0.19941900318553157,11.77026407433046,0.21020916155381147,17.817926689033527,0.19826511398001156,11.123532824282531
2923,001641_002923_model.c3d,73.4832,1.778,26.086536,0.24394478873090297,0.076695082889331,0.12010471983026212,0.1677265726544309,0.2234409439988809,0.13243664420584,0.1324366561401555,2.968142446896722e-05,9.441207477131619e-05,0.03831784508887234,-9.011339406566666e-06,0.00020942033286415005,0.18318358653242411,38.31790108462016,0.1662688765934455,25.545975277825416,0.16008370814590364,20.875690490234046,0.1757483318467666,32.70370364686174,0.16037773418358597,21.097703090632873
2926,001644_002926_model.c3d,80.7408,1.7018,28.662983999999994,0.266356430872079,0.07934900785581347,0.1433150426075836,0.2145771733673886,0.31663843783165174,0.1922961366252832,0.19229614148409704,1.8751592961157596e-05,6.065507278804616e-05,0.01807908161854725,-2.526735033022913e-06,0.00017393556117548546,0.20098251942349155,4.517190491005561,0.16704722275624634,13.130224201143475,0.1840427880392803,4.291999169013858,0.18700473182739533,2.751695843062585,0.18614096695505913,3.200880567984731
2927,001587_002927_model.c3d,79.8336,1.8796,28.340928,0.2526309476724521,0.0809450426961051,0.1337448375222478,0.19715530830313532,0.2774705339837962,0.1731615219633742,0.1731616697291011,0.00011359847463136842,0.00034862268111171546,0.10130302199135356,-8.533404259157627e-05,0.0004203815794643142,0.19885356036026341,14.83703660350329,0.20187867780740693,16.584028321318844,0.18112680633160094,4.599915892349052,0.19614043737683007,13.27022028503318,0.18004730000920466,3.976505847117056
2935,001621_002935_model.c3d,90.72,1.9812,32.2056,0.2697153227716336,0.07555344183007338,0.15630210286234847,0.24119665681478716,0.39193516718340476,0.24265848708698182,0.24265850992499693,2.8573089118360456e-05,9.406223512326006e-05,0.02235545402257595,-9.411587203107206e-06,0.00015534578312987506,0.22557808066644405,7.038866278934323,0.2547444587052862,4.9806506928282905,0.22122442830683262,8.833014265215494,0.22872384341553814,5.742491778764265,0.2176373718167774,10.31124671161224
2965,001615_002965_model.c3d,87.0912,1.8542,30.917375999999997,0.2921787297159634,0.08175520315927763,0.1318260112003395,0.27160953418734435,0.3542685610096163,0.18598355627438046,0.18598357272259516,3.358969579794827e-05,0.00010710613310238593,0.030240450777039705,-8.843908051018872e-06,0.0001471392879149788,0.21699907942221994,16.67648676535815,0.21433085528728316,15.24183082674368,0.2078573699404094,11.761154644101243,0.21231448578212075,14.157665352357512,0.20759940204067193,11.622449962405138
2969,000822_002969_model.c3d,104.7816,1.905,37.197468,0.30223616417311616,0.08499290952677424,0.12544110646815299,0.35033221030952916,0.42948541407408153,0.21350663929927208,0.21350664623269652,4.034081020360301e-05,0.0001298067579295903,0.03273399280102662,-3.2474046092632224e-06,0.0001958586516018804,0.2613678724173363,22.416742296700736,0.2727198473573865,27.733661235290835,0.28018049623829233,31.228001694862318,0.25979891696845153,21.681891402117763,0.27990676815433246,31.0997958063437
2979,001663_002979_model.c3d,101.6064,2.0066,36.070271999999996,0.2864528365934662,0.08398688129155163,0.13969627349682623,0.31025428534399363,0.42262447802803726,0.2395863669918099,0.2395865312518415,0.00010777256961716526,0.000289029983565392,0.08589994351105225,-6.855984072329e-05,0.0008306703843405443,0.2530024948636082,5.59970420698308,0.29339604340021774,22.459406636541754,0.2654214004192039,10.783181761037834,0.25972849383107083,8.407042141905121,0.2631370365326985,9.829720211790532
2981,001607_002981_model.c3d,85.7304,1.8542,30.434292,0.2908807465529241,0.08145430688235596,0.12789406935977024,0.26507259192821603,0.3390438147907258,0.1749340056809868,0.17493401233702127,5.616680658477121e-06,1.812901394723787e-05,0.005459558761667637,-3.8048831315979274e-06,0.00012608113675178131,0.21367222129274172,22.144474118084688,0.21104504078369454,20.642661763865718,0.20286655969460693,15.967480939388368,0.20909331000166526,19.526966290917763,0.20253619584883273,15.778630381437583
2989,001540_002989_model.c3d,83.916,1.8034,29.790179999999996,0.25119935387234144,0.08348734285043813,0.13398347997388366,0.2085598700781687,0.29034461249974336,0.18560555165354733,0.1856055619700239,4.048127923212969e-05,0.00013035627027227492,0.038137036087027926,-5.558280164576149e-06,0.00026289840850927915,0.20901347107115623,12.611648309584126,0.19519662158003406,5.167447762763847,0.1959267393654978,5.560818423802353,0.20136780970788462,8.492341912142386,0.1964987370913941,5.868997635469469
2990,000787_002990_model.c3d,83.0088,1.8542,29.468123999999996,0.2853622050299985,0.08141398355878914,0.12163977619349872,0.24880010325494636,0.3089740009224457,0.1578347484346074,0.15783475286996398,1.473294399146821e-05,3.821619822158562e-05,0.013062426325858922,-2.810126810477739e-06,0.00015595976441100777,0.20696437619591884,31.12725698781492,0.20442035098864958,29.515428646780578,0.193050164757588,22.31157376448742,0.20260009426895625,28.36216123402991,0.19260134814791927,22.0272152096571
2993,001667_002993_model.c3d,97.0704,1.8542,34.459992,0.2606364086810852,0.08278646209388492,0.1709849205868897,0.2541198480191087,0.44694284187996186,0.3109104652592232,0.3109104989626191,1.0581820760479052e-05,3.5724461988129175e-05,0.006175572900910467,-1.0840225601237959e-05,0.0007272082700304438,0.24075595466272104,22.564216530315406,0.2377995226377037,23.515111516289068,0.24556496040327022,21.017467135263797,0.23567361077945365,24.19888131364136,0.245964065233328,20.88910065209475
2996,000072_002996_model.c3d,103.8744,1.9304,36.875412,0.29894205661093537,0.0902573906462077,0.15002360781490673,0.34971885688948173,0.48210791319592267,0.28258992115459175,0.28258994673314125,2.379828385198635e-05,7.377417932619146e-05,0.016347630578947704,-9.051472676798137e-06,0.0002407669968163302,0.25816381734666344,8.643657108551276,0.2766624447121327,2.0975540876478784,0.2740075007072005,3.037058226395919,0.25819638474777135,8.632132493315584,0.27294030936231156,3.4147048673407343
2999,001632_002999_model.c3d,96.1632,1.9304,34.137935999999996,0.261632820059092,0.08201326500168608,0.14259934762901888,0.2521378437044054,0.3682785013295303,0.23094953432243026,0.23094962144076245,0.00011756890602558154,0.0003238297656540934,0.07884127091221758,-3.772180465429377e-05,0.0004288140613156263,0.2393851113438966,3.652562905664646,0.25653211416658833,11.077129867013307,0.24294000945538435,5.191816111745914,0.2396839789383885,3.7819710880057533,0.24159386227240276,4.608941075028052
3034,000002_003034_model.c3d,93.8952,1.8542,33.332796,0.25719721262897044,0.07772762677661056,0.1281941001934728,0.2340938876709329,0.3206936863270921,0.187291241556002,0.18729125482118808,2.9129662310487926e-05,9.888007663769183e-05,0.04186599853249731,-7.082651584909311e-06,0.0002162137165155308,0.234143404248451,25.015672010716926,0.23125837891846943,23.475276792012085,0.23438904055529017,25.14682406288895,0.2290595978399136,22.301286454669814,0.2345984645331315,25.25864134601519
3035,001539_003035_model.c3d,92.5344,1.7526,32.849712,0.24758243925292162,0.08927113383838334,0.15748246968905188,0.23324683485154954,0.3714734373678865,0.2691217878388333,0.26912183786111066,5.138121740709183e-05,0.00013553066133070724,0.028132195492050666,-1.8587226912220073e-05,0.0004996470145287602,0.22985832840838355,14.58947629092116,0.20268124580818345,24.687908981356248,0.22806647748503164,15.255290433187852,0.21685152576024216,19.4225307799656,0.22952633263022817,14.712838944246798
3036,001685_003036_model.c3d,90.72,1.8542,32.2056,0.2464672493030975,0.08434121453921384,0.1379926743743289,0.22030355114248767,0.31634497966907354,0.21058773772609188,0.21058775873412625,4.2755695586009723e-05,0.00011772161961856598,0.032171418862363466,-9.975905812231681e-06,0.00031680602884868396,0.22589788965669486,7.270201055351404,0.2231194557081841,5.950829861894436,0.22154233605159476,5.201916523625585,0.22097433156391008,4.932193084921155,0.22151482641167536,5.1888532559270715
3037,000964_003037_model.c3d,94.3488,1.8796,33.493824,0.2783831335278471,0.08476262718523483,0.15224150945041565,0.2764671725103078,0.4103819638632252,0.2542363796931514,0.2542364101440731,0.00011755213862250978,0.0003600554580565074,0.07411885049717523,-1.1977405344329571e-05,0.00020377009785605945,0.23456653517052056,7.736833157540706,0.23813811815089564,6.332005498853238,0.23536841411688333,7.421426311624084,0.23121731947216664,9.05419603943677,0.23499878312136982,7.5668150226966855
3043,001688_003043_model.c3d,107.0496,1.8288,38.002607999999995,0.28934998320558863,0.09124630965595046,0.15328339565621646,0.3442437105868061,0.4883677497700301,0.30232678763327614,0.30232679658462897,6.17886480538569e-05,0.00017041202850370807,0.033517105073888845,-2.9608202752099143e-06,0.0001641112547681471,0.2658800691889419,12.055404924470098,0.25538052854019166,15.528316051844707,0.28708014891458056,5.043098839521236,0.25815852463063227,14.609444088103826,0.28902303208063534,4.400455433270543
3044,000090_003044_model.c3d,114.7608,1.8796,40.740083999999996,0.28390264620945604,0.09312919949462373,0.15825749103825543,0.3619751571882736,0.528728249069688,0.34342343980505885,0.34342344465927044,2.8630705457103777e-05,7.877544358680932e-05,0.012366495721781933,-1.4134770739588869e-06,8.598413418860732e-05,0.2846408496842158,17.116650556587057,0.28898571385938865,15.851488173483814,0.3196597958709979,6.9196336591206915,0.2808971019161774,18.20677642864854,0.3209296325931735,6.549875344750427
3046,001689_003046_model.c3d,78.9264,1.7526,28.018871999999998,0.22661235112674136,0.08528297661187972,0.1319685024913933,0.170851413583921,0.2418967627470673,0.17293858434413775,0.1729386428985604,1.9200261122769003e-05,6.0506691359124565e-05,0.019925678144746602,-3.3858506975741404e-05,0.0007092886924382838,0.19657630137255955,13.668272536210955,0.17333216891798336,0.22758632802405843,0.177831130398794,2.8290656322942755,0.18656922939672635,7.881783642604824,0.17903890612366546,3.527449818479158
3053,001543_003053_model.c3d,93.8952,1.8542,33.332796,0.2660400160184026,0.08253184407589159,0.13769555515064022,0.2533620434679481,0.35459841669193565,0.2147596313090219,0.21475964096287636,2.048456703275638e-05,6.0351212047282665e-05,0.014246301953520894,-4.495190463397033e-06,0.00018807311345696436,0.23384977181094876,8.88907304672063,0.23097110820849617,7.548661170938248,0.23402163763183229,8.969100107596063,0.22874264708182993,6.511007533202359,0.23422509443051048,9.063837092120606
3055,001692_003055_model.c3d,93.4416,1.905,33.17176799999999,0.26410098692317485,0.08966444721463529,0.1430402898599151,0.25948192737379666,0.36248699614662144,0.23635081754826712,0.23635087628926615,3.195532884535662e-05,0.00010193270115665953,0.023201612647744733,-2.485330901177712e-05,0.00027777267778091475,0.23247856506380216,1.6383495198505829,0.2425168149830569,2.6088327084083747,0.23196462129842987,1.8557990597775285,0.23090190377230435,2.305434706122816,0.2309492904031652,2.2853854288017557
3065,000675_003065_model.c3d,82.5552,1.8288,29.307095999999998,0.2590361355605093,0.0722862570155478,0.13431857361973265,0.2021594406309213,0.2960606676754935,0.17047045468555688,0.17047047087502434,2.241593221910456e-05,6.0730589796442747e-05,0.01959644469677537,-9.496934522132939e-06,0.00013919586470369162,0.2057177102249961,20.676460096533987,0.19761242175856555,15.921801301623603,0.19114350348764422,12.127056761959153,0.19978144060402792,17.194173601834365,0.19109507345677806,12.098647128773456
3132,001002_003132_model.c3d,97.9776,1.8288,34.782047999999996,0.24800628223919755,0.07711262118496715,0.14517701833621674,0.22998523480479402,0.36154842098924456,0.23497641211057135,0.23497879461585372,0.0004655823803947948,0.0012463999863834563,0.36165601789173357,-0.0010139338076392112,0.0018732135913147715,0.24390933830945077,3.8016267754892397,0.23427768064746612,0.29736238494289,0.2502969045749926,6.5200129352609135,0.23670975979455514,0.7376688019085644,0.25154792562018563,7.052415755593514
3140,001737_003140_model.c3d,83.916,1.7526,29.790179999999996,0.26032382114120917,0.08289922015303924,0.13621312193965965,0.21941791733448415,0.3064181561327132,0.1893634783595151,0.18936349312297532,1.4273754522681792e-05,4.83638461528102e-05,0.016885249109233447,-7.796360909847002e-06,0.000155915260368046,0.20898145348955718,10.359957104715017,0.18425379060217323,2.698349122865663,0.19586996216847996,3.4359760738086957,0.19818548911820696,4.658770970579059,0.19759703455955038,4.34801698372032
3172,001756_003172_model.c3d,73.4832,1.8288,26.086536,0.22020924411936035,0.08363965085827305,0.14104619772353322,0.15103861909364955,0.23515751544413055,0.17536426713435588,0.17536427095318066,3.867944364367625e-05,0.0001063304287425848,0.0307855161615662,-2.177652749090762e-06,0.0005744447673465136,0.1829036873484412,4.299291034192828,0.17571595900672055,0.20054933545567638,0.15801019277781453,9.89601510052528,0.17754204934512235,1.241862008922241,0.15737509419451007,10.258174731835961
3222,000572_003222_model.c3d,87.5448,1.7018,31.078403999999995,0.23640639325343987,0.07890936881052642,0.13897530279029344,0.19312132736354268,0.29480556322019064,0.19844200603285214,0.1984420428728215,1.668859793767422e-05,4.940289844901358e-05,0.0129386727025314,-1.8564602368909534e-05,0.00022314158527823874,0.21802565042788477,9.868699065554976,0.18116258804958899,8.707540469230363,0.20943475188362093,5.5395256632050645,0.20336413025325298,2.4803842285216455,0.2133400612209046,7.507510877301894
3228,001706_003228_model.c3d,93.8952,1.8542,33.332796,0.23789486102257235,0.08917190653920559,0.14458011908606763,0.22346543003603028,0.33139520617253143,0.24045478839614612,0.24045490638550068,7.291681307939803e-05,0.00019135151132154693,0.04312693042036319,-4.906924721749873e-05,0.0005806030091077652,0.23357509493052975,2.8611172651226915,0.2307023823717922,4.055816933155419,0.23371867538067778,2.8014052289824556,0.22848124401267841,4.9795408373159304,0.23391721838087778,2.7188354446482363
3232,001659_003232_model.c3d,85.2768,1.8034,30.273263999999998,0.22211493381742556,0.07940608474843372,0.13830761941676348,0.17218176906401497,0.2692353656945388,0.19249500039900416,0.19249500651011067,2.0235814347896264e-05,7.258628875528306e-05,0.025198471973120536,-3.1746832369950804e-06,0.00018308430888353545,0.21237536220042047,10.327728907352524,0.19833448167502757,3.033575554647816,0.20092163470115648,4.377586059214821,0.2045719550936952,6.2739056441247225,0.2016016300322609,4.730839561744712
3233,001724_003233_model.c3d,80.7408,1.905,28.662983999999994,0.25146536645445033,0.07353657664425181,0.14036394651071224,0.18979126742733285,0.2922213742322286,0.1799294857243141,0.17992950251063491,3.3456023726651726e-05,0.00010287843648928985,0.03970797696294519,-9.329388531302188e-06,0.00029828291350189324,0.20107999913570496,11.75489015946915,0.2097467667029661,16.571647975661804,0.18429297063225722,2.425108308611959,0.19991189277311766,11.1056878578647,0.18277927893143817,1.5838389109222921
3247,001605_003247_model.c3d,87.9984,1.778,31.239432,0.23695114473651427,0.08341983217881112,0.1416077963300041,0.2005114662761737,0.3027729626676917,0.21095704449246677,0.2109570546270715,1.123495578429919e-05,3.49533830646398e-05,0.00867710336582298,-4.804108231197728e-06,0.00021842670065388232,0.2190495016782115,3.8360687149433885,0.1988015399583699,5.762075669642278,0.21102998589272193,0.03457642309629537,0.20919964881720518,0.8330585401827375,0.21248040785794967,0.7221201686570333
3248,001691_003248_model.c3d,81.1944,1.8288,28.824012,0.24379944747979404,0.0791783057473118,0.13177143926775045,0.1879464487583652,0.26789350745141716,0.17029886581210169,0.17029887369896968,1.349548199509462e-05,3.9556895888359644e-05,0.013365449583113875,-4.63119231852432e-06,0.00014152417560924714,0.20229638488862875,18.78903827335606,0.19432895136733325,14.110537636665779,0.18615697246032353,9.311927341735089,0.1964542926606372,15.358544358947137,0.18602278363999672,9.233131267734883
3250,000782_003250_model.c3d,83.4624,1.8796,29.629151999999998,0.24291186482065613,0.07526326668466587,0.15596411521654466,0.18765093059055749,0.3258727462947663,0.22213986013903886,0.22213990535735004,3.5848140309894325e-05,0.00013967886969368237,0.03944480299154724,-2.0355784482109834e-05,0.0002928842229563861,0.20756518668758286,6.561034765365211,0.21071916637493468,5.14121768013894,0.1937107386360515,12.797847934717058,0.20456782965283038,7.910345525206518,0.19257269387950618,13.310157952303737
3252,000870_003252_model.c3d,88.452,1.8796,31.40046,0.24032252203310922,0.08639358737885022,0.132905665670253,0.2097196698722945,0.289791345492126,0.19725586776671408,0.19725588277342368,4.065516548618503e-05,0.00010266618656878945,0.03263019262154074,-7.6077379938558735e-06,0.00015462640373256484,0.22031953238775542,11.692257818316326,0.22367727053350814,13.394482539825633,0.21291749185213013,7.939750671416461,0.2172444423326991,10.133323176791189,0.21224527052882539,7.598964193977041
