session_pitch,duration_s,stp_energy_j,mean_power_w,session,session_mass_kg
1031_2,0.08899999999999997,147.65062769499986,1658.9958167977518,1031,110.6784
1031_3,0.08890000000000009,152.5570374100001,1716.0521643419568,1031,110.6784
1097_1,0.022199999999999998,2.776994419999999,125.0898387387387,1097,101.1528
1097_2,0.016599999999999948,2.488446569999993,149.90641987951813,1097,101.1528
1097_3,0.025000000000000022,3.7278755100000036,149.11502040000002,1097,101.1528
1170_1,0.05279999999999996,54.9675809149999,1041.052668844696,1170,82.1016
1170_2,0.0472999999999999,52.01118023499985,1099.6021191331915,1170,82.1016
1250_1,0.044499999999999984,45.659247284999964,1026.0505007865163,1250,78.4728
1250_3,0.05830000000000002,47.244323805000015,810.3657599485421,1250,78.4728
1313_1,0.011099999999999999,1.4244049399999985,128.32476936936925,1313,84.3696
1313_2,0.005600000000000049,0.42793646000000374,76.41722499999999,1313,84.3696
1313_3,0.022199999999999998,3.6349186549999923,163.7350745495492,1313,84.3696
1346_1,0.03059999999999974,21.180497879999795,692.1731333333325,1346,72.1224
1346_2,0.03869999999999996,27.01270659999981,698.0027545219597,1346,72.1224
1346_3,0.04720000000000002,32.28870393999994,684.0827105932188,1346,72.1224
1370_1,0.044300000000000006,32.52740875500002,734.253019300226,1370,104.328
1370_2,0.05279999999999996,32.337062935,612.4443737689398,1370,104.328
1370_3,0.044399999999999995,29.475508135000045,663.8627958333344,1370,104.328
1371_2,0.0915999999999999,129.2294641199999,1410.8020100436686,1371,99.3384
1371_3,0.10560000000000003,156.07563711999995,1477.9889878787872,1371,99.3384
1393_1,0.02499999999999991,37.622291479999944,1504.8916592000032,1393,88.9056
1393_2,0.027699999999999947,35.43879104499995,1279.3787380866434,1393,88.9056
1393_3,0.022199999999999886,32.12870851499995,1447.2391222973024,1393,88.9056
1394_1,0.03060000000000007,22.920777600000076,749.0450196078439,1394,94.3488
1394_2,0.027800000000000047,16.538750775000032,594.9190926258995,1394,94.3488
1394_3,0.033299999999999996,18.62189754000002,559.216142342343,1394,94.3488
1403_1,0.038900000000000046,44.66911395000007,1148.3062712082267,1403,70.308
1403_2,0.038900000000000046,45.24682285500009,1163.1573998714662,1403,70.308
1403_3,0.038900000000000046,45.73970631000002,1175.8279257069398,1403,70.308
1561_1,0.06950000000000012,82.54840466500019,1187.746829712231,1561,118.3896
1561_2,0.08880000000000021,106.9765431850001,1204.6908016328812,1561,118.3896
1561_3,0.07769999999999988,93.7406036649998,1206.4427756113248,1561,118.3896
1562_1,0.038799999999999946,74.71382952999973,1925.6141631443256,1562,95.7096
1562_2,0.04730000000000012,81.64219400500002,1726.0506132135267,1562,95.7096
1562_3,0.044399999999999995,81.3902882350001,1833.1145998873899,1562,95.7096
1574_1,0.10549999999999993,84.77381980499989,803.5433156872033,1574,87.0912
1574_2,0.08900000000000019,76.18534793500018,856.0151453370788,1574,87.0912
1574_3,0.09439999999999982,84.25224861499981,892.5026336334744,1574,87.0912
1581_1,0.06390000000000007,79.41065710500007,1242.7332880281688,1581,94.8024
1581_2,0.06390000000000007,75.08096154500004,1174.9759240219087,1581,94.8024
1581_3,0.06669999999999976,78.79971694999975,1181.4050517241385,1581,94.8024
1601_1,0.03890000000000016,50.455773090000264,1297.0635755784078,1601,103.8744
1601_2,0.03610000000000002,47.83055133500002,1324.9460203601104,1601,103.8744
1601_3,0.04169999999999985,61.48904745999978,1474.5574930455637,1601,103.8744
1603_1,0.022299999999999986,14.661161570000145,657.4511914798276,1603,91.1736
1603_2,0.022199999999999998,15.716820180000154,707.96487297298,1603,91.1736
1603_3,0.01949999999999985,13.963964964999933,716.1007674358995,1603,91.1736
1612_1,0.05549999999999988,80.15396270999985,1444.2155443243246,1612,91.1736
1612_2,0.03049999999999997,25.00350126999987,819.7869268852423,1612,91.1736
1612_3,0.04170000000000007,51.672311285000056,1239.1441555155868,1612,91.1736
1615_1,0.0667000000000002,54.700923795000136,820.1038050224882,1615,87.5448
1615_2,0.033199999999999896,25.71532062499992,774.5578501506023,1615,87.5448
1620_1,0.050000000000000044,54.71579323500008,1094.3158647000005,1620,92.0808
1620_3,0.05549999999999988,57.93833356499992,1043.9339381081088,1620,92.0808
1623_1,0.07780000000000009,100.18810835500007,1287.7648888817475,1623,81.648
1623_2,0.07780000000000009,95.53359719000005,1227.9382672236495,1623,81.648
1623_3,0.08889999999999998,111.63787831000012,1255.7691598425213,1623,81.648
1665_1,0.027899999999999814,20.9937927849999,752.4656912186394,1665,106.596
1665_2,0.03049999999999997,25.568969970000065,838.326884262298,1665,106.596
1665_3,0.03049999999999997,21.830104864999857,715.7411431147501,1665,106.596
1668_1,0.055600000000000094,54.04064379000016,971.9540250000013,1668,81.648
1668_2,0.06390000000000007,51.67700979,808.7168981220649,1668,81.648
1668_3,0.05559999999999987,49.66519159999997,893.2588417266203,1668,81.648
1688_1,0.0806,109.9736288550002,1364.4370825682406,1688,106.596
1688_2,0.0694999999999999,91.55693896499984,1317.366028273381,1688,106.596
1717_1,0.05840000000000001,41.898194964999945,717.4348452910948,1717,103.4208
1717_3,0.04719999999999991,34.7782934249999,736.8282505296604,1717,103.4208
1718_1,0.01949999999999985,13.070423424999875,670.2781243589731,1718,97.524
1718_2,0.019500000000000073,12.692794855000097,650.9125566666692,1718,97.524
1718_3,0.019500000000000073,15.289600635000014,784.0820838461516,1718,97.524
1729_1,0.07219999999999982,120.99145621499957,1675.7819420360092,1729,105.6888
1729_2,0.0693999999999999,110.6151070599998,1593.8776233429387,1729,105.6888
1729_3,0.07789999999999986,121.98294214499967,1565.891426765082,1729,105.6888
1759_1,0.024900000000000144,33.457867445000254,1343.6894556224925,1759,79.38
1759_2,0.022199999999999998,36.46205961000001,1642.4351175675683,1759,79.38
1759_3,0.02499999999999991,53.729763599999856,2149.190544000002,1759,79.38
1778_1,0.04170000000000007,64.90317931500006,1556.4311586330923,1778,88.452
1778_2,0.044399999999999995,61.44139255000009,1383.8151475225247,1778,88.452
1779_1,0.0694999999999999,136.30438019499985,1961.2141035251807,1779,103.4208
1779_2,0.05840000000000012,124.20751870000014,2126.841073630135,1779,103.4208
1779_3,0.0693999999999999,135.16243487999986,1947.5855170028826,1779,103.4208
1782_1,0.027800000000000047,53.70094090500023,1931.688521762595,1782,97.524
1782_2,0.02230000000000021,37.705328085000154,1690.8218872197222,1782,97.524
1782_3,0.027700000000000058,41.07419166999979,1482.8228039711084,1782,97.524
1782_4,0.016499999999999737,25.507962819999708,1545.9371406060675,1782,97.524
1783_2,0.044499999999999984,56.19578244499976,1262.8265717977479,1783,90.2664
1783_3,0.044399999999999995,52.6040439849999,1184.7757654279258,1783,90.2664
1783_4,0.04170000000000007,51.497524469999895,1234.9526251798516,1783,90.2664
1783_5,0.04719999999999991,57.80415138000001,1224.6642241525449,1783,90.2664
1808_1,0.033399999999999874,39.44286185999984,1180.9240077844306,1808,98.4312
1808_2,0.027799999999999825,32.05725256499979,1153.13858147482,1808,98.4312
1808_3,0.025000000000000133,20.888274140000036,835.530965599997,1808,98.4312
1808_4,0.027800000000000047,27.82156901000022,1000.775863669071,1808,98.4312
1808_5,0.04170000000000007,25.091828780000128,601.7225127098342,1808,98.4312
1826_1,0.08330000000000015,71.17444780500023,854.4351477190888,1826,91.1736
1826_2,0.07220000000000004,65.14686549500001,902.3111564404429,1826,91.1736
1826_3,0.07499999999999973,62.44236305499969,832.5648407333322,1826,91.1736
1826_4,0.08050000000000002,79.42606525499986,986.6591957142837,1826,91.1736
1826_5,0.07499999999999996,65.94291066000002,879.2388088000008,1826,91.1736
1830_1,0.07220000000000004,67.88239566000013,940.1993858725774,1830,84.3696
1830_2,0.06949999999999967,58.850475009999734,846.7694246043167,1830,84.3696
1830_3,0.07230000000000003,70.10425641000013,969.630102489628,1830,84.3696
1830_4,0.05830000000000002,67.06456707000002,1150.3356272727274,1830,84.3696
1830_5,0.06400000000000006,58.97968573999994,921.5575896874982,1830,84.3696
1845_1,0.06110000000000004,78.90403216999997,1291.39168854337,1845,92.5344
1845_2,0.04720000000000002,71.4203406099999,1513.1428095338954,1845,92.5344
1845_3,0.0667000000000002,88.7448742350002,1330.5078595952014,1845,92.5344
2653_1,0.03870000000000018,44.09987033000038,1139.53153307494,2653,77.112
2653_2,0.033399999999999874,32.400425574999815,970.0726220059861,2653,77.112
2653_3,0.03059999999999996,35.109701319999914,1147.3758601307177,2653,77.112
2653_4,0.04170000000000007,35.551057429999894,852.54334364508,2653,77.112
2653_5,0.036000000000000254,48.578383095000326,1349.3995304166663,2653,77.112
2655_1,0.025000000000000133,12.172467305000085,486.8986922000008,2655,94.3488
2655_2,0.04999999999999982,28.845247139999856,576.9049427999992,2655,94.3488
2655_3,0.04170000000000007,22.87848493500008,548.6447226618715,2655,94.3488
2655_4,0.02499999999999991,8.226321204999918,329.05284819999787,2655,94.3488
2655_5,0.04719999999999991,25.875809924999995,548.2163119703399,2655,94.3488
2730_1,0.05559999999999987,73.45259503499999,1321.0898387589957,2730,89.8128
2730_2,0.06669999999999976,66.40291484999963,995.5459497751106,2730,89.8128
2730_3,0.04999999999999982,69.23164262499975,1384.6328525,2730,89.8128
2730_5,0.055500000000000105,69.98745013000023,1261.035137477479,2730,89.8128
2734_1,0.044399999999999995,46.30467241999995,1042.8980274774765,2734,87.9984
2734_2,0.03610000000000024,40.98710914500026,1135.3769846260384,2734,87.9984
2734_3,0.05830000000000002,60.34961004499991,1035.1562614922796,2734,87.9984
2734_4,0.06390000000000007,98.84505450500012,1546.870962519562,2734,87.9984
2734_5,0.0694999999999999,99.64266817499991,1433.7074557553965,2734,87.9984
2742_1,0.07219999999999982,96.59230795999964,1337.843600554015,2742,99.792
2742_2,0.05559999999999987,81.13788618499967,1459.3144997302134,2742,99.792
2742_3,0.05840000000000001,88.98134917500016,1523.6532392979477,2742,99.792
2742_4,0.0693999999999999,71.72036069499984,1033.434592146973,2742,99.792
2742_5,0.0472999999999999,47.55058923999969,1005.2978697674374,2742,99.792
2753_1,0.09999999999999987,93.4399874799999,934.3998748000002,2753,84.3696
2753_2,0.14169999999999994,146.21274071999997,1031.8471469301344,2753,84.3696
2753_3,0.10550000000000015,97.06525887500014,920.0498471563981,2753,84.3696
2753_4,0.10280000000000022,97.8376755300001,951.7283611867693,2753,84.3696
2753_5,0.10000000000000031,91.88766788000036,918.8766788000008,2753,84.3696
2760_1,0.044499999999999984,61.09565620000008,1372.9360943820247,2760,82.5552
2760_2,0.044399999999999995,58.06897136500003,1307.8597154279287,2760,82.5552
2760_3,0.04720000000000013,59.74369506000005,1265.756251271184,2760,82.5552
2760_4,0.044499999999999984,56.81253388000003,1276.6861546067428,2760,82.5552
2760_5,0.050000000000000044,59.06840185500003,1181.3680370999996,2760,82.5552
2761_2,0.06109999999999993,59.71337828499985,977.3057002454977,2761,88.9056
2761_3,0.05830000000000024,57.66718841500025,989.1455988850773,2761,88.9056
2761_4,0.05279999999999996,45.813812969999965,867.6858517045455,2761,88.9056
2761_5,0.05279999999999996,50.88233048999996,963.6805017045455,2761,88.9056
2806_1,0.08609999999999995,69.79161746499997,810.5878915795588,2806,82.1016
2806_2,0.07229999999999981,58.06270944499986,803.0803519363764,2806,82.1016
2806_3,0.050000000000000044,47.70986984500005,954.1973969000002,2806,82.1016
2806_4,0.06659999999999999,51.41392912499993,771.9809177927918,2806,82.1016
2806_5,0.0917,92.58587817999995,1009.6606126499449,2806,82.1016
2811_1,0.05279999999999996,27.46615784999991,520.192383522726,2811,85.2768
2811_2,0.04159999999999986,26.19409635500005,629.6657777644264,2811,85.2768
2811_3,0.03330000000000011,31.718155155000122,952.4971518018024,2811,85.2768
2811_4,0.04179999999999984,19.39747745499992,464.05448456937785,2811,85.2768
2811_5,0.03610000000000002,20.774969850000048,575.4839293628819,2811,85.2768
2812_1,0.022099999999999786,18.99185478499991,859.3599450226286,2812,76.2048
2812_2,0.016599999999999948,17.272799434999946,1040.5300864457831,2812,76.2048
2812_3,0.01949999999999985,18.30415086999991,938.6744035897461,2812,76.2048
2812_4,0.0027999999999999137,3.298773799999898,1178.1335,2812,76.2048
2812_5,0.03330000000000011,24.944155400000028,749.0737357357342,2812,76.2048
2815_1,0.07779999999999987,120.94397660999971,1554.5498278920297,2815,97.0704
2815_2,0.08319999999999994,122.86681365499987,1476.7645871995187,2815,97.0704
2815_3,0.07220000000000004,123.12763288500018,1705.3688765235472,2815,97.0704
2815_4,0.08050000000000024,123.39867335500041,1532.902774596274,2815,97.0704
2815_5,0.07219999999999982,120.08526942499972,1663.230878462604,2815,97.0704
2818_1,0.0889000000000002,125.62499621500015,1413.10456934758,2818,96.1632
2818_2,0.08879999999999999,119.01477552500005,1340.2564811373882,2818,96.1632
2818_3,0.08889999999999998,127.19591479999998,1430.7751946006751,2818,96.1632
2818_4,0.08339999999999992,110.05394498999996,1319.5916665467635,2818,96.1632
2818_5,0.08330000000000015,108.0101107100002,1296.6399845138055,2818,96.1632
2833_1,0.06120000000000014,67.68738692500027,1106.0030543300672,2833,83.916
2833_2,0.044499999999999984,54.73003952999991,1229.8885287640433,2833,83.916
2833_3,0.06120000000000014,75.61996586000018,1235.6203571895426,2833,83.916
2833_4,0.05269999999999997,73.90853108999998,1402.4389201138524,2833,83.916
2833_5,0.05269999999999997,74.57706705499982,1415.124612049333,2833,83.916
2840_1,0.06119999999999992,66.72508178499992,1090.279114133987,2840,84.8232
2840_2,0.0667000000000002,76.0358344600003,1139.9675331334342,2840,84.8232
2840_4,0.05840000000000023,64.57831670000024,1105.7930941780821,2840,84.8232
2840_5,0.058299999999999796,65.09352261999976,1116.526974614065,2840,84.8232
2843_1,0.055600000000000094,54.86791931500009,986.8330812050359,2843,83.4624
2843_2,0.04999999999999993,45.15370426499987,903.0740852999985,2843,83.4624
2843_3,0.05819999999999981,55.00831445499984,945.160042182131,2843,83.4624
2843_4,0.06390000000000007,60.39165682499999,945.096350938966,2843,83.4624
2843_5,0.06379999999999986,57.44875096999981,900.4506421630084,2843,83.4624
2853_1,0.06669999999999998,66.88751362999996,1002.8112988005994,2853,89.3592
2853_3,0.07499999999999996,84.06536606499999,1120.8715475333338,2853,89.3592
2853_4,0.0667000000000002,69.1679182650001,1037.0002738380792,2853,89.3592
2853_5,0.0638000000000003,66.96727751500019,1049.6438481974901,2853,89.3592
2857_1,0.02499999999999991,24.741954234999945,989.6781694000013,2857,69.4008
2857_2,0.03610000000000002,26.16167875999993,724.7002426592774,2857,69.4008
2857_3,0.013800000000000257,1.6880302949999988,122.32103586956286,2857,69.4008
2857_4,0.038899999999999935,26.97888247999988,693.5445367609235,2857,69.4008
2857_5,0.03330000000000011,23.522024410000036,706.3670993993982,2857,69.4008
2859_1,0.06099999999999994,103.14958026499977,1690.9767256557354,2859,93.8952
2859_2,0.05840000000000001,103.22232355499982,1767.505540325339,2859,93.8952
2859_3,0.05830000000000002,103.24538200999976,1770.9327960548837,2859,93.8952
2859_4,0.05840000000000023,96.64149550000018,1654.820128424654,2859,93.8952
2859_5,0.061100000000000154,113.89326843500038,1864.046946563013,2859,93.8952
2860_1,0.05840000000000001,65.03284877999998,1113.5761777397256,2860,78.9264
2860_2,0.06109999999999993,67.24671938000012,1100.6009718494304,2860,78.9264
2860_3,0.05840000000000001,64.84628311500006,1110.381560188357,2860,78.9264
2860_5,0.05830000000000002,62.65564357000008,1074.7108674099495,2860,78.9264
2861_1,0.05840000000000001,77.09990256,1320.2038109589041,2861,82.5552
2861_2,0.061100000000000154,80.22428065000013,1312.9996833060543,2861,82.5552
2861_3,0.04159999999999986,49.58815703499991,1192.0230056490402,2861,82.5552
2861_4,0.05279999999999996,56.11567299000013,1062.7968369318214,2861,82.5552
2861_5,0.04439999999999977,54.385764689999505,1224.9046101351303,2861,82.5552
2865_1,0.0915999999999999,112.68633158500003,1230.2001264738008,2865,87.5448
2865_2,0.11389999999999989,155.8126267449999,1367.9774077699742,2865,87.5448
2865_3,0.09170000000000011,117.92218540500006,1285.956220338058,2865,87.5448
2865_4,0.08620000000000028,109.27220826500032,1267.6590285962873,2865,87.5448
2865_5,0.11109999999999998,149.03837728499988,1341.4795435193512,2865,87.5448
2882_1,0.050000000000000044,74.18613691499999,1483.7227382999986,2882,88.9056
2882_2,0.050000000000000044,72.27278888000008,1445.4557776000004,2882,88.9056
2882_4,0.04719999999999991,72.53231255499995,1536.7015371822054,2882,88.9056
2882_5,0.050000000000000044,69.4028088700001,1388.0561774000007,2882,88.9056
2889_1,0.11390000000000011,166.489463935,1461.716101273045,2889,111.132
2889_2,0.11390000000000011,167.33225035500004,1469.1154552677776,2889,111.132
2889_3,0.14170000000000016,146.56527961500015,1034.3350713832037,2889,111.132
2889_4,0.09999999999999987,118.88599626999984,1188.8599626999999,2889,111.132
2889_5,0.13060000000000005,173.108535395,1325.4864884762628,2889,111.132
2891_1,0.03610000000000002,93.82701773500013,2599.0863638504175,2891,113.8536
2891_2,0.04160000000000008,109.61862025000006,2635.0629867788425,2891,113.8536
2891_3,0.02499999999999991,14.775105964999906,591.0042385999983,2891,113.8536
2891_4,0.019399999999999862,16.93749341999978,873.0666711340155,2891,113.8536
2891_5,0.01100000000000012,6.176998340000074,561.5453036363641,2891,113.8536
2905_1,0.0806,87.18431686499997,1081.6912762406944,2905,99.3384
2905_2,0.08890000000000009,103.5939920000001,1165.2867491563554,2905,99.3384
2905_3,0.07779999999999998,97.00784740999997,1246.8874988431876,2905,99.3384
2905_4,0.09170000000000034,112.0521858450004,1221.9431389858232,2905,99.3384
2905_5,0.08050000000000013,104.40096994000014,1296.9064588819872,2905,99.3384
2907_1,0.0526000000000002,41.251273325000184,784.2447400190119,2907,82.5552
2907_2,0.05009999999999981,43.40611095999981,866.3894403193607,2907,82.5552
2907_3,0.04719999999999991,39.22783170500004,831.0981293432228,2907,82.5552
2907_4,0.04719999999999991,39.18108088999989,830.1076459745756,2907,82.5552
2907_5,0.03610000000000002,30.818859160000017,853.7080099722991,2907,82.5552
2916_1,0.0696,97.36078086000015,1398.8617939655194,2916,86.6376
2916_2,0.05289999999999995,71.25923244500001,1347.0554337429128,2916,86.6376
2916_3,0.044400000000000106,62.30825964000021,1403.3391810810824,2916,86.6376
2916_4,0.038900000000000046,42.26802860000006,1086.5817120822624,2916,86.6376
2916_5,0.03880000000000006,48.41951302000012,1247.9255932989702,2916,86.6376
2918_1,0.044500000000000206,53.0955889400002,1193.159302022471,2918,100.2456
2918_2,0.05279999999999996,74.1944731550001,1405.1983552083364,2918,100.2456
2918_3,0.050000000000000044,61.013464735000035,1220.2692946999996,2918,100.2456
2918_4,0.04999999999999982,65.95797860999967,1319.1595721999981,2918,100.2456
2918_5,0.04160000000000008,53.83577833000013,1294.1292867788468,2918,100.2456
2919_1,0.14159999999999995,161.5523470349999,1140.9064056144066,2919,84.8232
2919_2,0.11939999999999995,150.24861843,1258.3636384422116,2919,84.8232
2919_3,0.11099999999999999,114.06419242500013,1027.6053371621636,2919,84.8232
2919_4,0.10010000000000008,120.85442625500013,1207.3369256243761,2919,84.8232
2919_5,0.11389999999999989,148.3316410749999,1302.2971121597898,2919,84.8232
2923_1,0.01650000000000018,13.129035930000324,795.6991472727382,2923,73.4832
2923_2,0.016499999999999737,8.243094349999865,499.5814757575755,2923,73.4832
2923_3,0.03059999999999996,31.36152652000004,1024.886487581702,2923,73.4832
2923_4,0.016699999999999937,8.638649060000041,517.2843748503038,2923,73.4832
2923_5,0.013900000000000023,5.876607909999978,422.7775474820121,2923,73.4832
2926_1,0.09730000000000016,118.61327540500028,1219.0470236896206,2926,80.7408
2926_2,0.0915999999999999,111.38996960999991,1216.047703165939,2926,80.7408
2926_4,0.09170000000000011,109.38880813000034,1192.8986709923686,2926,80.7408
2926_5,0.09989999999999988,142.67065821999986,1428.1347169169173,2926,80.7408
2927_1,0.04449999999999976,45.04368403499982,1012.2176187640463,2927,79.8336
2927_2,0.044499999999999984,44.290232549999985,995.2861247191012,2927,79.8336
2927_3,0.038799999999999946,40.16615989999994,1035.2103067010307,2927,79.8336
2927_4,0.044499999999999984,46.43406996499998,1043.4622464044942,2927,79.8336
2927_5,0.0360999999999998,39.4307266899998,1092.2638972299176,2927,79.8336
2935_1,0.05279999999999996,44.17696855499998,836.6850105113639,2935,90.72
2935_2,0.05290000000000017,46.02450398500032,870.0284307183398,2935,90.72
2935_3,0.04720000000000013,35.86858814500001,759.9277149364389,2935,90.72
2935_4,0.05559999999999987,47.57118094999985,855.5967796762583,2935,90.72
2935_5,0.05010000000000003,41.77067223499993,833.7459527944092,2935,90.72
2965_1,0.06940000000000013,69.93747732000031,1007.7446299711842,2965,87.0912
2965_2,0.0472999999999999,57.948697904999904,1225.1310339323472,2965,87.0912
2965_3,0.05269999999999997,66.40597455499984,1260.0754185009466,2965,87.0912
2965_4,0.050000000000000044,59.58077345000013,1191.6154690000014,2965,87.0912
2965_5,0.058299999999999796,53.61668554499982,919.6687057461407,2965,87.0912
2969_1,0.09729999999999994,182.75425753999974,1878.2554731757436,2969,104.7816
2969_2,0.09719999999999995,166.52849005999997,1713.2560705761323,2969,104.7816
2969_3,0.06940000000000013,114.62572113000007,1651.66745144092,2969,104.7816
2979_1,0.04170000000000007,40.38785738499997,968.5337502398057,2979,101.6064
2979_2,0.06940000000000013,102.72036922000032,1480.1205939481288,2979,101.6064
2979_3,0.07499999999999973,114.83673312499967,1531.1564416666677,2979,101.6064
2979_4,0.06390000000000029,116.54537222500022,1823.8712398278512,2979,101.6064
2979_5,0.04990000000000028,86.90567325000015,1741.5966583166266,2979,101.6064
2981_1,0.06669999999999998,54.06457266000008,810.5633082458785,2981,85.7304
2981_2,0.05840000000000001,43.318344209999964,741.7524693493143,2981,85.7304
2981_3,0.038899999999999935,31.16051298499991,801.0414649100247,2981,85.7304
2981_4,0.06950000000000012,66.74364961000022,960.3402821582749,2981,85.7304
2989_1,0.07490000000000019,99.6081088150002,1329.8812925901193,2989,83.916
2989_2,0.06390000000000007,80.63712187499995,1261.9267899061012,2989,83.916
2989_3,0.09450000000000003,86.8213950899999,918.7449215873003,2989,83.916
2989_4,0.06659999999999999,79.0003445249999,1186.191359234233,2989,83.916
2989_5,0.08339999999999992,107.08446981499993,1283.9864486211036,2989,83.916
2990_2,0.08050000000000002,72.9561721400001,906.2878526708085,2990,83.0088
2990_3,0.061100000000000154,71.25215103500025,1166.1563180851076,2990,83.0088
2990_4,0.10829999999999995,92.8617001649998,857.4487549861482,2990,83.0088
2990_5,0.08889999999999998,79.24703598999992,891.4177276715403,2990,83.0088
2993_1,0.08889999999999976,120.55063904999963,1356.0251861642291,2993,97.0704
2993_2,0.04170000000000007,69.5008168700002,1666.6862558753016,2993,97.0704
2993_3,0.1028,120.79142579499992,1175.0138696011666,2993,97.0704
2993_4,0.0777000000000001,89.47322389999998,1151.5215431145414,2993,97.0704
2996_1,0.05830000000000024,67.3471589350003,1155.1828290737567,2996,103.8744
2996_2,0.06940000000000013,104.99449282500008,1512.8889456051857,2996,103.8744
2996_3,0.061000000000000165,96.78742462500013,1586.6790922131127,2996,103.8744
2996_4,0.07219999999999982,122.34803437499971,1694.5711132271472,2996,103.8744
2999_1,0.10830000000000006,110.10444988500016,1016.6615871191145,2999,96.1632
2999_2,0.08050000000000002,75.42570193499988,936.9652414285697,2999,96.1632
2999_3,0.09450000000000003,85.30320103000012,902.679375978837,2999,96.1632
2999_4,0.09720000000000018,87.73000363500029,902.572053858026,2999,96.1632
2999_5,0.09440000000000004,79.86930553999998,846.0731519067791,2999,96.1632
3034_1,0.10549999999999993,87.96692514999991,833.8097170616111,3034,93.8952
3034_2,0.08610000000000007,65.07878707500008,755.85118554007,3034,93.8952
3034_3,0.08339999999999992,69.60775705000002,834.625384292567,3034,93.8952
3034_4,0.08340000000000014,65.0359822400001,779.8079405275778,3034,93.8952
3034_5,0.10270000000000001,75.33959951000014,733.589089678677,3034,93.8952
3035_1,0.06389999999999985,108.69188451999979,1700.9684588419414,3035,92.5344
3035_2,0.06389999999999985,112.34568679999992,1758.1484632237903,3035,92.5344
3035_3,0.07219999999999982,123.93982098999969,1716.6180192520776,3035,92.5344
3035_4,0.06390000000000029,108.63691363000038,1700.10819452269,3035,92.5344
3035_5,0.06950000000000012,116.06497604000029,1669.9996552517998,3035,92.5344
3036_1,0.05270000000000019,63.210703805000215,1199.4440949715367,3036,90.72
3036_2,0.06109999999999971,78.36405869999965,1282.554152209493,3036,90.72
3036_3,0.055600000000000094,67.09416203000018,1206.7295329136703,3036,90.72
3036_4,0.05559999999999987,67.05517286999988,1206.0282890287776,3036,90.72
3037_1,0.1277999999999999,189.68004946499994,1484.1944402582164,3037,94.3488
3037_2,0.11939999999999973,174.88176714999926,1464.6714166666638,3037,94.3488
3037_3,0.13890000000000002,201.674966615,1451.9436041396684,3037,94.3488
3037_4,0.08889999999999998,115.76335749499981,1302.1749999437552,3037,94.3488
3037_5,0.09430000000000005,136.17355066000007,1444.0461363732768,3037,94.3488
3043_1,0.09729999999999994,129.9249950549998,1335.30313520041,3043,107.0496
3043_2,0.1028,131.69462311499993,1281.0761003404662,3043,107.0496
3043_3,0.09170000000000011,123.04815631000021,1341.8555758996733,3043,107.0496
3043_4,0.10560000000000014,136.1417539550002,1289.2211548768942,3043,107.0496
3043_5,0.09450000000000003,111.37630562000007,1178.585244656085,3043,107.0496
3044_1,0.05830000000000002,79.8998388150002,1370.4946623499172,3044,114.7608
3044_2,0.050000000000000266,83.56430034500035,1671.286006899998,3044,114.7608
3044_3,0.04719999999999991,87.60999645999985,1856.1439927966105,3044,114.7608
3044_4,0.07780000000000009,113.05406776999999,1453.1371178663221,3044,114.7608
3044_5,0.07220000000000004,62.52150801999978,865.9488645429327,3044,114.7608
3046_1,0.05830000000000024,59.469933115000096,1020.0674633790712,3046,78.9264
3046_2,0.05830000000000024,53.572418170000375,918.9094025729014,3046,78.9264
3046_3,0.04730000000000012,55.00514197500008,1162.8994075052842,3046,78.9264
3046_4,0.04720000000000013,54.67926996000006,1158.459109322032,3046,78.9264
3053_1,0.06400000000000006,71.15964230499999,1111.8694110156239,3053,93.8952
3053_2,0.06669999999999998,73.90154042999995,1107.969121889055,3053,93.8952
3053_3,0.044399999999999995,39.23165314500008,883.595791554056,3053,93.8952
3053_4,0.06659999999999977,68.62385372499989,1030.388194069071,3053,93.8952
3053_5,0.08889999999999998,92.92834433500002,1045.3132096175482,3053,93.8952
3055_1,0.05279999999999996,57.16281817500003,1082.629132102274,3055,93.4416
3055_2,0.055500000000000105,67.58731362000019,1217.7894345945956,3055,93.4416
3055_3,0.052799999999999736,66.89373573999978,1266.926813257578,3055,93.4416
3055_4,0.05559999999999987,67.28784277499989,1210.2129995503606,3055,93.4416
3055_5,0.050000000000000044,55.63226724500002,1112.6453448999994,3055,93.4416
3065_1,0.03620000000000001,35.656652879999854,984.9904110497195,3065,82.5552
3065_2,0.03610000000000002,31.82851509499989,881.676318421049,3065,82.5552
3065_3,0.0360999999999998,33.813435169999835,936.6602540166211,3065,82.5552
3065_4,0.033299999999999885,27.91060194499995,838.156214564566,3065,82.5552
3065_5,0.030500000000000194,28.993956755000205,950.6215329508203,3065,82.5552
3132_1,0.08340000000000014,95.62458245500004,1146.5777272781759,3132,97.9776
3132_2,0.07499999999999973,91.0093578299999,1213.4581044000029,3132,97.9776
3132_3,0.08889999999999998,107.96752880500011,1214.4828886951648,3132,97.9776
3132_4,0.08619999999999983,108.01831011499979,1253.1126463457076,3132,97.9776
3132_5,0.08339999999999992,98.37564027499991,1179.5640320743405,3132,97.9776
3140_1,0.05279999999999996,71.25462085000005,1349.519334280305,3140,83.916
3140_2,0.055500000000000105,64.12594382000026,1155.4224111711737,3140,83.916
3140_3,0.055499999999999994,64.7754146099999,1167.1245875675659,3140,83.916
3140_4,0.04720000000000002,55.025471034999896,1165.7938778601667,3140,83.916
3140_5,0.05269999999999997,60.66807599999985,1151.1968880455386,3140,83.916
3172_1,0.008299999999999974,2.5969594900000343,312.8866855421738,3172,73.4832
3172_2,0.024899999999999922,16.588661449999957,666.2113032128518,3172,73.4832
3172_3,0.013900000000000023,7.797453749999972,560.9678956834503,3172,73.4832
3172_4,0.02499999999999991,19.5863274449999,783.4530977999988,3172,73.4832
3172_5,0.008299999999999974,2.730353325000008,328.9582319277128,3172,73.4832
3222_1,0.0806,58.255141629999954,722.7685065756817,3222,87.5448
3222_2,0.0693999999999999,50.09329485999998,721.8054014409229,3222,87.5448
3222_3,0.07230000000000003,52.61026671000003,727.6662062240665,3222,87.5448
3222_4,0.06659999999999999,47.623906800000015,715.073675675676,3222,87.5448
3222_5,0.08880000000000021,60.99338774000022,686.8624745495504,3222,87.5448
3228_1,0.06649999999999956,76.29021717499948,1147.2213109022555,3228,93.8952
3228_2,0.05840000000000001,73.37772392999966,1256.4678755136927,3228,93.8952
3228_3,0.055500000000000105,79.04525322000003,1424.2387967567547,3228,93.8952
3228_4,0.04170000000000007,59.85817985000031,1435.4479580335783,3228,93.8952
3228_5,0.05559999999999987,76.86429632499998,1382.4513727518015,3228,93.8952
3232_1,0.03330000000000011,33.28991346000043,999.6971009009105,3232,85.2768
3232_2,0.03620000000000001,29.659745154999783,819.3299766574523,3232,85.2768
3232_3,0.044399999999999995,42.050462505000006,947.0824888513516,3232,85.2768
3232_4,0.03330000000000011,35.03325823500002,1052.049796846844,3232,85.2768
3232_5,0.03059999999999974,34.64621964999973,1132.2294003267982,3232,85.2768
3233_1,0.022199999999999998,11.408110515000013,513.8788520270276,3233,80.7408
3233_2,0.013900000000000023,5.32012050000007,382.74248201439286,3233,80.7408
3233_3,0.03059999999999996,23.08549095500005,754.4278089869307,3233,80.7408
3233_4,0.019500000000000073,9.660937240000008,495.43267897435754,3233,80.7408
3233_5,0.011099999999999888,18.414086319999818,1658.9266954954958,3233,80.7408
3247_1,0.050000000000000044,58.29339910499984,1165.8679820999957,3247,87.9984
3247_2,0.044399999999999995,47.002240109999846,1058.609011486483,3247,87.9984
3247_3,0.050000000000000044,56.38649088500018,1127.7298177000025,3247,87.9984
3247_4,0.04999999999999982,62.23451217499974,1244.6902434999993,3247,87.9984
3247_5,0.050000000000000044,57.2362884999999,1144.725769999997,3247,87.9984
3248_1,0.08060000000000023,108.17784359000024,1342.156868362282,3248,81.1944
3248_2,0.07780000000000009,103.66793160000012,1332.4926940874036,3248,81.1944
3248_3,0.07230000000000003,127.0355595350001,1757.06168098202,3248,81.1944
3248_4,0.07489999999999997,97.7901377099998,1305.6093152202916,3248,81.1944
3248_5,0.0806,103.98109519999996,1290.0880297766744,3248,81.1944
3250_1,0.04170000000000007,51.72806980000011,1240.481290167866,3250,83.4624
3250_2,0.03330000000000011,43.579934380000175,1308.7067381381391,3250,83.4624
3250_3,0.03610000000000002,41.25313376500015,1142.7460876731336,3250,83.4624
3250_4,0.038799999999999946,44.10833277499995,1136.8127003865982,3250,83.4624
3252_1,0.03890000000000016,46.244613405000216,1188.8075425449879,3252,88.452
3252_2,0.033299999999999885,31.275903425000095,939.2163190690752,3252,88.452
3252_3,0.03059999999999996,31.525806819999822,1030.255124836597,3252,88.452
3252_4,0.0360999999999998,40.06853739499974,1109.9317837950127,3252,88.452
3252_5,0.033400000000000096,37.21622583000004,1114.2582583832316,3252,88.452
