session_pitch,fp_br_duration_s,stp_j,jfp_j,reconstructed_total_j,stp_mean_power_w,jfp_mean_power_w,total_mean_power_w,official_total_j,session,session_mass_kg
1031_2,0.15280000000000005,232.06039496000002,179.54452541500004,411.60492037500006,1518.7198623036645,1175.029616590314,2693.7494788939784,471.6631,1031,110.6784
1031_3,0.1472,233.28326639500006,186.86069087000016,420.1439572650002,1584.8047988790765,1269.434041236414,2854.238840115491,468.4177,1031,110.6784
1097_1,0.17779999999999996,133.914091365,156.51380960500006,290.42790097000005,753.1726173509562,880.2801440101243,1633.4527613610805,307.9884,1097,101.1528
1097_2,0.16939999999999988,120.057267685,176.97165536000009,297.02892304500006,708.7205884592685,1044.6969029515951,1753.4174914108635,309.2342,1097,101.1528
1097_3,0.18059999999999998,127.162774435,152.968097525,280.13087196,704.1128152547066,846.999432585825,1551.1122478405316,299.2725,1097,101.1528
1170_1,0.16670000000000007,147.06567500500003,130.28654197499995,277.35221698,882.217606508698,781.562939262147,1663.780545770845,303.318,1170,82.1016
1170_2,0.1610999999999999,152.78837407000003,127.11422406500014,279.9025981350002,948.4070395406587,789.0392555245203,1737.446295065179,312.3441,1170,82.1016
1250_1,0.13890000000000002,144.39590051,132.0941098299999,276.4900103399999,1039.5673182865369,951.0015106551467,1990.5688289416837,316.5749,1250,78.4728
1250_3,0.1361,154.461927825,203.19890761500014,357.66083544000014,1134.9149729977958,1493.0118120132265,2627.9267850110223,354.5257,1250,78.4728
1313_1,0.16110000000000002,101.09573961000002,170.80066274500004,271.8964023550001,627.5340757914339,1060.2151629112354,1687.7492387026693,284.4986,1313,84.3696
1313_2,0.16110000000000002,103.87302457000003,180.77855291500003,284.6515774850001,644.7735851644942,1122.1511664494103,1766.9247516139046,296.415,1313,84.3696
1313_3,0.16110000000000002,101.81544926500004,182.16390007500002,283.97934934000006,632.0015472687774,1130.7504660148975,1762.7520132836748,304.2037,1313,84.3696
1346_1,0.14449999999999985,116.54226105499998,126.4080601150001,242.95032117000008,806.5208377508658,874.7962637716279,1681.3171015224937,256.3051,1346,72.1224
1346_2,0.14439999999999986,117.84113829999998,129.64585683500007,247.48699513500006,816.0743649584495,897.8244933171759,1713.8988582756253,259.3172,1346,72.1224
1346_3,0.1472000000000001,115.233824865,123.9866177749999,239.2204426399999,782.8384841372277,842.3003924932052,1625.1388766304328,253.9354,1346,72.1224
1370_1,0.13880000000000003,142.34884984,238.78025413499998,381.129103975,1025.568082420749,1720.3188338256477,2745.886916246397,388.613,1370,104.328
1370_2,0.15549999999999997,148.14194396,240.026904255,388.168848215,952.6813116398715,1543.5813778456595,2496.262689485531,395.2574,1370,104.328
1370_3,0.1360999999999999,143.63238064499996,235.94809504500012,379.58047569000007,1055.3444573475392,1733.637729941222,2788.982187288761,385.7808,1370,104.328
1371_2,0.15549999999999997,180.353883025,176.09372686,356.447609885,1159.832045176849,1132.435542508039,2292.267587684888,392.6409,1371,99.3384
1371_3,0.16110000000000002,186.15927077499998,176.90585718999992,363.0651279649999,1155.5510290192424,1098.1120868404712,2253.6631158597133,397.3924,1371,99.3384
1393_1,0.15279999999999994,112.376126105,138.60270252000004,250.97882862500003,735.4458514725134,907.0857494764404,1642.5316009489538,251.1584,1393,88.9056
1393_2,0.1583,111.00855460000002,130.52074377500003,241.52929837500005,701.25429311434,824.5151217624765,1525.7694148768167,242.7314,1393,88.9056
1393_3,0.1472,105.267488015,124.12385878499997,229.39134679999995,715.13239140625,843.2327363111411,1558.365127717391,232.9959,1393,88.9056
1394_1,0.13890000000000002,173.52066374,190.62074178499995,364.141405525,1249.2488390208782,1372.3595520878323,2621.6083911087107,373.0587,1394,94.3488
1394_2,0.14170000000000005,165.65899628,191.36828352999993,357.0272798099999,1169.0825425546925,1350.5171738179242,2519.599716372617,362.2623,1394,94.3488
1394_3,0.1472,170.72401582999998,171.17408036499995,341.89809619499994,1159.8098901494564,1162.8673937839671,2322.6772839334235,361.7988,1394,94.3488
1403_1,0.1472,116.92798465999998,115.27652171999993,232.2045063799999,794.3477218749998,783.1285442934778,1577.4762661684777,249.7014,1403,70.308
1403_2,0.1471999999999999,113.380589865,105.06607556500008,218.44666543000008,770.2485724524463,713.7641003057076,1484.012672758154,240.633,1403,70.308
1403_3,0.14169999999999994,114.12534368499999,112.56763863000005,226.69298231500005,805.4011551517293,794.4081766407911,1599.8093317925204,246.4785,1403,70.308
1561_1,0.14440000000000008,193.49685067499996,194.89776431999985,388.3946149949998,1340.005891101107,1349.7075091412723,2689.7134002423795,420.8785,1561,118.3896
1561_2,0.1583000000000001,216.77386351500002,201.69239126999986,418.4662547849999,1369.3863772267837,1274.1149164245087,2643.5012936512926,444.5309,1561,118.3896
1561_3,0.1499999999999999,211.385502165,204.47087116500003,415.85637333,1409.2366811000009,1363.139141100001,2772.3758222000015,450.148,1561,118.3896
1562_1,0.1028,152.82046222499994,165.26116774499988,318.0816299699998,1486.5803718385207,1607.5989080252907,3094.1792798638116,328.3695,1562,95.7096
1562_2,0.11109999999999998,157.12482847499996,187.154337985,344.27916645999994,1414.2648827632763,1684.557497614762,3098.822380378038,348.0976,1562,95.7096
1562_3,0.11119999999999997,157.37183492499994,180.86367178999996,338.23550671499993,1415.2143428507193,1626.471868615108,3041.6862114658275,347.7448,1562,95.7096
1574_1,0.1583000000000001,114.77245984000005,162.99960278000003,277.7720626200001,725.0313319014527,1029.6879518635496,1754.7192837650025,277.8616,1574,87.0912
1574_2,0.15559999999999996,142.32397140999996,177.73857607999997,320.06254748999993,914.6784794987146,1142.278766580977,2056.9572460796917,322.5328,1574,87.0912
1574_3,0.15829999999999989,146.15671061999998,180.778718645,326.935429265,923.2893911560334,1142.0007494946312,2065.290140650665,331.3063,1574,87.0912
1581_1,0.125,158.9165981,161.49542354999994,320.41202164999993,1271.3327848,1291.9633883999995,2563.2961731999994,327.9723,1581,94.8024
1581_2,0.11949999999999994,152.52769026499993,163.8181828249999,316.3458730899998,1276.3823453138077,1370.8634546025103,2647.245799916318,322.1963,1581,94.8024
1581_3,0.125,154.88052651000004,160.83882445500015,315.7193509650002,1239.0442120800003,1286.7105956400012,2525.7548077200017,326.1872,1581,94.8024
1601_1,0.15000000000000013,162.22307161000003,245.09178961499993,407.31486122499996,1081.487144066666,1633.945264099998,2715.432408166664,410.5929,1601,103.8744
1601_2,0.16389999999999993,166.52253730500007,247.928117195,414.45065450000004,1016.0008377364255,1512.6791775167792,2528.6800152532046,419.0646,1601,103.8744
1601_3,0.1472,164.68735702,271.09991201500003,435.787269035,1118.7999797554348,1841.7113587975546,2960.5113385529894,435.4523,1601,103.8744
1603_1,0.0777000000000001,89.62509772000007,84.01922184000007,173.64431956000016,1153.4761611325605,1081.328466409266,2234.8046275418264,187.9939,1603,91.1736
1603_2,0.0806,92.38995907500004,84.3191739400002,176.70913301500025,1146.2774078784123,1046.143597270474,2192.4210051488863,191.65,1603,91.1736
1603_3,0.07220000000000004,82.18843077999993,71.26659746499975,153.45502824499968,1138.343916620497,987.0719870498574,2125.4159036703545,170.6088,1603,91.1736
1612_1,0.12769999999999992,168.39359747999995,164.74745558000004,333.14105306,1318.6656028191078,1290.1131995301498,2608.7788023492576,359.8059,1612,91.1736
1612_2,0.125,165.54831590000003,163.2114531699999,328.75976906999995,1324.3865272000003,1305.6916253599993,2630.0781525599996,350.7754,1612,91.1736
1612_3,0.12780000000000002,172.41313669000004,170.22960353499994,342.642740225,1349.085576604069,1332.0000276604062,2681.0856042644755,362.1944,1612,91.1736
1615_1,0.12780000000000014,137.93824546500005,123.11715656999993,261.055402035,1079.3289942488254,963.3580326291064,2042.6870268779319,295.1979,1615,87.5448
1615_2,0.10550000000000015,125.70772823000011,122.20360714000002,247.91133537000013,1191.5424476777246,1158.3280297630317,2349.870477440756,275.5705,1615,87.5448
1620_1,0.13890000000000002,135.381999885,169.24939752500003,304.63139741000003,974.6724253779696,1218.498182325414,2193.1706077033837,341.2411,1620,92.0808
1620_3,0.13890000000000002,133.61073766999996,187.24319771499984,320.8539353849998,961.9203575953919,1348.0431800935912,2309.963537688983,352.4165,1620,92.0808
1623_1,0.14450000000000007,169.95496023000004,168.75215129999998,338.70711153,1176.158894325259,1167.834957093425,2343.9938514186842,351.9849,1623,81.648
1623_2,0.14159999999999995,172.61400953999993,176.29346683499998,348.9074763749999,1219.0254911016948,1245.0103590042377,2464.0358501059322,363.5095,1623,81.648
1623_3,0.14440000000000008,168.83977425000003,179.33840436499997,348.178178615,1169.2505141966753,1241.955708898891,2411.206223095566,358.2811,1623,81.648
1665_1,0.13890000000000002,171.63826578999996,231.48681557499972,403.1250813649997,1235.6966579553632,1666.5717464002857,2902.2684043556487,444.9374,1665,106.596
1665_2,0.13050000000000006,157.34335176,227.36202359999982,384.70537535999983,1205.6961820689648,1742.23772873563,2947.933910804595,426.1089,1665,106.596
1665_3,0.13890000000000002,167.64320346000005,253.44960736,421.09281082000007,1206.934510151188,1824.691197696184,3031.6257078473723,454.6683,1665,106.596
1668_1,0.125,117.23040520499998,144.16434407000008,261.3947492750001,937.8432416399999,1153.3147525600007,2091.1579942000008,285.4081,1668,81.648
1668_2,0.125,121.23408724499996,142.27954211999977,263.5136293649997,969.8726979599996,1138.2363369599982,2108.1090349199976,285.9558,1668,81.648
1668_3,0.1360999999999999,123.18281255999996,154.36694930500002,277.549761865,905.0904670095523,1134.2171146583405,2039.307581667893,302.0997,1668,81.648
1688_1,0.14170000000000016,195.62328514500012,224.95845008999987,420.581735235,1380.5454138673247,1587.5684551164404,2968.1138689837653,451.6136,1688,106.596
1688_2,0.12780000000000014,173.18333337000007,224.9332108050001,398.1165441750002,1355.1121546948348,1760.0407731220646,3115.1529278168996,438.5334,1688,106.596
1717_1,0.13060000000000005,110.55663010000004,122.46875109000001,233.02538119000005,846.5285612557427,937.7392885911177,1784.2678498468604,240.2924,1717,103.4208
1717_3,0.125,105.54454067500002,105.34171617999998,210.886256855,844.3563254000002,842.7337294399998,1687.09005484,216.8273,1717,103.4208
1718_1,0.12220000000000009,140.05402752500007,234.36187316000007,374.4159006850001,1146.104971563011,1917.8549358428797,3063.9599074058906,377.9251,1718,97.524
1718_2,0.13329999999999997,144.82624772999992,238.22209396499994,383.04834169499986,1086.4684750937731,1787.1124828582144,2873.5809579519873,385.2373,1718,97.524
1718_3,0.125,140.58484367500006,240.60378039000008,381.1886240650001,1124.6787494000005,1924.8302431200007,3049.508992520001,383.7118,1718,97.524
1729_1,0.14720000000000022,227.94003162000004,159.4475864699997,387.3876180899997,1548.5056495923893,1083.2037124320616,2631.7093620244505,423.812,1729,105.6888
1729_2,0.1472,227.18961382,170.28664429500006,397.47625811500006,1543.4077025815218,1156.8386161345113,2700.246318716033,429.571,1729,105.6888
1729_3,0.14159999999999973,218.88043129999986,168.6071327250003,387.48756402500015,1545.7657577683635,1190.7283384533941,2736.494096221758,419.52,1729,105.6888
1759_1,0.12770000000000015,149.83551912500005,183.6498618199999,333.485380945,1173.3400088097094,1438.135174784649,2611.4751835943584,343.3157,1759,79.38
1759_2,0.125,146.16855253500003,174.84687970000007,321.0154322350001,1169.3484202800003,1398.7750376000006,2568.123457880001,335.1075,1759,79.38
1759_3,0.13059999999999983,152.22910958499992,170.92079694499992,323.14990652999984,1165.6133965160805,1308.735045520675,2474.3484420367554,340.9463,1759,79.38
1778_1,0.13890000000000002,174.219270095,184.538608225,358.75787832000003,1254.2784024118068,1328.571693484521,2582.850095896328,369.2913,1778,88.452
1778_2,0.1472,179.28279383,174.02878938499998,353.311583215,1217.9537624320653,1182.2607974524456,2400.214559884511,367.8435,1778,88.452
1779_1,0.15000000000000013,217.17113214999995,176.83984707999983,394.01097922999975,1447.807547666665,1178.9323138666646,2626.7398615333295,419.6907,1779,103.4208
1779_2,0.1473000000000001,220.45699358,180.26808512999992,400.72507870999993,1496.6530453496255,1223.8159207739293,2720.468966123555,426.5238,1779,103.4208
1779_3,0.15550000000000008,225.53605932,183.81740645999994,409.35346577999996,1450.3926644372982,1182.1055077813494,2632.498172218648,424.5169,1779,103.4208
1782_1,0.12780000000000014,126.24076706000004,80.06751866499995,206.308285725,987.799429264475,626.5064058294199,1614.305835093895,265.0167,1782,97.524
1782_2,0.13339999999999996,129.25631066999995,75.80246615499993,205.05877682499988,968.9378610944526,568.2343789730131,1537.1722400674657,261.858,1782,97.524
1782_3,0.1361000000000001,131.676134565,85.67146953499989,217.3476040999999,967.4954780675967,629.4744271491537,1596.9699052167502,268.0292,1782,97.524
1782_4,0.13049999999999984,129.44808437999993,105.50251173500003,234.95059611499994,991.9393439080467,808.4483657854419,1800.3877096934884,270.3601,1782,97.524
1783_2,0.1805000000000001,177.26546921000002,193.96615911,371.23162832,982.0801618282544,1074.6047596121878,2056.6849214404424,371.9017,1783,90.2664
1783_3,0.17500000000000004,169.38002143500003,203.90652382500005,373.2865452600001,967.8858367714286,1165.1801361428572,2133.065972914286,372.6439,1783,90.2664
1783_4,0.18059999999999998,177.50570107499996,203.15538225499998,380.66108332999994,982.8665618770763,1124.891374612403,2107.7579364894796,380.8976,1783,90.2664
1783_5,0.18049999999999988,178.02642525,190.98036808500004,369.006793335,986.2959847645435,1058.0629810803332,2044.3589658448766,369.8855,1783,90.2664
1808_1,0.12230000000000008,134.81420799500003,130.08581677,264.900024765,1102.3238593213405,1063.6616252657393,2165.9854845870796,292.961,1808,98.4312
1808_2,0.1166999999999998,135.5638216999999,135.21158508499997,270.77540678499986,1161.6437163667533,1158.6254077549288,2320.269124121682,292.9696,1808,98.4312
1808_3,0.11390000000000011,122.01728779500009,126.60647339000003,248.62376118500012,1071.266793634767,1111.5581509218605,2182.8249445566275,276.2364,1808,98.4312
1808_4,0.11119999999999997,126.41384586000002,123.96382176500003,250.37766762500007,1136.8151606115114,1114.7825698291374,2251.597730440649,271.2171,1808,98.4312
1808_5,0.10559999999999992,118.63336110499985,117.06984182999987,235.70320293499972,1123.4219801609843,1108.6159264204541,2232.0379065814386,255.0459,1808,98.4312
1826_1,0.1472,162.09893693999996,198.78070281999996,360.8796397599999,1101.2156042119564,1350.4123832880432,2451.6279874999996,374.1553,1826,91.1736
1826_2,0.1361000000000001,155.65084514000011,193.84234088,349.4931860200001,1143.6505888317413,1424.264077002203,2567.9146658339446,368.9358,1826,91.1736
1826_3,0.14439999999999986,162.23297608999997,215.63393236500013,377.8669084550001,1123.497064335181,1493.3097809210549,2616.806845256236,387.3563,1826,91.1736
1826_4,0.1472,175.453473545,210.977882005,386.43135555000003,1191.939358322011,1433.2736549252718,2625.213013247283,397.0044,1826,91.1736
1826_5,0.14169999999999994,164.04521882999995,212.4075649300001,376.45278376000005,1157.6938520112917,1498.9948124911798,2656.6886645024715,391.2377,1826,91.1736
1830_1,0.15000000000000013,146.55723833500005,99.24938871499992,245.80662704999997,977.0482555666662,661.6625914333322,1638.7108469999985,291.2991,1830,84.3696
1830_2,0.1499999999999999,146.61975368499998,98.04158683500006,244.66134052000004,977.4650245666671,653.6105789000007,1631.0756034666679,289.5545,1830,84.3696
1830_3,0.1472,142.80594617500003,100.23727971500013,243.04322589000014,970.1490908627719,680.9597806725552,1651.1088715353271,287.1425,1830,84.3696
1830_4,0.14169999999999994,150.23000320499997,97.88099050500003,248.11099371,1060.1976231827807,690.762106598448,1750.9597297812288,293.5796,1830,84.3696
1830_5,0.15000000000000013,146.82426107500004,97.806763565,244.63102464000002,978.828407166666,652.0450904333327,1630.8734975999987,290.1341,1830,84.3696
1845_1,0.13050000000000006,124.54324851500009,162.09054352500002,286.6337920400001,954.3543947509581,1242.0731304597696,2196.4275252107277,315.9934,1845,92.5344
1845_2,0.13879999999999992,133.49784522,156.48158697000002,289.97943219,961.8000376080696,1127.3889551152745,2089.188992723344,322.028,1845,92.5344
1845_3,0.13890000000000013,136.68687995500002,170.18225372499992,306.86913367999995,984.0668103311727,1225.2142096832235,2209.2810200143963,330.7241,1845,92.5344
2653_1,0.13050000000000006,160.45084182000008,148.24900129,308.6998431100001,1229.5083664367817,1136.007672720306,2365.5160391570876,308.6862,2653,77.112
2653_2,0.1277999999999999,155.55218863499996,160.72468587500006,316.27687451,1217.153275704226,1257.626650039125,2474.7799257433508,316.5938,2653,77.112
2653_3,0.125,157.71669934999997,170.20275556499993,327.9194549149999,1261.7335947999998,1361.6220445199995,2623.355639319999,327.8291,2653,77.112
2653_4,0.1361000000000001,155.40618712500003,151.708866625,307.11505375,1141.8529546289485,1114.6867496326222,2256.5397042615705,307.3103,2653,77.112
2653_5,0.12780000000000014,166.45716367500003,161.58352722499993,328.04069089999996,1302.4817188967124,1264.3468483959293,2566.8285672926418,327.8189,2653,77.112
2655_1,0.13060000000000005,136.84367155500001,172.164395375,309.00806693000004,1047.807592304747,1318.257238705972,2366.064831010719,322.804,2655,94.3488
2655_2,0.12219999999999986,137.1557493599999,170.4984144949999,307.6541638549998,1122.3874743044194,1395.2407078150582,2517.6281821194775,331.0938,2655,94.3488
2655_3,0.125,135.55323184000002,163.84882853500002,299.402060375,1084.4258547200002,1310.7906282800002,2395.216483,325.3677,2655,94.3488
2655_4,0.1360999999999999,146.45902586999998,172.46507160000004,318.92409747,1076.113342174872,1267.1937663482747,2343.307108523147,337.663,2655,94.3488
2655_5,0.11939999999999995,128.33856684,165.0931952250001,293.4317620650001,1074.8623688442215,1382.690077261308,2457.5524461055293,313.4139,2655,94.3488
2730_1,0.13059999999999983,135.63316436499994,141.66875997000008,277.301924335,1038.5387776799396,1084.7531391271077,2123.2919168070475,309.8776,2730,89.8128
2730_2,0.15270000000000006,139.84518381999993,154.2042470499998,294.0494308699997,915.8165279633259,1009.8509957432858,1925.6675237066115,324.4508,2730,89.8128
2730_3,0.13050000000000006,138.92617864499996,152.38304889999984,291.30922754499977,1064.5684187356314,1167.686198467431,2232.2546172030625,319.3906,2730,89.8128
2730_5,0.1360999999999999,140.20338724499993,149.47236064999998,289.6757478949999,1030.1497960690672,1098.2539357090382,2128.4037317781053,318.3983,2730,89.8128
2734_1,0.15829999999999989,174.11133983999997,125.9902922400001,300.10163208000006,1099.8821215413777,795.895718509161,1895.7778400505388,322.6383,2734,87.9984
2734_2,0.16670000000000007,181.60877383500005,125.48361546999993,307.092389305,1089.434756058788,752.751142591481,1842.185898650269,330.8362,2734,87.9984
2734_3,0.16379999999999995,183.49340280999994,113.79965059000006,297.29305339999996,1120.2283443833944,694.7475615995122,1814.9759059829064,318.0924,2734,87.9984
2734_4,0.15549999999999997,185.717686325,122.16665435000002,307.884340675,1194.3259570739551,785.6376485530549,1979.9636056270099,328.6867,2734,87.9984
2734_5,0.16660000000000008,183.75052813499997,98.77313970499988,282.52366783999986,1102.9443465486188,592.8759886254492,1695.8203351740678,311.4866,2734,87.9984
2742_1,0.1388999999999998,218.93540999499982,185.72431214000002,404.6597221349998,1576.2088552555804,1337.108078761701,2913.3169340172813,424.3964,2742,99.792
2742_2,0.12219999999999986,196.77735588499985,181.21608827499983,377.9934441599997,1610.2893280278238,1482.946712561375,3093.236040589199,391.2143,2742,99.792
2742_3,0.125,193.629663175,179.10919827,372.738861445,1549.0373054,1432.87358616,2981.91089156,386.477,2742,99.792
2742_4,0.14169999999999994,233.85725433999994,197.38866732,431.2459216599999,1650.368767395907,1393.0040036697253,3043.372771065632,433.7215,2742,99.792
2742_5,0.10559999999999992,179.447538095,151.299780885,330.74731898,1699.3138077178044,1432.763076562501,3132.0768842803054,339.6931,2742,99.792
2753_1,0.1472,142.73220213500002,122.21393762000007,264.9461397550001,969.6481123301633,830.2577283967396,1799.9058407269029,279.4403,2753,84.3696
2753_2,0.1499999999999999,146.28471448499997,130.45348135000003,276.738195835,975.2314299000003,869.6898756666674,1844.9213055666678,286.7595,2753,84.3696
2753_3,0.15280000000000005,142.18958588499996,134.6231139549999,276.8126998399998,930.5601170484288,881.0413216950252,1811.6014387434539,287.946,2753,84.3696
2753_4,0.1473,143.55149063000005,130.9498841500001,274.5013747800001,974.5518712152075,889.0012501697223,1863.5531213849297,286.2008,2753,84.3696
2753_5,0.1472,142.68757500500007,128.73258923000003,271.42016423500013,969.3449388926635,874.5420463994567,1843.8869852921205,284.5844,2753,84.3696
2760_1,0.13329999999999997,121.12157956999997,154.15934193999993,275.28092150999987,908.6390065266315,1156.484185596399,2065.12319212303,300.2182,2760,82.5552
2760_2,0.1360999999999999,126.59668806,153.43911243000016,280.03580049000016,930.1740489346078,1127.3997974283636,2057.5738463629714,308.2053,2760,82.5552
2760_3,0.12780000000000014,122.34556284000007,155.53971387500002,277.8852767150001,957.3205230046943,1217.0556641236294,2174.376187128324,300.2191,2760,82.5552
2760_4,0.12769999999999992,122.49844681500002,153.20939189500018,275.7078387100002,959.2673987079099,1199.760312411905,2159.0277111198147,297.8567,2760,82.5552
2760_5,0.13329999999999997,126.18363517999998,157.74230002999997,283.9259352099999,946.6139173293324,1183.3630909977494,2129.9770083270814,306.9169,2760,82.5552
2761_2,0.11939999999999995,135.805598565,151.937398195,287.74299676,1137.4003229899502,1272.5075225711896,2409.9078455611398,291.7187,2761,88.9056
2761_3,0.13329999999999997,151.400769275,165.55272975000003,316.95349902500004,1135.789716991748,1241.9559621155292,2377.7456791072777,317.2874,2761,88.9056
2761_4,0.1277999999999999,143.90685859999994,169.63388685999996,313.5407454599999,1126.0317574334902,1327.3387078247267,2453.370465258217,315.3768,2761,88.9056
2761_5,0.11949999999999994,137.8655242,161.26182473,299.12734893000004,1153.6863949790802,1349.4713366527203,2503.1577316318007,301.0391,2761,88.9056
2806_1,0.13059999999999994,120.16116513999998,109.73359854500002,229.894763685,920.0701771822361,840.2266351071981,1760.296812289434,232.0467,2806,82.1016
2806_2,0.11949999999999994,117.485678675,113.43965192000003,230.92533059500005,983.143754602511,949.2857901255237,1932.429544728035,233.5538,2806,82.1016
2806_3,0.13330000000000009,128.859455805,116.52612425499998,245.38558006,966.6875904351083,874.164473030757,1840.8520634658653,246.9422,2806,82.1016
2806_4,0.12770000000000004,121.80324277999995,108.28854050499993,230.09178328499988,953.8233577133901,847.9917032498034,1801.8150609631934,233.2436,2806,82.1016
2806_5,0.125,126.83061917999997,109.87833901999994,236.70895819999993,1014.6449534399998,879.0267121599995,1893.6716655999994,239.2045,2806,82.1016
2811_1,0.21110000000000007,129.009651715,113.93836375499998,242.94801546999997,611.1305149928942,539.736446020843,1150.8669610137372,256.9538,2811,85.2768
2811_2,0.21109999999999984,123.33264515,116.18155359000014,239.51419874000015,584.2380158692567,550.3626413548092,1134.600657224066,254.7644,2811,85.2768
2811_3,0.20840000000000014,129.4348445,119.0373752899999,248.47221978999988,621.0885052783105,571.1966184740875,1192.2851237523978,266.3671,2811,85.2768
2811_4,0.2056,121.68812477000003,119.56679300999996,241.25491777999997,591.8683111381324,581.5505496595329,1173.4188607976653,249.8155,2811,85.2768
2811_5,0.20829999999999993,112.82307006500001,114.20576795000002,227.02883801500002,541.6373982957275,548.2754102256364,1089.9128085213638,239.7136,2811,85.2768
2812_1,0.15279999999999982,68.89579137999996,177.69909330500005,246.594884685,450.8886870418851,1162.9521813154468,1613.8408683573318,262.0259,2812,76.2048
2812_2,0.15000000000000013,76.14422305,170.3772933649999,246.5215164149999,507.62815366666615,1135.8486224333317,1643.4767760999978,265.3885,2812,76.2048
2812_3,0.1499999999999999,70.28799601500005,170.1000486200001,240.38804463500014,468.5866401000006,1134.0003241333347,1602.5869642333353,260.248,2812,76.2048
2812_4,0.15280000000000005,80.04786643499997,170.15511225499998,250.20297868999995,523.8734714332458,1113.5805775850781,1637.4540490183238,268.2301,2812,76.2048
2812_5,0.1584000000000001,69.60271086999998,171.1431560699999,240.74586693999987,439.41105347222185,1080.449217613635,1519.8602710858568,254.5711,2812,76.2048
2815_1,0.14450000000000007,195.90040642,245.32691333499997,441.22731975499994,1355.7121551557086,1697.7641061245665,3053.4762612802747,458.003,2815,97.0704
2815_2,0.16390000000000016,211.79606796000007,254.0857280099999,465.88179597,1292.2273823062835,1550.2484930445373,2842.475875350821,478.8909,2815,97.0704
2815_3,0.16660000000000008,211.17757169499998,240.49709696,451.674668655,1267.5724591536607,1443.5600057623042,2711.132464915965,465.4605,2815,97.0704
2815_4,0.13060000000000005,190.1576081700001,231.9921563150002,422.1497644850003,1456.0306904287904,1776.356480206739,3232.3871706355294,434.5473,2815,97.0704
2815_5,0.14169999999999994,197.63726401500003,233.73549199500016,431.3727560100002,1394.7583910726896,1649.5094706774896,3044.2678617501792,449.4858,2815,97.0704
2818_1,0.12780000000000014,175.68089152,136.89016005999983,312.5710515799998,1374.6548632237857,1071.1280129890429,2445.7828762128283,341.1187,2818,96.1632
2818_2,0.125,169.622298265,145.94092441000004,315.563222675,1356.97838612,1167.5273952800003,2524.5057814,336.3449,2818,96.1632
2818_3,0.125,176.77025461,150.90568069500003,327.67593530500005,1414.16203688,1207.2454455600002,2621.4074824400004,346.4411,2818,96.1632
2818_4,0.13059999999999983,174.37021093999994,165.55911109500005,339.929322035,1335.1470975497716,1267.6807893951016,2602.827886944873,355.6688,2818,96.1632
2818_5,0.13060000000000005,174.590624645,162.45790889499997,337.04853354,1336.8347982006119,1243.934983882082,2580.7697820826943,352.7467,2818,96.1632
2833_1,0.16389999999999993,170.11405142,105.43767796000017,275.5517293800002,1037.9136755338625,643.3049295912155,1681.2186051250783,328.7694,2833,83.916
2833_2,0.15549999999999997,171.18547684499995,106.98188890999987,278.1673657549998,1100.8712337299035,687.9864238585202,1788.8576575884235,328.2726,2833,83.916
2833_3,0.1612,173.36050473,106.19916637500003,279.559671105,1075.437374255583,658.8037616315138,1734.2411358870968,339.9064,2833,83.916
2833_4,0.15279999999999982,166.14516316499996,104.66097808000046,270.8061412450004,1087.3374552683256,684.9540450261818,1772.2915002945072,335.3731,2833,83.916
2833_5,0.1472,173.80908360000006,96.7703278150003,270.5794114150004,1180.7682309782613,657.407118308426,1838.1753492866874,335.0858,2833,83.916
2840_1,0.12230000000000008,151.51440900500006,104.55101383500013,256.0654228400002,1238.8749714227308,854.8733755928051,2093.748347015536,265.6481,2840,84.8232
2840_2,0.1277999999999999,155.43398250500002,113.67009583000014,269.10407833500017,1216.228345109547,889.437369561817,2105.665714671364,283.0346,2840,84.8232
2840_4,0.11670000000000003,146.947324185,105.319754825,252.26707901000003,1259.1887248071978,902.482903384747,2161.671628191945,259.8852,2840,84.8232
2840_5,0.12219999999999986,151.01318216499993,101.62587378499998,252.63905594999991,1235.7870880932905,831.6356283551563,2067.422716448447,265.56,2840,84.8232
2843_1,0.11660000000000004,141.863365965,195.50961325499992,337.37297921999993,1216.6669465265863,1676.7548306603762,2893.4217771869626,337.1422,2843,83.4624
2843_2,0.11950000000000005,138.29147375500003,192.47177696000003,330.763250715,1157.2508264016733,1610.64248502092,2767.8933114225933,330.1769,2843,83.4624
2843_3,0.13049999999999984,147.68568862499995,187.8406345000001,335.5263231250001,1131.6911005747138,1439.3918352490448,2571.082935823759,335.3369,2843,83.4624
2843_4,0.13060000000000005,143.20702090999995,190.53974642499998,333.74676733499996,1096.5315536753437,1458.956710758039,2555.488264433383,333.633,2843,83.4624
2843_5,0.13050000000000006,137.92511463500006,177.21684317499998,315.14195781,1056.8974301532567,1357.9834726053632,2414.8809027586194,315.3318,2843,83.4624
2853_1,0.1499999999999999,144.78172221999998,120.55841815000008,265.3401403700001,965.2114814666671,803.7227876666677,1768.934269133335,301.2641,2853,89.3592
2853_3,0.15280000000000005,115.03276319500003,121.99393537499998,237.02669857,752.8322198625654,798.3896294175389,1551.2218492801044,285.4638,2853,89.3592
2853_4,0.1584000000000001,144.32412616500005,123.22963507000004,267.5537612350001,911.1371601325756,777.9648678661614,1689.102027998737,300.4728,2853,89.3592
2853_5,0.14440000000000008,138.99513423,122.49780800999979,261.49294223999976,962.5701816481989,848.3227701523526,1810.8929518005514,295.4053,2853,89.3592
2857_1,0.13890000000000002,116.05332222999999,101.43670378999997,217.49002601999996,835.5170786897046,730.285844420446,1565.8029231101507,219.9892,2857,69.4008
2857_2,0.1583000000000001,122.72720176000003,116.47830833000002,239.20551009000005,775.2823863550218,735.8073804801007,1511.0897668351224,239.3593,2857,69.4008
2857_3,0.13050000000000006,109.24259914999996,102.31147756499996,211.55407671499992,837.1080394636009,783.995996666666,1621.1040361302669,213.622,2857,69.4008
2857_4,0.15000000000000013,123.84535346000004,112.93207303999999,236.77742650000005,825.6356897333329,752.8804869333326,1578.5161766666656,238.4551,2857,69.4008
2857_5,0.13890000000000002,117.36263935999996,115.57154472999996,232.93418408999992,844.943407919366,832.0485581713458,1676.991966090712,233.5831,2857,69.4008
2859_1,0.15279999999999982,183.978737755,232.51275038000009,416.49148813500005,1204.0493308573311,1521.6803035340338,2725.729634391365,437.8205,2859,93.8952
2859_2,0.14170000000000016,173.55808313000003,221.279420255,394.837503385,1224.8276861679592,1561.604941813689,2786.4326279816482,418.5692,2859,93.8952
2859_3,0.15549999999999997,186.3679813650001,229.96600230500016,416.3339836700003,1198.5079187459817,1478.881043762059,2677.388962508041,436.372,2859,93.8952
2859_4,0.14159999999999995,174.33771209999995,226.7409763399999,401.07868843999984,1231.1985317796612,1601.278081497175,2832.476613276836,425.3184,2859,93.8952
2859_5,0.14440000000000008,187.85580419999997,211.38935729,399.24516149,1300.940472299168,1463.9152166897497,2764.855688988918,431.8689,2859,93.8952
2860_1,0.11109999999999998,170.73485505499997,162.88327913499995,333.6181341899999,1536.7673722322234,1466.0961218271825,3002.8634940594056,333.8325,2860,78.9264
2860_2,0.11389999999999989,171.45125801,165.73988532500007,337.1911433350001,1505.2788236172096,1455.135077480248,2960.4139010974577,338.0511,2860,78.9264
2860_3,0.11109999999999998,170.077992615,164.218935415,334.29692803,1530.855019036904,1478.1182305580562,3008.97324959496,334.4715,2860,78.9264
2860_5,0.11109999999999998,167.84763292499997,168.30168714500002,336.14932007,1510.7797743024303,1514.8666709720976,3025.646445274528,335.9212,2860,78.9264
2861_1,0.13060000000000005,170.93046637,111.4249068549999,282.3553732249999,1308.8090839969368,853.1769284456344,2161.986012442571,304.0718,2861,82.5552
2861_2,0.1277999999999999,169.63385997999995,111.77426530000004,281.40812528,1327.3384974960882,874.6030148669805,2201.941512363069,297.551,2861,82.5552
2861_3,0.1277999999999999,172.02743582999997,124.14193110500011,296.1693669350001,1346.0675730046955,971.3766127151815,2317.444185719877,313.5025,2861,82.5552
2861_4,0.13059999999999983,174.99399881999994,114.9170770300001,289.91107585000003,1339.9234212863719,879.9163631699867,2219.8397844563583,304.3872,2861,82.5552
2861_5,0.11940000000000017,166.04806371500004,117.02297535499984,283.07103906999987,1390.6873007956433,980.0919208961446,2370.779221691788,301.2061,2861,82.5552
2865_1,0.1472,190.05451260500007,138.31490781000014,328.3694204150002,1291.1311997622288,939.639319361414,2230.7705191236428,351.7911,2865,87.5448
2865_2,0.15839999999999987,195.60198906999997,121.44996992500009,317.05195899500006,1234.8610421085866,766.7296081123749,2001.5906502209616,343.8506,2865,87.5448
2865_3,0.15280000000000005,198.31799919500006,122.32268132999988,320.64068052499994,1297.8926648887434,800.5411081806272,2098.4337730693705,346.0019,2865,87.5448
2865_4,0.14440000000000008,192.81211476500005,143.04769347499987,335.8598082399999,1335.2639526662044,990.6349963642645,2325.898949030469,359.2693,2865,87.5448
2865_5,0.1583000000000001,193.166409015,124.90437094499988,318.07077995999987,1220.2552685723301,789.035824036638,2009.291092608968,345.3651,2865,87.5448
2882_1,0.11940000000000017,150.406046765,149.95521768499995,300.36126444999996,1259.682133710216,1255.906345770517,2515.588479480733,314.8081,2882,88.9056
2882_2,0.13329999999999997,148.340853125,153.16597481999997,301.50682794499994,1112.8346070892726,1149.0320691672919,2261.866676256564,314.8401,2882,88.9056
2882_4,0.1361000000000001,148.129309225,156.83956296999997,304.96887219499996,1088.3858135562077,1152.3847389419534,2240.770552498161,319.0502,2882,88.9056
2882_5,0.125,140.41668073,144.86596524,285.28264597,1123.33344584,1158.92772192,2282.26116776,299.5583,2882,88.9056
2889_1,0.15280000000000005,187.45094572000008,161.70288819500016,349.15383391500023,1226.7732049738222,1058.2649750981682,2285.03818007199,389.094,2889,111.132
2889_2,0.14440000000000008,184.5889120450001,156.85183251499998,341.4407445600001,1278.3165654085872,1086.2315271121877,2364.548092520775,373.7124,2889,111.132
2889_3,0.1583000000000001,164.16665051000004,132.85895786999993,297.02560838,1037.060331711939,839.285899368287,1876.346231080226,329.1503,2889,111.132
2889_4,0.15280000000000005,183.02472371000002,163.32957285500004,346.354296565,1197.805783442408,1068.9108171138744,2266.716600556282,366.7064,2889,111.132
2889_5,0.15560000000000018,200.1371163450001,147.18214341499987,347.31925975999997,1286.2282541452432,945.9006646208206,2232.128918766064,376.9289,2889,111.132
2891_1,0.14169999999999994,206.6418384800001,227.75102320500028,434.3928616850004,1458.3051410021185,1607.2760988355708,3065.5812398376897,491.4158,2891,113.8536
2891_2,0.1472,224.43789101999994,212.8254587849996,437.2633498049995,1524.7139335597822,1445.8251276154865,2970.539061175268,503.3017,2891,113.8536
2891_3,0.15829999999999989,212.9602212549999,230.761020595,443.7212418499999,1345.2951437460522,1457.7449184775753,2803.0400622236275,482.4521,2891,113.8536
2891_4,0.1499999999999999,231.89293944500002,221.30883071999992,453.20177016499997,1545.9529296333344,1475.3922048000004,3021.345134433335,498.2411,2891,113.8536
2891_5,0.1499999999999999,205.99381318999997,236.69593719000028,442.68975038000025,1373.292087933334,1577.9729146000027,2951.265002533337,488.1944,2891,113.8536
2905_1,0.125,157.74640924999994,188.65218871999988,346.39859796999986,1261.9712739999995,1509.217509759999,2771.188783759999,366.3199,2905,99.3384
2905_2,0.13330000000000009,171.662317695,200.06850107499992,371.7308187699999,1287.7893300450105,1500.8889803075754,2788.678310352586,391.2802,2905,99.3384
2905_3,0.12780000000000002,180.35087948500004,208.02361850000014,388.3744979850002,1411.1962401017215,1627.7278442879508,3038.9240843896723,397.376,2905,99.3384
2905_4,0.13340000000000019,178.87986437000012,202.48464420499994,381.36450857500006,1340.9285185157412,1517.8758935907022,2858.804412106443,399.6495,2905,99.3384
2905_5,0.13050000000000006,181.75943164000003,200.70009457999996,382.45952622,1392.792579616858,1537.9317592337154,2930.724338850573,394.2534,2905,99.3384
2907_1,0.13880000000000003,143.117718145,118.38713760499985,261.5048557499998,1031.1074794308354,852.9332680475492,1884.0407474783844,272.1039,2907,82.5552
2907_2,0.1277999999999999,140.04670223499997,119.77584173999996,259.8225439749999,1095.827091040689,937.2131591549299,2033.040250195619,268.9688,2907,82.5552
2907_3,0.13049999999999984,141.24310391999998,119.01925698000005,260.26236090000003,1082.3226354023,912.0249577011509,1994.347593103451,271.9571,2907,82.5552
2907_4,0.12769999999999992,141.60991895999996,118.55132542999996,260.1612443899999,1108.9265384494913,928.3580691464372,2037.2846075959285,269.4933,2907,82.5552
2907_5,0.13050000000000006,146.0280336550001,113.04222974000001,259.0702633950001,1118.9887636398469,866.223982681992,1985.212746321839,272.603,2907,82.5552
2916_1,0.1472,238.418666655,145.53571845000005,383.95438510500003,1619.69202890625,988.693739470109,2608.385768376359,385.6575,2916,86.6376
2916_2,0.1388999999999999,220.11527793499997,161.5865308900001,381.70180882500006,1584.7032248740109,1163.3299560115204,2748.0331808855312,383.6939,2916,86.6376
2916_3,0.13890000000000002,216.4698485449999,170.14181,386.6116585449999,1558.4582328653698,1224.923038156947,2783.381271022317,387.9325,2916,86.6376
2916_4,0.1361,199.863515455,167.44924647,367.312761925,1468.5048894562822,1230.339797722263,2698.8446871785454,367.6932,2916,86.6376
2916_5,0.14170000000000005,235.864703665,142.32428408499996,378.18898774999997,1664.5356645377553,1004.4056745589266,2668.941339096682,379.4239,2916,86.6376
2918_1,0.1361000000000001,196.26686912500006,218.7022397299999,414.96910885499994,1442.0783918074937,1606.9231427626723,3049.0015345701663,419.8999,2918,100.2456
2918_2,0.13329999999999986,201.26965564999998,219.6183939600001,420.88804961000005,1509.8998923480883,1647.5498421605425,3157.4497345086306,425.5301,2918,100.2456
2918_3,0.13890000000000002,203.09710852,222.25526787999993,425.3523763999999,1462.1822067674584,1600.1099199424038,3062.2921267098623,432.8623,2918,100.2456
2918_4,0.13890000000000002,195.73777621000002,218.42144652499994,414.15922273499996,1409.1992527717782,1572.508614290856,2981.7078670626343,420.0992,2918,100.2456
2918_5,0.1361000000000001,193.24132609500003,220.75926039499993,414.00058648999993,1419.8480976855244,1622.0371814474634,3041.8852791329873,420.2901,2918,100.2456
2919_1,0.14159999999999995,161.5523470349999,112.93056490499997,274.4829119399999,1140.9064056144066,797.5322380296611,1938.4386436440677,282.9601,2919,84.8232
2919_2,0.15549999999999997,176.50107318,115.78782881500007,292.28890199500006,1135.0551329903537,744.6162624758848,1879.6713954662387,299.6841,2919,84.8232
2919_3,0.1499999999999999,167.62046805499995,124.04175060500002,291.66221865999995,1117.4697870333337,826.9450040333339,1944.4147910666675,299.2537,2919,84.8232
2919_4,0.15000000000000013,173.04989946500004,119.58479470999993,292.63469417499994,1153.6659964333326,797.2319647333321,1950.8979611666646,299.071,2919,84.8232
2919_5,0.1499999999999999,175.74458840999998,126.64235974000007,302.3869481500001,1171.6305894000006,844.2823982666677,2015.9129876666684,305.6213,2919,84.8232
2923_1,0.13049999999999984,144.22043713999997,49.91501732500013,194.1354544650001,1105.13744934866,382.49055421456086,1487.628003563221,225.6844,2923,73.4832
2923_2,0.13050000000000006,135.31881336000004,40.84045142999993,176.15926478999995,1036.9257728735631,312.95365080459703,1349.87942367816,206.7963,2923,73.4832
2923_3,0.12219999999999986,131.62848511999994,42.171566895000076,173.800052015,1077.1561793780695,345.10283874795516,1422.2590181260246,202.6916,2923,73.4832
2923_4,0.1277999999999999,136.90070209499999,46.65652876000009,183.55723085500009,1071.210501525822,365.07455993740314,1436.2850614632255,211.4497,2923,73.4832
2923_5,0.125,131.49550576,47.228091589999934,178.72359734999992,1051.96404608,377.8247327199995,1429.7887787999994,205.2397,2923,73.4832
2926_1,0.1362000000000001,178.01384673500007,58.73801701499999,236.75186375000007,1307.0032799926573,431.2629736784137,1738.2662536710711,288.4937,2926,80.7408
2926_2,0.13339999999999996,176.30065810500002,76.64556720000009,252.9462253050001,1321.5941387181415,574.55447676162,1896.1486154797615,297.5506,2926,80.7408
2926_4,0.1472,181.33273338500007,61.37078536000011,242.70351874500017,1231.8799822350547,416.9210961956529,1648.8010784307078,295.0607,2926,80.7408
2926_5,0.15270000000000006,182.21056638999994,41.42350686999976,223.6340732599997,1193.2584570399467,271.2737843483939,1464.5322413883407,286.5474,2926,80.7408
2927_1,0.14169999999999994,157.54689742499994,170.88233972000006,328.429237145,1111.8341384968244,1205.9445287226545,2317.778667219479,343.9241,2927,79.8336
2927_2,0.1473,147.49635173499996,162.85912069499997,310.35547242999996,1001.3330056687032,1105.6287895112016,2106.961795179905,327.5446,2927,79.8336
2927_3,0.125,136.02520293999993,167.40288298499985,303.4280859249998,1088.2016235199994,1339.2230638799988,2427.424687399998,277.5539,2927,79.8336
2927_4,0.13059999999999983,136.81710052499986,172.99551245000006,309.8126129749999,1047.6041387825423,1324.6210754211354,2372.2252142036778,287.9509,2927,79.8336
2927_5,0.125,140.98466824999986,176.11219333499986,317.0968615849997,1127.8773459999989,1408.8975466799989,2536.7748926799977,287.5733,2927,79.8336
2935_1,0.11670000000000003,154.86326589500007,128.13149603500014,282.9947619300002,1327.0202733076267,1097.9562642245082,2424.976537532135,311.9637,2935,90.72
2935_2,0.10840000000000005,145.80593416000016,123.1668375150002,268.97277167500033,1345.0731933579345,1136.2254383302595,2481.298631688194,294.9845,2935,90.72
2935_3,0.11390000000000011,153.10662131,130.3984653999998,283.5050867099998,1344.219677875328,1144.8504424934124,2489.07012036874,317.3116,2935,90.72
2935_4,0.125,160.681600405,143.46229190500006,304.14389231000007,1285.45280324,1147.6983352400005,2433.1511384800006,330.6569,2935,90.72
2935_5,0.10840000000000005,145.05770253999995,127.91131412999987,272.9690166699998,1338.1706876383753,1179.993672785976,2518.1643604243513,299.9446,2935,90.72
2965_1,0.125,151.29203105000005,155.62008092500025,306.9121119750003,1210.3362484000004,1244.960647400002,2455.2968958000024,328.1542,2965,87.0912
2965_2,0.13059999999999983,157.8758942049999,165.38780077500004,323.26369497999997,1208.8506447549778,1266.3690717840755,2475.2197165390535,341.9571,2965,87.0912
2965_3,0.13880000000000003,166.97340570499998,158.31607940999996,325.28948511499993,1202.978427269452,1140.6057594380397,2343.584186707492,346.6734,2965,87.0912
2965_4,0.13890000000000002,159.265501775,157.73839454499998,317.00389631999997,1146.6198831893446,1135.6255906767456,2282.24547386609,335.0335,2965,87.0912
2965_5,0.1360999999999999,173.26790466499997,173.87113874500005,347.13904341,1273.092613262308,1277.5248989346082,2550.6175121969163,357.2593,2965,87.0912
2969_1,0.15270000000000006,235.69515321499998,146.20773168,381.90288489499994,1543.5177027832344,957.4835080550095,2501.0012108382434,401.4924,2969,104.7816
2969_2,0.1499999999999999,224.69064121499997,161.40653827000003,386.09717948499997,1497.9376081000007,1076.0435884666674,2573.981196566668,399.5048,2969,104.7816
2969_3,0.15559999999999996,219.79830946500002,162.96264022000008,382.7609496850001,1412.5855364074555,1047.3177392030857,2459.903275610541,397.7873,2969,104.7816
2979_1,0.14720000000000022,206.63652837000006,134.89486759999974,341.53139596999983,1403.7807633831505,916.4053505434752,2320.1861139266257,380.7642,2979,101.6064
2979_2,0.1472,207.85889411999992,126.18915381499981,334.0480479349997,1412.0848785326082,857.263273199727,2269.3481517323353,378.3167,2979,101.6064
2979_3,0.15280000000000005,203.87737150500007,129.41829095000006,333.2956624550001,1334.2759915248691,846.9783439136127,2181.254335438482,374.3337,2979,101.6064
2979_4,0.15280000000000005,208.48864629000005,112.72991809500004,321.2185643850001,1364.4544914267015,737.7612440772252,2102.2157355039267,385.9531,2979,101.6064
2979_5,0.15000000000000013,211.00409397000004,135.70530121499988,346.70939518499995,1406.693959799999,904.7020080999984,2311.3959678999977,387.8625,2979,101.6064
2981_1,0.14159999999999995,150.89941590499998,173.58277047,324.48218637499997,1065.6738411370059,1225.867023093221,2291.540864230227,333.6926,2981,85.7304
2981_2,0.1360999999999999,147.97735402499998,174.53125783,322.50861185499997,1087.2693168626017,1282.3751493754603,2369.644466238062,332.148,2981,85.7304
2981_3,0.13050000000000006,135.025415105,183.65973424999996,318.68514935499996,1034.6775103831415,1407.354285440612,2442.0317958237533,331.8986,2981,85.7304
2981_4,0.1361000000000001,155.24667834000002,182.18473800499999,337.431416345,1140.680957678177,1338.609390191035,2479.290347869212,341.3086,2981,85.7304
2989_1,0.13890000000000002,147.25453613999997,148.1719657899999,295.42650192999986,1060.1478483801293,1066.752813462922,2126.9006618430512,307.5976,2989,83.916
2989_2,0.1361000000000001,143.53002640499997,142.65545300499988,286.18547940999986,1054.592405620866,1048.166443828066,2102.758849448932,302.9093,2989,83.916
2989_3,0.1472,142.259519405,143.74748683999997,286.00700624499996,966.4369524796195,976.5454269021737,1942.9823793817932,293.683,2989,83.916
2989_4,0.1361000000000001,142.59584231500008,138.43232221500003,281.02816453000014,1047.7284519838352,1017.136827443056,2064.8652794268914,299.2055,2989,83.916
2989_5,0.14159999999999995,152.313411655,149.13528415,301.448695805,1075.6596868290965,1053.215283545198,2128.8749703742947,313.8068,2989,83.916
2990_2,0.1360999999999999,155.39433405999992,130.14504616499997,285.5393802249999,1141.7658637766351,956.2457469875097,2098.0116107641447,291.4446,2990,83.0088
2990_3,0.125,157.43982961000003,136.11478530000002,293.55461491000005,1259.5186368800003,1088.9182824000002,2348.4369192800004,294.2221,2990,83.0088
2990_4,0.1694000000000001,175.43746811500003,151.67770706,327.115175175,1035.6403076446277,895.3819779220773,1931.0222855667048,326.4915,2990,83.0088
2990_5,0.15280000000000005,172.35675427500001,144.39930748999996,316.75606176499997,1127.989229548429,945.0216458769628,2073.010875425392,316.7248,2990,83.0088
2993_1,0.1277999999999999,179.60605679999992,239.53653960999995,419.1425964099999,1405.3682065727703,1874.3078216744923,3279.676028247263,423.9119,2993,97.0704
2993_2,0.1499999999999999,208.972905135,269.39673941500007,478.3696445500001,1393.1527009000008,1795.9782627666682,3189.1309636666692,480.5914,2993,97.0704
2993_3,0.1472,188.508902585,246.52839432499988,435.0372969099999,1280.631131691576,1674.7852875339665,2955.416419225543,441.3272,2993,97.0704
2993_4,0.15000000000000013,197.20947696500005,238.03692737499992,435.24640433999997,1314.7298464333326,1586.9128491666647,2901.6426955999973,454.5318,2993,97.0704
2996_1,0.1361000000000001,215.73369727500003,148.49208960499973,364.22578687999976,1585.1116625642899,1091.0513563923557,2676.1630189566454,390.451,2996,103.8744
2996_2,0.1277999999999999,200.1300487399999,148.72530613,348.8553548699999,1565.962822691706,1163.7347897496097,2729.697612441316,387.3991,2996,103.8744
2996_3,0.125,193.43728111999994,156.1127526699999,349.5500337899998,1547.4982489599995,1248.9020213599993,2796.4002703199985,386.3272,2996,103.8744
2996_4,0.14439999999999986,216.8451036649999,127.9605051400002,344.8056088050001,1501.6973938019398,886.1530826869828,2387.8504764889226,391.424,2996,103.8744
2999_1,0.15549999999999997,162.05564844999998,190.39547975,352.45112819999997,1042.158510932476,1224.4082299035372,2266.566740836013,380.039,2999,96.1632
2999_2,0.16110000000000002,168.03661801500004,201.1984251950002,369.23504321000024,1043.0578399441342,1248.9039428615777,2291.961782805712,391.7103,2999,96.1632
2999_3,0.16949999999999998,180.21755445500003,212.03954221000006,392.25709666500006,1063.2304097640122,1250.9707505014753,2314.2011602654875,410.37,2999,96.1632
2999_4,0.1694,174.94106526000004,214.03596859500004,388.97703385500006,1032.7099484061396,1263.4945017414407,2296.2044501475802,408.0589,2999,96.1632
2999_5,0.17769999999999997,179.61565337499997,214.66428102500007,394.2799344,1010.780266601013,1208.0150873663483,2218.7953539673613,410.1164,2999,96.1632
3034_1,0.16670000000000007,150.291215075,105.30619045499996,255.59740552999995,901.5669770545887,631.7108005698856,1533.277777624474,276.3912,3034,93.8952
3034_2,0.16110000000000002,155.458318395,120.220687085,275.67900548,964.9802507448787,746.2488335505896,1711.2290842954685,295.9701,3034,93.8952
3034_3,0.15269999999999984,148.82729049499997,115.5408323150001,264.36812281000005,974.6384446299943,756.6524709561246,1731.2909155861187,286.1299,3034,93.8952
3034_4,0.15560000000000018,144.87192511500004,117.13458324999996,262.006508365,931.0535033097678,752.792951478148,1683.8464547879157,276.943,3034,93.8952
3034_5,0.1721999999999999,157.04729890500002,106.88358859000006,263.9308874950001,912.0052201219518,620.6944749709646,1532.6996950929165,282.9414,3034,93.8952
3035_1,0.1362000000000001,203.97599422,202.30251212999983,406.2785063499998,1497.6211029368565,1485.334156607927,2982.9552595447835,424.4654,3035,92.5344
3035_2,0.14169999999999994,215.94227439,203.88349732500023,419.8257717150002,1523.9398333803817,1438.8390778052246,2962.778911185606,433.2198,3035,92.5344
3035_3,0.13890000000000002,214.72781557500005,190.53408443000004,405.2619000050001,1545.9165988120951,1371.7356690424767,2917.6522678545716,418.7198,3035,92.5344
3035_4,0.13329999999999997,206.14663213500003,207.63605575,413.78268788500003,1546.4863626031513,1557.659833083271,3104.1461956864223,432.0634,3035,92.5344
3035_5,0.13050000000000006,203.15968470000013,202.21591512000015,405.3755998200003,1556.7791931034485,1549.547242298851,3106.3264354022995,423.203,3035,92.5344
3036_1,0.14170000000000016,167.96676567000011,157.14991995000003,325.1166856200001,1185.3688473535633,1109.0326037402954,2294.4014510938587,323.4698,3036,90.72
3036_2,0.14159999999999995,171.43680343999998,143.72831665500004,315.165120095,1210.7118887005652,1015.0304848516956,2225.7423735522607,315.5708,3036,90.72
3036_3,0.12219999999999986,149.08138810499983,162.06144090499996,311.1428290099998,1219.9786260638298,1326.198370744682,2546.176996808512,309.5309,3036,90.72
3036_4,0.15270000000000006,178.85957767500005,156.67018746,335.52976513500005,1171.3135407662082,1025.999917878192,2197.3134586444003,337.4193,3036,90.72
3037_1,0.13329999999999997,189.81472215999992,168.47282880499984,358.28755096499975,1423.9664078019503,1263.8621815828947,2687.8285893848447,377.7997,3037,94.3488
3037_2,0.1277999999999997,187.07826754999982,176.42435040000018,363.50261795,1463.8362093114263,1380.4722253521174,2844.3084346635437,381.1857,3037,94.3488
3037_3,0.14169999999999994,201.694617995,180.4138262500001,382.1084442450001,1423.3917995412849,1273.2097829922384,2696.6015825335235,399.1974,3037,94.3488
3037_4,0.11670000000000003,169.7704779500001,145.63077482500023,315.40125277500033,1454.7598796058273,1247.9072392887763,2702.667118894604,338.6191,3037,94.3488
3037_5,0.12220000000000009,184.27729853,170.19485628999996,354.47215481999996,1507.9975329787223,1392.7565981178384,2900.7541310965607,371.954,3037,94.3488
3043_1,0.15280000000000005,201.73886698000007,233.22158851999993,434.96045549999997,1320.2805430628273,1526.3192965968576,2846.5998396596847,434.591,3043,107.0496
3043_2,0.15559999999999996,197.23759026999997,228.75164020000005,425.98923047000005,1267.5937678020566,1470.1262223650392,2737.719990167096,426.6186,3043,107.0496
3043_3,0.1472,200.38543908,234.144029965,434.529469045,1361.3141241847827,1590.6523774796194,2951.966501664402,433.9244,3043,107.0496
3043_4,0.14440000000000008,196.97467135500008,234.6658230699999,431.640494425,1364.0905218490302,1625.1095780470898,2989.2000998961203,431.2151,3043,107.0496
3043_5,0.13890000000000002,192.71377299500003,242.71522604499998,435.42899904,1387.428171310295,1747.4098347372205,3134.8380060475156,436.0179,3043,107.0496
3044_1,0.1583000000000001,211.28508523500003,208.229189085,419.51427432,1334.7131095072639,1315.408648673404,2650.121758180668,461.7332,3044,114.7608
3044_2,0.16110000000000002,221.551291485,194.45696617000013,416.00825765500014,1375.240791340782,1207.0575181253887,2582.2983094661704,477.3204,3044,114.7608
3044_3,0.1472,212.844932915,214.39955580999995,427.24448872499994,1445.9574246942934,1456.5187215353258,2902.476146229619,477.8016,3044,114.7608
3044_4,0.16670000000000007,219.90227083,188.97027614500007,408.8725469750001,1319.1497950209953,1133.5949378824234,2452.744732903419,467.0415,3044,114.7608
3044_5,0.17220000000000013,243.32743171000007,201.55550451499997,444.88293622500004,1413.0512875145173,1170.473313095237,2583.5246006097545,469.2657,3044,114.7608
3046_1,0.15549999999999997,133.12951741499995,147.344956035,280.47447344999995,856.1383756591638,947.5559873633442,1803.694363022508,296.2927,3046,78.9264
3046_2,0.16110000000000002,131.86916922499995,150.09623424999998,281.9654034749999,818.5547437926749,931.696053693358,1750.2507974860328,297.0221,3046,78.9264
3046_3,0.15000000000000013,130.76016842500002,149.59782672499992,280.35799514999997,871.7344561666661,997.3188448333319,1869.053300999998,295.5349,3046,78.9264
3046_4,0.1360999999999999,131.68815981999998,160.47563587500008,292.1637956950001,967.5838340925797,1179.1009248714197,2146.6847589639997,302.7263,3046,78.9264
3053_1,0.14450000000000007,165.851203465,111.15801911999996,277.009222585,1147.7591935294113,769.2596478892727,1917.018841418684,307.3722,3053,93.8952
3053_2,0.14169999999999994,163.44225012499996,115.00334650499991,278.44559662999984,1153.4386035638674,811.5973641848974,1965.0359677487647,301.131,3053,93.8952
3053_3,0.11939999999999995,147.49802775999999,99.26214074000006,246.76016850000005,1235.326865661642,831.3412122278065,2066.6680778894483,272.3614,3053,93.8952
3053_4,0.14439999999999986,167.97893170499998,103.88782724000005,271.866758945,1163.2890007271478,719.4447869806105,1882.7337877077582,297.4361,3053,93.8952
3053_5,0.16110000000000002,171.47797777500003,112.79987393999983,284.2778517149999,1064.419477188082,700.1854372439467,1764.6049144320289,313.5372,3053,93.8952
3055_1,0.1499999999999999,124.08186498499997,153.47998464000005,277.56184962500004,827.2124332333336,1023.199897600001,1850.4123308333346,288.8569,3055,93.4416
3055_2,0.14159999999999995,126.90715178499998,162.61868703,289.525838815,896.236947634181,1148.4370552966104,2044.6740029307916,296.5382,3055,93.4416
3055_3,0.1388999999999998,134.24544819499994,163.72284251500017,297.96829071000013,966.489907811376,1178.7101692944593,2145.2000771058356,305.5302,3055,93.4416
3055_4,0.16389999999999993,134.51957052999998,155.77818975500006,290.29776028500004,820.7417359975597,950.4465512812698,1771.1882872788294,300.6386,3055,93.4416
3055_5,0.14169999999999994,126.66209049499996,152.77546515499995,279.4375556499999,893.8750211362034,1078.1613631263233,1972.0363842625268,287.8813,3055,93.4416
3065_1,0.13050000000000006,148.87599720500006,159.17408873,308.0500859350001,1140.812239118774,1219.7248178544055,2360.5370569731795,320.4662,3065,82.5552
3065_2,0.12770000000000015,144.53921938000005,152.78617392999985,297.32539330999987,1131.8654610806568,1196.4461545027382,2328.311615583395,308.4308,3065,82.5552
3065_3,0.12780000000000014,143.40220872500007,155.09990076499997,298.50210949000007,1122.0830103677615,1213.614246987479,2335.6972573552407,311.8602,3065,82.5552
3065_4,0.12219999999999986,143.01561275999998,159.66853466000018,302.68414742000016,1170.3405299509013,1306.616486579381,2476.957016530282,315.6423,3065,82.5552
3065_5,0.1277999999999999,144.07231690500004,152.00394099500008,296.0762579000001,1127.3264233568086,1189.3892096635382,2316.7156330203466,310.4577,3065,82.5552
3132_1,0.13340000000000019,179.14964777000006,175.91845365499995,355.068101425,1342.9508828335818,1318.729037893551,2661.679920727133,389.4072,3132,97.9776
3132_2,0.1360999999999999,186.2423035500002,182.89361701000058,369.1359205600008,1368.4225095518027,1343.817906024987,2712.24041557679,402.0123,3132,97.9776
3132_3,0.1360999999999999,180.14652996499998,175.76456191500023,355.9110918800002,1323.633577994123,1291.4368987141836,2615.070476708306,395.3333,3132,97.9776
3132_4,0.13619999999999988,185.68931151499996,180.97578699,366.66509850499995,1363.3576469530112,1328.750271585904,2692.1079185389153,402.1653,3132,97.9776
3132_5,0.13339999999999996,180.44826372999995,182.34869228999986,362.7969560199998,1352.6856351574213,1366.9317263118435,2719.617361469265,399.1206,3132,97.9776
3140_1,0.12780000000000014,170.28698104999995,168.1134819499999,338.40046299999983,1332.4489910015632,1315.4419557902952,2647.8909467918584,353.1536,3140,83.916
3140_2,0.14439999999999997,166.603346615,165.88223337500006,332.48557999,1153.762788192521,1148.7689291897514,2302.531717382272,344.931,3140,83.916
3140_3,0.1139,148.409133335,148.88868208499994,297.29781541999995,1302.9774656277436,1307.187726821773,2610.165192449517,311.2227,3140,83.916
3140_4,0.11949999999999994,153.887538965,152.23670413000002,306.124243095,1287.761832343097,1273.9473148953982,2561.709147238495,318.7618,3140,83.916
3140_5,0.12770000000000004,161.33973919000002,161.46836050000002,322.80809969000006,1263.427871495693,1264.4350861393889,2527.862957635082,333.412,3140,83.916
3172_1,0.12770000000000015,69.94443960000005,163.87578594500005,233.82022554500008,547.7246640563819,1283.2872822631155,1831.0119463194974,236.2709,3172,73.4832
3172_2,0.13890000000000002,78.557276225,172.14018856000004,250.69746478500002,565.567143448524,1239.3102128149749,1804.8773562634988,254.7863,3172,73.4832
3172_3,0.13059999999999983,76.69069153499994,166.66443918999997,243.35513072499992,587.2181587672285,1276.144251071977,1863.3624098392056,246.0725,3172,73.4832
3172_4,0.1360999999999999,80.38287836999999,167.4648957,247.84777406999999,590.616299559148,1230.4547810433514,1821.0710806024995,252.4711,3172,73.4832
3172_5,0.1361000000000001,71.08689429500002,168.19304930500005,239.27994360000008,522.3136979794266,1235.804917744305,1758.1186157237316,242.9092,3172,73.4832
3222_1,0.13060000000000005,130.320681955,142.12000463500002,272.44068659000004,997.8612707120976,1088.2083050153137,2086.0695757274116,278.253,3222,87.5448
3222_2,0.12219999999999986,124.95429325499997,147.61853493999993,272.5728281949999,1022.5392246726686,1208.0076509001644,2230.546875572833,271.449,3222,87.5448
3222_3,0.125,130.09228275999996,146.52790315999994,276.6201859199999,1040.7382620799997,1172.2232252799995,2212.9614873599994,279.375,3222,87.5448
3222_4,0.11939999999999995,120.27883981999997,137.99937752999998,258.27821735,1007.3604675041878,1155.773681155779,2163.134148659967,260.9025,3222,87.5448
3222_5,0.13880000000000003,132.52043367,144.8083680399999,277.3288017099999,954.7581676512965,1043.2879541786733,1998.0461218299697,285.7666,3222,87.5448
3228_1,0.1721999999999999,238.10679979499997,153.77875797000013,391.8855577650001,1382.7340290069692,893.0241461672487,2275.7581751742177,411.3571,3228,93.8952
3228_2,0.15549999999999997,231.24807313000002,160.00075315000012,391.2488262800001,1487.1258722186499,1028.9437501607727,2516.0696223794225,411.2184,3228,93.8952
3228_3,0.15000000000000013,229.34748892500005,166.4711862549999,395.81867517999996,1528.983259499999,1109.807908366665,2638.791167866664,412.4788,3228,93.8952
3228_4,0.1360999999999999,214.96090622499997,171.45281794500008,386.41372417,1579.4335505143288,1259.7561935709055,2839.189744085234,402.9985,3228,93.8952
3228_5,0.1694,242.5770324499999,170.30253593499987,412.87956838499974,1431.9777594450998,1005.327839049586,2437.305598494686,431.0709,3228,93.8952
3232_1,0.125,155.02630701000007,159.79846694500026,314.8247739550003,1240.2104560800005,1278.387735560002,2518.5981916400024,328.4815,3232,85.2768
3232_2,0.11390000000000011,150.78596870999988,168.84149884499968,319.62746755499955,1323.845203775239,1482.3661004828755,2806.2113042581145,329.819,3232,85.2768
3232_3,0.11390000000000011,148.4572269449999,166.27495654999984,314.73218349499973,1303.3997097892866,1459.832805531165,2763.2325153204515,323.9228,3232,85.2768
3232_4,0.11939999999999973,158.42493657999987,169.35331171000016,327.77824829,1326.8420149078745,1418.3694448073747,2745.2114597152495,341.9157,3232,85.2768
3232_5,0.1166999999999998,150.2482983249998,158.17231932999997,308.4206176549998,1287.4747071550992,1355.375486975152,2642.850194130251,325.547,3232,85.2768
3233_1,0.14450000000000007,127.10922536000004,117.06105082500002,244.17027618500006,879.6486184083043,810.1110783737022,1689.7596967820066,287.9466,3233,80.7408
3233_2,0.14169999999999994,131.806160265,130.66659105000014,262.4727513150001,930.1775600917434,922.1354343683853,1852.3129944601285,303.8144,3233,80.7408
3233_3,0.15559999999999996,131.12414595,129.65586250000013,260.78000845000014,842.7001667737792,833.263897814911,1675.9640645886902,300.2003,3233,80.7408
3233_4,0.15280000000000005,128.57738593000002,122.76293217499993,251.34031810499994,841.4750388089004,803.4223309882192,1644.8973697971196,296.475,3233,80.7408
3233_5,0.14450000000000007,121.36391168000003,128.58419136999993,249.94810304999996,839.8886621453285,889.8559956401375,1729.744657785466,295.2278,3233,80.7408
3247_1,0.14440000000000008,166.06659396499995,158.33216174499978,324.3987557099997,1150.0456645775614,1096.4831145775602,2246.5287791551214,341.8671,3247,87.9984
3247_2,0.13890000000000002,166.38354740999998,166.33740477499987,332.7209521849999,1197.865712095032,1197.533511699063,2395.399223794095,346.5392,3247,87.9984
3247_3,0.13880000000000003,166.31498492,156.38855725,322.70354217,1198.2347616714694,1126.7187121757922,2324.9534738472616,333.2533,3247,87.9984
3247_4,0.13890000000000002,169.04307519500003,163.45494572500013,332.49802092000016,1217.0127803815694,1176.7814667026646,2393.794247084234,350.1642,3247,87.9984
3247_5,0.14170000000000016,157.47717962000002,157.51786319999988,314.99504281999987,1111.342128581509,1111.6292392378243,2222.9713678193334,331.8791,3247,87.9984
3248_1,0.1361000000000001,192.87277408500003,157.30925564499992,350.18202972999995,1417.1401475753114,1155.835823989712,2572.9759715650234,355.9162,3248,81.1944
3248_2,0.1277999999999999,183.99644912999992,169.44088518500004,353.43733431499993,1439.7218241784042,1325.8285225743361,2765.55034675274,359.0915,3248,81.1944
3248_3,0.12780000000000014,183.62373030500015,163.0546184799999,346.678348785,1436.805401447574,1275.8577345852873,2712.663136032861,366.0811,3248,81.1944
3248_4,0.13050000000000006,184.61627028500004,167.5485111299999,352.16478141499994,1414.6840634865896,1283.8966370114929,2698.5807004980825,360.3288,3248,81.1944
3248_5,0.13050000000000006,177.26922536500007,169.21021572999996,346.479441095,1358.3848686973179,1296.6300055938689,2655.0148742911865,356.8834,3248,81.1944
3250_1,0.15000000000000013,175.85086441000004,221.70319373499993,397.554058145,1172.339096066666,1478.0212915666648,2650.360387633331,407.7653,3250,83.4624
3250_2,0.14170000000000016,170.81255466000002,225.26138421499996,396.07393887499995,1205.4520441778393,1589.7063106210283,2795.1583547988675,404.6774,3250,83.4624
3250_3,0.1499999999999999,177.7441001349999,222.18867052,399.9327706549999,1184.9606675666669,1481.2578034666674,2666.218471033334,407.915,3250,83.4624
3250_4,0.20269999999999988,176.84216248999996,217.924399025,394.766561515,872.4329673902322,1075.108036630489,1947.5410040207214,405.0023,3250,83.4624
3252_1,0.15280000000000005,167.8331367,205.42710193499997,373.26023863499995,1098.3844024869106,1344.4182063808894,2442.8026088678,374.0719,3252,88.452
3252_2,0.15829999999999989,169.196104105,205.00073076000007,374.196834865,1068.8319905559072,1295.0140919772598,2363.8460825331667,375.1143,3252,88.452
3252_3,0.15000000000000013,168.44148630000004,208.644680025,377.086166325,1122.9432419999991,1390.9645334999989,2513.907775499998,377.8488,3252,88.452
3252_4,0.14439999999999986,165.84321631999993,217.34291667,383.1861329899999,1148.49872797784,1505.14485228532,2653.64358026316,382.7873,3252,88.452
3252_5,0.15560000000000018,166.61204650000005,215.663219215,382.27526571500005,1070.7715070694078,1386.0104062660653,2456.781913335473,381.4557,3252,88.452
