analysis,term,standardized_beta,p
fp_mer_positive_transfer,session_mass_kg,0.024953344665457428,0.47493866330878975
fp_mer_positive_transfer,fp_mer_duration_s,0.7742519121498641,3.5513926559445685e-42
fp_mer_positive_transfer,fp_mer_positive_mean_power_w,1.0446852146008951,7.032321788538144e-46
fp_br_reconstructed_positive,session_mass_kg,0.022445834739456855,0.2574065518751055
fp_br_reconstructed_positive,fp_br_duration_s,0.5729923545803417,5.8287790871235524e-55
fp_br_reconstructed_positive,fp_br_positive_mean_power_w,1.0101938384712508,2.6208955416438236e-69
fp_br_official,session_mass_kg,0.028426154654208946,0.1587132512360651
fp_br_official,fp_br_duration_s,0.5716113093871621,2.880846436496126e-54
fp_br_official,fp_br_positive_mean_power_w,1.0052341556376894,1.7465174334298478e-68
