session,all_frame_n,all_torso_accelerating_fraction,all_torso_accelerating_raw_fraction,all_thorax_net_positive_fraction,all_both_accel_and_net_positive_fraction,all_stp_weighted_accelerating_fraction,all_stp_weighted_net_positive_fraction,all_stp_weighted_both_fraction,all_mean_thorax_shoulder_stp_w,all_mean_arm_shoulder_stp_w,all_mean_thorax_net_seg_pwr_w,all_mean_torso_accel_deg_s2,pre_mer_frame_n,pre_mer_torso_accelerating_fraction,pre_mer_torso_accelerating_raw_fraction,pre_mer_thorax_net_positive_fraction,pre_mer_both_accel_and_net_positive_fraction,pre_mer_stp_weighted_accelerating_fraction,pre_mer_stp_weighted_net_positive_fraction,pre_mer_stp_weighted_both_fraction,pre_mer_mean_thorax_shoulder_stp_w,pre_mer_mean_arm_shoulder_stp_w,pre_mer_mean_thorax_net_seg_pwr_w,pre_mer_mean_torso_accel_deg_s2
1031,16.0,0.5607843137254902,0.5607843137254902,0.1215686274509804,0.1215686274509804,0.4539317760298562,0.06671504337409687,0.06671504337409687,-1937.3719029411764,1737.245850784314,-2820.7286039215683,672.9848637013948,16.0,0.5607843137254902,0.5607843137254902,0.1215686274509804,0.1215686274509804,0.4539317760298562,0.06671504337409687,0.06671504337409687,-1937.3719029411764,1737.245850784314,-2820.7286039215683,672.9848637013948
1097,49.666666666666664,0.43632653061224486,0.43632653061224486,0.1946938775510204,0.1946938775510204,0.31408481066387123,0.053749353343686336,0.053749353343686336,-1336.0903107210886,895.8488924081631,-2080.6302877687076,-1546.5465127161567,45.0,0.4821256038647343,0.4821256038647343,0.21537110232762405,0.21537110232762405,0.3381300350671099,0.05799984212388327,0.05799984212388327,-1382.0754406968233,922.4624486612503,-1951.7337710218126,-420.225122290243
1170,32.5,0.5691287878787878,0.5691287878787878,0.4460227272727273,0.4460227272727273,0.3310798574890551,0.19090870521214992,0.19090870521214992,-1158.1291062973482,991.0261362215908,-311.2541215435607,333.17563978087134,32.5,0.5691287878787878,0.5691287878787878,0.4460227272727273,0.4460227272727273,0.3310798574890551,0.19090870521214992,0.19090870521214992,-1158.1291062973482,991.0261362215908,-311.2541215435607,333.17563978087134
1250,25.5,0.3930769230769231,0.3930769230769231,0.09846153846153846,0.09846153846153846,0.2850626718628434,0.05104706067532484,0.05104706067532484,-1746.7345452307695,1396.171261769231,-3474.610979538462,-2809.147855082918,24.0,0.41666666666666663,0.41666666666666663,0.10416666666666666,0.10416666666666666,0.2955240408487876,0.05286243839016451,0.05286243839016451,-1781.573716666667,1430.2646083333334,-3450.8829750000004,-2152.310026181323
1313,44.333333333333336,0.5320690718470552,0.5320690718470552,0.0,0.0,0.3927237518292303,0.0,0.0,-1350.5440851271971,849.8539857308048,-2882.92495493062,-844.6761054626213,42.333333333333336,0.5569866825680779,0.5569866825680779,0.0,0.0,0.39623606477430373,0.0,0.0,-1350.9386108778906,880.5560429642882,-2818.2408049267874,-231.53947567743066
1346,31.0,0.3530409770676734,0.3530409770676734,0.299839327648004,0.299839327648004,0.30048199246705737,0.2400512811982751,0.2400512811982751,-1245.9055366299256,983.27425192863,-1410.6141778013728,-2230.815093214982,29.666666666666668,0.36899630541871925,0.36899630541871925,0.31326970443349755,0.31326970443349755,0.31120321519268085,0.24853460251474566,0.24853460251474566,-1261.0498633825944,992.7198444735221,-1364.2793584975368,-1620.0165599349764
1370,33.666666666666664,0.33564814814814814,0.33564814814814814,0.06060606060606061,0.020202020202020204,0.25581935750444523,0.057356283772477486,0.009462346424342813,-1559.9381890572392,1178.142163425926,-2732.4212144255052,-2368.112222568729,33.666666666666664,0.33564814814814814,0.33564814814814814,0.06060606060606061,0.020202020202020204,0.25581935750444523,0.057356283772477486,0.009462346424342813,-1559.9381890572392,1178.142163425926,-2732.4212144255052,-2368.112222568729
1371,16.5,0.8823529411764706,0.8823529411764706,0.8823529411764706,0.8823529411764706,0.7653517174808182,0.7653517174808182,0.7653517174808182,-980.5150849264705,800.679162132353,2038.3265455882351,6222.616895876321,16.5,0.8823529411764706,0.8823529411764706,0.8823529411764706,0.8823529411764706,0.7653517174808182,0.7653517174808182,0.7653517174808182,-980.5150849264705,800.679162132353,2038.3265455882351,6222.616895876321
1393,39.333333333333336,0.568726653482751,0.560596572181938,0.372874093605801,0.34848384970336194,0.35508654649504345,0.13793854187557233,0.12169690513128269,-992.3703933816745,637.8591819067238,-385.64289957701595,-294.77958885270635,33.666666666666664,0.6633986928104575,0.6535947712418301,0.435531788472965,0.40612002376708256,0.3957644321489928,0.15386183076697946,0.13570269572546959,-1028.2040308080807,668.2106851158645,-64.5183151515151,1452.9812720573093
1394,40.333333333333336,0.413174900979779,0.413174900979779,0.32165937043985826,0.32165937043985826,0.26277961330630256,0.17796308895137466,0.17796308895137466,-1681.6165180112573,1329.637642630811,-1396.625880321034,-428.5145699798668,40.333333333333336,0.413174900979779,0.413174900979779,0.32165937043985826,0.32165937043985826,0.26277961330630256,0.17796308895137466,0.17796308895137466,-1681.6165180112573,1329.637642630811,-1396.625880321034,-428.5145699798668
1403,32.666666666666664,0.6122036302301957,0.6122036302301957,0.7221838882180438,0.5600406340444292,0.4716228599989525,0.6030584244374434,0.40607409022911883,-994.6904168420448,743.2060550073793,1689.7148460650144,1636.1041773048664,32.666666666666664,0.6122036302301957,0.6122036302301957,0.7221838882180438,0.5600406340444292,0.4716228599989525,0.6030584244374434,0.40607409022911883,-994.6904168420448,743.2060550073793,1689.7148460650144,1636.1041773048664
1561,18.666666666666668,0.4103313840155945,0.4103313840155945,0.0925925925925926,0.0925925925925926,0.3484591347532251,0.07548117471059017,0.07548117471059017,-2602.428443859649,2047.9185540935675,-1302.6259822612085,-2979.6546807776954,18.666666666666668,0.4103313840155945,0.4103313840155945,0.0925925925925926,0.0925925925925926,0.3484591347532251,0.07548117471059017,0.07548117471059017,-2602.428443859649,2047.9185540935675,-1302.6259822612085,-2979.6546807776954
1562,15.0,0.6222222222222222,0.6222222222222222,0.6444444444444445,0.5777777777777778,0.4092738494550044,0.44623394806770006,0.36527273843678126,-2179.8205644444447,1681.4837355555555,1678.764711111111,1558.1245493369786,15.0,0.6222222222222222,0.6222222222222222,0.6444444444444445,0.5777777777777778,0.4092738494550044,0.44623394806770006,0.36527273843678126,-2179.8205644444447,1681.4837355555555,1678.764711111111,1558.1245493369786
1574,21.0,0.37790953008344313,0.37790953008344313,0.06602254428341385,0.0,0.2931104270103397,0.10114195962056333,0.0,-1072.9391415678526,820.7785218342848,-928.8049967208316,-2077.4469250916186,21.0,0.37790953008344313,0.37790953008344313,0.06602254428341385,0.0,0.2931104270103397,0.10114195962056333,0.0,-1072.9391415678526,820.7785218342848,-928.8049967208316,-2077.4469250916186
1581,20.0,0.3005012531328321,0.3005012531328321,0.6986215538847117,0.28295739348370924,0.24124263634918894,0.7027990026241063,0.2230412835923802,-1771.0956606432749,1306.8560530325815,773.2763822639932,-2128.8046346711985,20.0,0.3005012531328321,0.3005012531328321,0.6986215538847117,0.28295739348370924,0.24124263634918894,0.7027990026241063,0.2230412835923802,-1771.0956606432749,1306.8560530325815,773.2763822639932,-2128.8046346711985
1601,35.0,0.37917637917637914,0.37917637917637914,0.7125097125097125,0.34887334887334887,0.14204677491002235,0.5194049833316162,0.11830964525806469,-1782.3334538461538,1109.012409168609,974.4417686091687,-1082.1761499308702,35.0,0.37917637917637914,0.37917637917637914,0.7125097125097125,0.34887334887334887,0.14204677491002235,0.5194049833316162,0.11830964525806469,-1782.3334538461538,1109.012409168609,974.4417686091687,-1082.1761499308702
1603,18.0,0.1995614035087719,0.1995614035087719,1.0,0.1995614035087719,0.18961500500045922,1.0,0.18961500500045922,-2201.865794517544,1463.1934934210524,1508.329905153509,-7571.985458950731,17.333333333333332,0.20833333333333334,0.20833333333333334,1.0,0.20833333333333334,0.1997491529867926,1.0,0.1997491529867926,-2213.4694819444444,1454.0745601851852,1543.1491159722225,-7311.453649852141
1612,30.0,0.3954248366013072,0.3954248366013072,0.9777777777777779,0.3954248366013072,0.23714099658268337,0.966070466011201,0.23714099658268337,-1502.6328362443437,1338.905962413273,2218.8381239467067,-1637.1689991325754,30.0,0.3954248366013072,0.3954248366013072,0.9777777777777779,0.3954248366013072,0.23714099658268337,0.966070466011201,0.23714099658268337,-1502.6328362443437,1338.905962413273,2218.8381239467067,-1637.1689991325754
1615,22.5,0.4017857142857143,0.4017857142857143,0.369047619047619,0.23511904761904762,0.36791042798029355,0.3715352050900416,0.21523836896129206,-1801.6639229166667,1396.431168154762,25.24402559523807,-3683.9771400602813,22.5,0.4017857142857143,0.4017857142857143,0.369047619047619,0.23511904761904762,0.36791042798029355,0.3715352050900416,0.21523836896129206,-1801.6639229166667,1396.431168154762,25.24402559523807,-3683.9771400602813
1620,23.0,0.5416666666666667,0.5416666666666667,0.875,0.45833333333333337,0.46095876158005844,0.8662168776293735,0.37253079368263253,-1473.9578693181816,1162.8859704545453,1356.7907049242424,-485.99764775695957,23.0,0.5416666666666667,0.5416666666666667,0.875,0.45833333333333337,0.46095876158005844,0.8662168776293735,0.37253079368263253,-1473.9578693181816,1162.8859704545453,1356.7907049242424,-485.99764775695957
1623,16.333333333333332,0.4078703703703703,0.4078703703703703,0.5305555555555556,0.4078703703703703,0.18169767706038983,0.3133770351312393,0.18169767706038983,-1444.7191339814817,1351.5618644444446,499.07384527777776,-1900.1485167392873,13.666666666666666,0.4912698412698413,0.4912698412698413,0.6103174603174604,0.4912698412698413,0.22026831799779134,0.35767544307025617,0.22026831799779134,-1429.8891709523807,1343.3001319841271,676.589105079365,-359.3812211937666
1665,31.333333333333332,0.27521987112504354,0.27521987112504354,0.8302856147683734,0.2543865377917102,0.2515940778966365,0.735619750648389,0.23141109063937892,-2058.9050223702543,1592.519017367642,1550.19128321469,-2864.8246293598045,31.0,0.27824406467343066,0.27824406467343066,0.8275974427253626,0.2567386883293446,0.2550931812839949,0.7303990164267979,0.23405954872692117,-2058.396990381007,1587.4717949214055,1545.2692735036683,-2860.24824044572
1668,22.333333333333332,0.37142857142857144,0.37142857142857144,1.0,0.37142857142857144,0.35801417701343013,1.0,0.35801417701343013,-1482.148601015873,1056.9812333968255,1844.859555047619,-3110.056695794448,22.333333333333332,0.37142857142857144,0.37142857142857144,1.0,0.37142857142857144,0.35801417701343013,1.0,0.35801417701343013,-1482.148601015873,1056.9812333968255,1844.859555047619,-3110.056695794448
1688,16.5,0.12316176470588236,0.12316176470588236,1.0,0.12316176470588236,0.1090498393009912,1.0,0.1090498393009912,-2003.0590843750003,1696.3025093750002,3624.774965625,-4614.084919447833,16.5,0.12316176470588236,0.12316176470588236,1.0,0.12316176470588236,0.1090498393009912,1.0,0.1090498393009912,-2003.0590843750003,1696.3025093750002,3624.774965625,-4614.084919447833
1717,26.0,0.06,0.04,0.3251851851851852,0.06,0.07444555498939595,0.390064791777085,0.07444555498939595,-1383.9699956296295,920.4400426666666,42.185123259259285,-2805.0264441049235,26.0,0.06,0.04,0.3251851851851852,0.06,0.07444555498939595,0.390064791777085,0.07444555498939595,-1383.9699956296295,920.4400426666666,42.185123259259285,-2805.0264441049235
1718,35.666666666666664,0.5135087135087134,0.5135087135087134,0.3365079365079365,0.264047064047064,0.44858421537813414,0.36348204526472294,0.2729873445334034,-1768.7134688000885,1275.501502905983,-817.8879040381839,-328.9867550671049,33.666666666666664,0.5441423828520603,0.5441423828520603,0.33749878911169234,0.2799573767315703,0.4832104752192541,0.3653063787808839,0.2942278850378823,-1753.1436930428963,1254.9384724260917,-847.5298208686692,205.0314804805698
1729,19.666666666666668,0.4040106951871658,0.4040106951871658,0.6959001782531195,0.4040106951871658,0.24819571541064298,0.5925529418264244,0.24819571541064298,-2058.894615721925,1829.2217058823528,949.9778435561498,495.0130072912809,19.666666666666668,0.4040106951871658,0.4040106951871658,0.6959001782531195,0.4040106951871658,0.24819571541064298,0.5925529418264244,0.24819571541064298,-2058.894615721925,1829.2217058823528,949.9778435561498,495.0130072912809
1759,33.0,0.545770202020202,0.545770202020202,0.8876262626262627,0.4750631313131313,0.46227165122734953,0.8737278728065466,0.40210278422411055,-1316.5811533793822,1109.0024256294564,720.8957148841355,-1477.1593718954173,25.333333333333332,0.7096913580246914,0.7096913580246914,0.8869135802469136,0.6232716049382716,0.5717086235883359,0.8834419890621579,0.4999492457542181,-1336.5263258641976,1169.4488248395062,704.0668967962964,1442.2837528457633
1778,33.5,0.7008928571428572,0.7008928571428572,0.6709821428571429,0.371875,0.5914213617777311,0.6797458573336292,0.2711672191113603,-1413.121356964286,1192.6433810267858,916.8758968303572,2600.5207337935444,33.5,0.7008928571428572,0.7008928571428572,0.6709821428571429,0.371875,0.5914213617777311,0.6797458573336292,0.2711672191113603,-1413.121356964286,1192.6433810267858,916.8758968303572,2600.5207337935444
1779,26.333333333333332,0.8488888888888889,0.8488888888888889,1.0,0.8488888888888889,0.7906249336878677,1.0,0.7906249336878677,-1443.720288691358,1217.9764538765432,1781.5890783209877,4619.237194949213,26.333333333333332,0.8488888888888889,0.8488888888888889,1.0,0.8488888888888889,0.7906249336878677,1.0,0.7906249336878677,-1443.720288691358,1217.9764538765432,1781.5890783209877,4619.237194949213
1782,29.5,0.6452323717948718,0.6452323717948718,0.6657451923076922,0.4268429487179487,0.5260190984639365,0.6914935779795619,0.38248910434103717,-1322.710897540064,1019.4186765384616,823.3099028445513,1026.2462192528028,26.5,0.7187680198362357,0.7187680198362357,0.6290323244970921,0.4762570637758044,0.5803294993188571,0.6619053898918326,0.4228231851178357,-1347.9464505386386,1031.0917254801514,486.4328722234007,1696.9446772629037
1783,48.0,0.6407606925749023,0.6407606925749023,0.7085888876827326,0.38039151830945145,0.3890290847660174,0.7241277461689062,0.19043123188382824,-1016.4533207394793,883.1607205648882,713.4999677825119,2690.7743266166462,48.0,0.6407606925749023,0.6407606925749023,0.7085888876827326,0.38039151830945145,0.3890290847660174,0.7241277461689062,0.19043123188382824,-1016.4533207394793,883.1607205648882,713.4999677825119,2690.7743266166462
1808,24.4,0.3685652173913043,0.3685652173913043,1.0,0.3685652173913043,0.34998465838314563,1.0,0.34998465838314563,-1693.3419716130434,1405.0782572985509,6133.817230976811,-3100.656453288039,24.4,0.3685652173913043,0.3685652173913043,1.0,0.3685652173913043,0.34998465838314563,1.0,0.34998465838314563,-1693.3419716130434,1405.0782572985509,6133.817230976811,-3100.656453288039
1826,22.8,0.3073122529644269,0.3073122529644269,0.5038866930171279,0.29861660079051383,0.25805108197769666,0.414566786154159,0.2536709982842658,-1953.3866694598157,1423.6857908267457,14.562015019762836,-3018.1603764275305,22.8,0.3073122529644269,0.3073122529644269,0.5038866930171279,0.29861660079051383,0.25805108197769666,0.414566786154159,0.2536709982842658,-1953.3866694598157,1423.6857908267457,14.562015019762836,-3018.1603764275305
1830,21.6,0.3165424430641822,0.3165424430641822,0.9904761904761905,0.3165424430641822,0.25212555371349277,0.9860264042863534,0.25212555371349277,-1419.0035303519667,1302.5607515590061,4310.000747604556,-1394.2022390606235,21.6,0.3165424430641822,0.3165424430641822,0.9904761904761905,0.3165424430641822,0.25212555371349277,0.9860264042863534,0.25212555371349277,-1419.0035303519667,1302.5607515590061,4310.000747604556,-1394.2022390606235
1845,18.0,0.41568627450980394,0.41568627450980394,0.6009803921568627,0.3323529411764706,0.3626353862083813,0.3589819885905223,0.2894640473767797,-1772.132420490196,912.2539129411765,744.4955479411765,-2528.6745273125543,18.0,0.41568627450980394,0.41568627450980394,0.6009803921568627,0.3323529411764706,0.3626353862083813,0.3589819885905223,0.2894640473767797,-1772.132420490196,912.2539129411765,744.4955479411765,-2528.6745273125543
2653,32.4,0.4014317750560634,0.4014317750560634,0.9764705882352942,0.4014317750560634,0.19900016378194701,0.9689481372043595,0.19900016378194701,-1685.2594365470645,1274.0948709223162,1373.0062222482893,-1050.37232592126,32.4,0.4014317750560634,0.4014317750560634,0.9764705882352942,0.4014317750560634,0.19900016378194701,0.9689481372043595,0.19900016378194701,-1685.2594365470645,1274.0948709223162,1373.0062222482893,-1050.37232592126
2655,31.4,0.38133575317604357,0.38133575317604357,0.6778729582577132,0.35843920145190566,0.2599636020553187,0.6476781732271812,0.2428602619746238,-1826.5582397745916,1340.2631744669693,1049.1957021862067,-2416.1051232780687,31.0,0.38580524290869117,0.38580524290869117,0.6765927306616961,0.36290869118455327,0.263245133611064,0.6458704491156168,0.24614179353036908,-1828.0907056509095,1339.1434959009152,1039.7353210531508,-2323.438409494395
2730,24.25,0.2897698135198135,0.2897698135198135,0.7952797202797203,0.2609236596736597,0.31631428917549864,0.785291105439664,0.271767745970549,-1337.5923647977854,937.5348609597902,1115.837509405303,-2603.9182961076585,18.75,0.3333333333333333,0.3333333333333333,0.7719298245614035,0.3201754385964912,0.3235522379535359,0.7936174521914857,0.30851670300871015,-1472.8335157894737,1004.1219040204678,1032.8391949561405,-2519.526077695352
2734,32.2,0.5875524475524475,0.5875524475524475,0.47649683649683655,0.29033633033633033,0.45354412883522627,0.4453671044562304,0.17385192868928384,-1429.6445632400932,1167.0844503479852,36.847657179154155,422.70409965526994,30.2,0.6277097902097901,0.6277097902097901,0.5091200466200466,0.31082459207459207,0.4806058431903336,0.47110619707033896,0.18489967293921422,-1455.4550796537492,1178.7071166399571,102.77193715472026,1131.4815580116306
2742,19.0,0.12193188854489163,0.12193188854489163,0.16611764705882354,0.05505882352941176,0.08697585738378703,0.1300526585955347,0.04044685645999725,-2500.723621208669,2296.679660406192,-1223.3393487900928,-2693.5351127384156,18.8,0.12487306501547987,0.12487306501547987,0.172,0.057999999999999996,0.0869948051611428,0.13009386418548796,0.040465804237353006,-2528.7135717233746,2322.4254322444276,-1226.2141294518576,-2617.0606657130993
2753,11.0,0.0,0.0,0.678409090909091,0.0,0.0,0.6337764527667349,0.0,-1528.418463371212,1423.107035378788,428.551389469697,-3672.6285420066824,11.0,0.0,0.0,0.678409090909091,0.0,0.0,0.6337764527667349,0.0,-1528.418463371212,1423.107035378788,428.551389469697,-3672.6285420066824
2760,24.8,0.5320515297906603,0.5320515297906603,0.5731545893719807,0.10520611916264092,0.479006088314209,0.6409528229435744,0.11995891125778328,-1072.742064211111,921.2706531624799,378.2350456597424,1106.0364562336576,24.8,0.5320515297906603,0.5320515297906603,0.5731545893719807,0.10520611916264092,0.479006088314209,0.6409528229435744,0.11995891125778328,-1072.742064211111,921.2706531624799,378.2350456597424,1106.0364562336576
2761,21.75,0.4298949579831933,0.4298949579831933,0.25704131652661066,0.20572478991596638,0.36110363347552615,0.24518313457310004,0.20631193744130014,-1616.2878750612745,1408.7453015070028,-688.0584344782912,-2146.7192666270435,21.0,0.44641410912190965,0.44641410912190965,0.2528772378516624,0.2130488064791134,0.37312158197185963,0.25077357193454064,0.21198851919975964,-1632.747084916347,1419.293289973359,-719.8791502999786,-1883.7625924176812
2806,18.6,0.12207792207792208,0.12207792207792208,1.0,0.12207792207792208,0.08556641886308557,1.0,0.08556641886308557,-1187.2057839783552,1107.016760982684,559.4956673452382,-4553.9575819375295,14.4,0.16277753206545775,0.16277753206545775,1.0,0.16277753206545775,0.10376044381109091,1.0,0.10376044381109091,-1284.5657054167773,1203.8851020114994,509.5211250411322,-3219.8386027035713
2811,42.0,0.3576574021554169,0.37173206827205696,0.8771928015263238,0.3576574021554169,0.18112633078854296,0.8384545468866467,0.18112633078854296,-1140.4715390865263,825.6555967841489,1543.9187358920742,-1367.438206324979,42.0,0.3576574021554169,0.37173206827205696,0.8771928015263238,0.3576574021554169,0.18112633078854296,0.8384545468866467,0.18112633078854296,-1140.4715390865263,825.6555967841489,1543.9187358920742,-1367.438206324979
2812,35.8,0.36564775910364145,0.36564775910364145,0.9771428571428572,0.3427906162464986,0.2668397068138849,0.9885385004657824,0.2553782072796674,-956.0180287986693,560.1017144327732,1628.5737037941176,-1989.7239941033033,35.8,0.36564775910364145,0.36564775910364145,0.9771428571428572,0.3427906162464986,0.2668397068138849,0.9885385004657824,0.2553782072796674,-956.0180287986693,560.1017144327732,1628.5737037941176,-1989.7239941033033
2815,22.0,0.573125960061444,0.573125960061444,0.8388095238095238,0.41193548387096773,0.4263286162413122,0.9189004896807278,0.34522910592204,-1409.2374963932411,1239.4291306635944,1251.0263747457757,1703.5746132696736,22.0,0.573125960061444,0.573125960061444,0.8388095238095238,0.41193548387096773,0.4263286162413122,0.9189004896807278,0.34522910592204,-1409.2374963932411,1239.4291306635944,1251.0263747457757,1703.5746132696736
2818,14.8,0.9058823529411765,0.9058823529411765,0.6886877828054299,0.6416289592760182,0.8817414503789933,0.6449835647628799,0.5848232182259034,-1418.3369816031027,1335.5698455785391,627.9400344537814,4823.237007155398,14.8,0.9058823529411765,0.9058823529411765,0.6886877828054299,0.6416289592760182,0.8817414503789933,0.6449835647628799,0.5848232182259034,-1418.3369816031027,1335.5698455785391,627.9400344537814,4823.237007155398
2833,29.6,0.6297492163009404,0.6297492163009404,0.6151365875503807,0.24488580385132108,0.5756835098214198,0.7395725848583772,0.3152560946797971,-1405.7572076236752,1147.1162980338856,193.18716115539632,1426.6004857327378,29.6,0.6297492163009404,0.6297492163009404,0.6151365875503807,0.24488580385132108,0.5756835098214198,0.7395725848583772,0.3152560946797971,-1405.7572076236752,1147.1162980338856,193.18716115539632,1426.6004857327378
2840,20.5,0.23081567555251764,0.23081567555251764,0.9755952380952381,0.23081567555251764,0.2179834991356758,0.9938479513136103,0.2179834991356758,-1599.3074972217476,1377.3322714149008,1922.8473642996696,-4730.65477287091,18.5,0.2546439628482972,0.2546439628482972,1.0,0.2546439628482972,0.22306577248604453,1.0,0.22306577248604453,-1712.9254291795664,1489.9978523219816,2097.166416718266,-4837.582931828197
2843,23.2,0.5863333333333334,0.5863333333333334,0.5652670807453416,0.4372815734989648,0.5234687468410106,0.49760790328564086,0.36651338816097023,-1649.262482457557,1289.4796951049689,68.60023326687374,141.327107477388,22.2,0.612859025032938,0.612859025032938,0.5906455862977602,0.45694993412384716,0.5556023337448066,0.5277940025558372,0.3888372341784474,-1640.5396581067193,1269.9705270342556,128.57029580632417,446.5083846946494
2853,21.5,0.3463330148112757,0.3463330148112757,0.9029503105590062,0.3463330148112757,0.2666451388115511,0.9108945561418809,0.2666451388115511,-1175.54937267678,1002.8054913401816,1413.2913023053031,-2565.2484752604714,19.25,0.371730957829356,0.371730957829356,0.8988095238095238,0.371730957829356,0.2771135409987328,0.9071793060306228,0.2771135409987328,-1212.19066938542,1041.8707317219682,1508.19906109976,-1953.1901384078574
2857,39.0,0.5254716970996041,0.5254716970996041,0.7115869715869716,0.3165643281922351,0.44333605737179427,0.726800970408186,0.2625477258422785,-1015.26036646019,871.6532968361723,478.19686393919585,428.58859130774306,33.8,0.6061129103593899,0.6061129103593899,0.6659636757928978,0.3647629510208158,0.4929093950838267,0.695358622269574,0.2910231759555305,-1048.6778868847641,907.7574106710135,368.7182973239361,1540.6942189012684
2859,24.2,0.6786546287295913,0.6768555282798161,0.9661883344042265,0.6717580770054534,0.5104260497515767,0.9371376996388104,0.5093802915231597,-1433.2345387802652,1135.620474670457,2557.642740030574,3097.605039676312,24.2,0.6786546287295913,0.6768555282798161,0.9661883344042265,0.6717580770054534,0.5104260497515767,0.9371376996388104,0.5093802915231597,-1433.2345387802652,1135.620474670457,2557.642740030574,3097.605039676312
2860,18.0,0.3194444444444444,0.3194444444444444,0.4305555555555555,0.3055555555555556,0.27421480616810967,0.38331341191047036,0.26155430151332304,-2502.3011194444443,1994.5003541666665,-158.76107361111121,-6428.6516981977275,18.0,0.3194444444444444,0.3194444444444444,0.4305555555555555,0.3055555555555556,0.27421480616810967,0.38331341191047036,0.26155430151332304,-2502.3011194444443,1994.5003541666665,-158.76107361111121,-6428.6516981977275
2861,25.2,0.5103527781563764,0.5103527781563764,0.8285592593313733,0.36699085522173974,0.35110554002571337,0.8139437522295587,0.2010066665218478,-1651.3132432249135,1451.0670319900926,1089.2456382821415,1761.330611410684,25.2,0.5103527781563764,0.5103527781563764,0.8285592593313733,0.36699085522173974,0.35110554002571337,0.8139437522295587,0.2010066665218478,-1651.3132432249135,1451.0670319900926,1089.2456382821415,1761.330611410684
2865,18.4,0.7649122807017543,0.7649122807017543,0.45326551673300897,0.4121627598407784,0.6704819341874164,0.49826881395202227,0.43972243804218136,-1400.7014774856257,1167.1683479092953,-148.10360618107774,3934.3917380910666,18.4,0.7649122807017543,0.7649122807017543,0.45326551673300897,0.4121627598407784,0.6704819341874164,0.49826881395202227,0.43972243804218136,-1400.7014774856257,1167.1683479092953,-148.10360618107774,3934.3917380910666
2882,25.5,0.6536620082815735,0.6536620082815735,0.8923251667816885,0.6536620082815735,0.4679104940212877,0.7783212557320494,0.4679104940212877,-1504.0492670491144,1021.8583589868012,1796.2690574426329,1627.691455485836,25.5,0.6536620082815735,0.6536620082815735,0.8923251667816885,0.6536620082815735,0.4679104940212877,0.7783212557320494,0.4679104940212877,-1504.0492670491144,1021.8583589868012,1796.2690574426329,1627.691455485836
2889,9.2,0.9578947368421054,0.9578947368421054,1.0,0.9578947368421054,0.9513790567924424,1.0,0.9513790567924424,-1208.0658350643275,1110.5603707836258,673.7441834101921,6247.318987360704,9.2,0.9578947368421054,0.9578947368421054,1.0,0.9578947368421054,0.9513790567924424,1.0,0.9513790567924424,-1208.0658350643275,1110.5603707836258,673.7441834101921,6247.318987360704
2891,36.4,0.5720439344787536,0.5720439344787536,0.8979965156794425,0.5625201249549441,0.4514183592110446,0.8314616887054791,0.44517871340580956,-1941.2705432592415,1584.6185952224357,1786.9229445633987,-95.7029339249895,34.8,0.5960268044115594,0.5960268044115594,0.8906882591093117,0.5857703941551492,0.47032430269086367,0.818116644726317,0.4635591208332257,-1934.0559008623015,1575.1489382488714,1765.8941861755316,337.63601239727905
2905,15.6,0.0,0.0,0.7772549019607843,0.0,0.0,0.791816305907372,0.0,-1838.1593433893554,1571.3586156302522,1321.0897788851541,-6539.962166594733,15.6,0.0,0.0,0.7772549019607843,0.0,0.0,0.791816305907372,0.0,-1838.1593433893554,1571.3586156302522,1321.0897788851541,-6539.962166594733
2907,29.4,0.5568190940604734,0.5568190940604734,0.6749921215438457,0.42584183377286833,0.4488942335401866,0.6679847329889492,0.3266720349940623,-1507.372223757758,1227.5630829361596,643.3856930844239,-452.76026181012855,29.4,0.5568190940604734,0.5568190940604734,0.6749921215438457,0.42584183377286833,0.4488942335401866,0.6679847329889492,0.3266720349940623,-1507.372223757758,1227.5630829361596,643.3856930844239,-452.76026181012855
2916,29.2,0.33137879024288763,0.3244822385187497,0.9266968325791854,0.3024195142247881,0.3382678509515581,0.9401447800575393,0.3247776762521931,-2266.824685213375,1885.7603342806124,1889.2075857962586,-4988.05156694034,22.8,0.42302697302697306,0.4146936396936397,0.9256410256410256,0.38676323676323676,0.3755772416758471,0.9442614308459415,0.36016120026035575,-2509.723400048285,2174.257445268065,2241.9187387096235,-2935.7926717853397
2918,31.0,0.264613880742913,0.264613880742913,0.42255184331797235,0.2036290322580645,0.1182808749306129,0.3535082665256809,0.09180153109105058,-1837.480567777807,1526.7058544389752,470.3653779298458,-1763.6876880574557,25.8,0.3172798216276477,0.3172798216276477,0.4238325281803543,0.24092654527437135,0.13859205409288888,0.3476167054555158,0.10721858922958993,-1843.1002972116935,1563.85571763285,418.73878442957994,-101.63729134607797
2919,14.0,0.7002262443438914,0.7002262443438914,0.8653846153846154,0.5656108597285068,0.6295368993663182,0.8826114505050281,0.5121483498713464,-990.3495790723982,950.2169450226245,997.4996552036198,4732.743271379943,14.0,0.7002262443438914,0.7002262443438914,0.8653846153846154,0.5656108597285068,0.6295368993663182,0.8826114505050281,0.5121483498713464,-990.3495790723982,950.2169450226245,997.4996552036198,4732.743271379943
2923,32.8,0.46267040149393085,0.46267040149393085,0.7719203236850295,0.3394646747587924,0.4238592553665188,0.8287262599302776,0.34752933944998493,-1468.6848329467787,1306.4311593420477,1460.5010971204483,-1229.3263223801057,32.8,0.46267040149393085,0.46267040149393085,0.7719203236850295,0.3394646747587924,0.4238592553665188,0.8287262599302776,0.34752933944998493,-1468.6848329467787,1306.4311593420477,1460.5010971204483,-1229.3263223801057
2926,14.25,0.48097954676902044,0.48097954676902044,1.0,0.48097954676902044,0.34438862480203697,1.0,0.34438862480203697,-1408.4427389912719,1329.3622878647668,1627.5690913290657,-507.74690502933504,14.25,0.48097954676902044,0.48097954676902044,1.0,0.48097954676902044,0.34438862480203697,1.0,0.34438862480203697,-1408.4427389912719,1329.3622878647668,1627.5690913290657,-507.74690502933504
2927,27.2,0.26749824591426374,0.26749824591426374,0.5952497646958159,0.24035697783862414,0.17692235245170182,0.42029241570222065,0.16434185384830508,-1884.19032629431,1325.2272800258747,949.7142140833405,-5353.340078786139,21.8,0.33393483709273186,0.33393483709273186,0.5197593984962406,0.30193483709273183,0.19852239296726404,0.37440835408271445,0.18445306619922378,-2056.1555176721804,1480.2929398235588,678.8967533213033,-2298.261854063615
2935,21.6,0.2767422508841273,0.2767422508841273,1.0,0.2767422508841273,0.23575178296419957,1.0,0.23575178296419957,-1961.7965509695928,1749.8641807878787,1644.2685724224743,-3810.9863501848085,21.6,0.2767422508841273,0.2767422508841273,1.0,0.2767422508841273,0.23575178296419957,1.0,0.23575178296419957,-1961.7965509695928,1749.8641807878787,1644.2685724224743,-3810.9863501848085
2965,27.8,0.4426208891404137,0.4426208891404137,0.9504751461988304,0.4426208891404137,0.32843523779505424,0.9249665244493748,0.32843523779505424,-1489.2656654594025,1280.3204504986325,1848.6122215122305,-345.523806303639,27.8,0.4426208891404137,0.4426208891404137,0.9504751461988304,0.4426208891404137,0.32843523779505424,0.9249665244493748,0.32843523779505424,-1489.2656654594025,1280.3204504986325,1848.6122215122305,-345.523806303639
2969,22.0,0.9047619047619048,0.9047619047619048,0.9060150375939849,0.8107769423558896,0.8532354088179801,0.98559521874754,0.8388306275655198,-1494.9411525062653,1084.3173248746868,1083.0741144110277,4696.625501076121,22.0,0.9047619047619048,0.9047619047619048,0.9060150375939849,0.8107769423558896,0.8532354088179801,0.98559521874754,0.8388306275655198,-1494.9411525062653,1084.3173248746868,1083.0741144110277,4696.625501076121
2979,25.6,0.4602307790386332,0.4602307790386332,0.7852467168175443,0.4408759403289557,0.35617498015757315,0.7291453398263018,0.3346690422853931,-1563.150900889025,1473.0050874160556,1276.71166725824,989.8769756407244,25.0,0.47200526530992876,0.47200526530992876,0.7797446970294757,0.451315610137515,0.36157060940684743,0.7249646968283814,0.33925050257752287,-1575.8490650940482,1486.4530216097796,1244.2216761333643,1169.3052053762815
2981,22.25,0.16216544706247224,0.16216544706247224,0.8228462041391104,0.16216544706247224,0.13761063785979982,0.7885441860591238,0.13761063785979982,-1789.7958702876547,1561.7598187505764,1495.7116024896063,-5294.88130472828,19.75,0.18504594820384293,0.18504594820384293,0.8310359231411862,0.18504594820384293,0.15108765389298517,0.7959424627603184,0.15108765389298517,-1821.7657537907269,1600.768579010025,1611.1323149644948,-4710.582194010187
2989,17.6,0.5283006535947713,0.5283006535947713,0.7866666666666667,0.48385620915032684,0.3828297463645124,0.7179344808769745,0.3411606649353446,-1177.361318980392,1022.911309509804,355.79007107843137,414.8670463133664,17.6,0.5283006535947713,0.5283006535947713,0.7866666666666667,0.48385620915032684,0.3828297463645124,0.7179344808769745,0.3411606649353446,-1177.361318980392,1022.911309509804,355.79007107843137,414.8670463133664
2990,21.0,0.6164274322169059,0.6164274322169059,0.2932615629984051,0.13852813852813853,0.5461555774407604,0.30740652014600744,0.11185069181378987,-1591.5861612354752,1404.1649015493279,-386.24046471291865,486.190378387105,21.0,0.6164274322169059,0.6164274322169059,0.2932615629984051,0.13852813852813853,0.5461555774407604,0.30740652014600744,0.11185069181378987,-1591.5861612354752,1404.1649015493279,-386.24046471291865,486.190378387105
2993,22.25,0.3256993006993007,0.3256993006993007,0.8085664335664335,0.16981351981351983,0.26639498309783366,0.8353399522302775,0.16168772703819567,-1671.5871145979022,1483.4984294755245,1901.2676214685312,-900.5449502045853,22.25,0.3256993006993007,0.3256993006993007,0.8085664335664335,0.16981351981351983,0.26639498309783366,0.8353399522302775,0.16168772703819567,-1671.5871145979022,1483.4984294755245,1901.2676214685312,-900.5449502045853
2996,20.0,0.3985430283224401,0.3985430283224401,0.6978962418300654,0.21357570806100218,0.2781301296792391,0.6912880520123325,0.15369569372858163,-2266.545248500136,1836.043044849537,1122.312324394744,-1510.3753938118673,20.0,0.3985430283224401,0.3985430283224401,0.6978962418300654,0.21357570806100218,0.2781301296792391,0.6912880520123325,0.15369569372858163,-2266.545248500136,1836.043044849537,1122.312324394744,-1510.3753938118673
2999,24.6,0.19382964927792515,0.18642224187051776,0.7766849395814913,0.03681108163866784,0.2035498052236539,0.7490401216282427,0.03530556242042972,-1465.9786772977993,1166.6734899637686,1508.7728898076382,-3190.328200369856,24.4,0.194684350132626,0.1869920424403183,0.7758302387267905,0.0376657824933687,0.2036879219782095,0.7488619889182344,0.035443679174985296,-1475.0281753604772,1173.8658676275863,1511.4497178988063,-3166.319351909434
3034,18.4,0.11301587301587301,0.11301587301587301,0.5287301587301587,0.11301587301587301,0.08075185049437962,0.4036667015051245,0.08075185049437962,-1648.4565456190473,1453.900363015873,86.04831449206347,-3810.450469548028,18.4,0.11301587301587301,0.11301587301587301,0.5287301587301587,0.11301587301587301,0.08075185049437962,0.4036667015051245,0.08075185049437962,-1648.4565456190473,1453.900363015873,86.04831449206347,-3810.450469548028
3035,23.6,0.5668622038187255,0.5668622038187255,0.5841557395905221,0.5328042328042327,0.4099385477819976,0.42682796509892296,0.37744273842797177,-1621.4788360104671,1345.2917580198987,-62.425852813434496,16.69177750144066,23.4,0.5719346675868415,0.5719346675868415,0.5801702323441453,0.5371520588911893,0.4100787283051318,0.4266395889816227,0.37755423745842565,-1632.8663374235105,1356.38324515758,-74.89939919024609,77.0327013415426
3036,29.0,0.43569086119721384,0.4437553773262461,0.5343721640128702,0.3768673317854491,0.43691476769163856,0.562860069577859,0.37136721604049283,-1618.6306232636393,1151.149367472627,133.06588173992597,170.22756531026323,27.5,0.45718126513666246,0.46580195479183484,0.5624639603275285,0.39468126513666246,0.4613299367583494,0.5954753908212029,0.3900920688320857,-1621.977744359341,1143.0788604574518,165.08094359124522,670.789296048071
3037,5.333333333333333,0.0,0.0,0.6904761904761904,0.0,0.0,0.677077007116777,0.0,-2200.4150410714283,2159.3032863095236,289.49485119047625,-6906.168645055532,5.333333333333333,0.0,0.0,0.6904761904761904,0.0,0.0,0.677077007116777,0.0,-2200.4150410714283,2159.3032863095236,289.49485119047625,-6906.168645055532
3043,16.8,0.2559154295996401,0.2559154295996401,0.8145479082321188,0.2559154295996401,0.13849674202590329,0.7430162530821784,0.13849674202590329,-1625.9771052397662,1432.5989269608638,2189.123141588844,-383.93719704137504,16.8,0.2559154295996401,0.2559154295996401,0.8145479082321188,0.2559154295996401,0.13849674202590329,0.7430162530821784,0.13849674202590329,-1625.9771052397662,1432.5989269608638,2189.123141588844,-383.93719704137504
3044,30.8,0.564702380952381,0.564702380952381,0.8320000000000001,0.495952380952381,0.5463552978184956,0.7709760736833857,0.46636580790842197,-1765.2121821428573,1511.6499102261905,1382.7335241690478,531.0139552019114,30.8,0.564702380952381,0.564702380952381,0.8320000000000001,0.495952380952381,0.5463552978184956,0.7709760736833857,0.46636580790842197,-1765.2121821428573,1511.6499102261905,1382.7335241690478,531.0139552019114
3046,29.0,0.6023946360153256,0.6023946360153256,0.948786717752235,0.5773946360153257,0.36922741152410976,0.9047446827996047,0.33152440163609254,-1174.3918486845466,868.8307111111111,1729.4087072541508,380.2589506165741,29.0,0.6023946360153256,0.6023946360153256,0.948786717752235,0.5773946360153257,0.36922741152410976,0.9047446827996047,0.33152440163609254,-1174.3918486845466,868.8307111111111,1729.4087072541508,380.2589506165741
3053,26.6,0.3901929181929182,0.3901929181929182,0.8128205128205128,0.2933268213268213,0.27615626694504136,0.8313219947271475,0.1953045142011526,-1391.1324390397233,1230.557774550346,942.9148049659747,-3355.409591667833,26.6,0.3901929181929182,0.3901929181929182,0.8128205128205128,0.2933268213268213,0.27615626694504136,0.8313219947271475,0.1953045142011526,-1391.1324390397233,1230.557774550346,942.9148049659747,-3355.409591667833
3055,33.6,0.5643360940135134,0.5643360940135134,0.5663968289774741,0.29090973542586446,0.4977812528792548,0.602217125022952,0.34583344251193876,-1085.0591450570075,688.5179387605513,42.665357498780814,460.1400535037068,33.6,0.5643360940135134,0.5643360940135134,0.5663968289774741,0.29090973542586446,0.4977812528792548,0.602217125022952,0.34583344251193876,-1085.0591450570075,688.5179387605513,42.665357498780814,460.1400535037068
3065,32.4,0.5553213587487781,0.5553213587487781,0.5924547898338222,0.5367485337243402,0.5284513186155213,0.5919428791310402,0.5090110908840391,-1696.732884694526,1226.860730530303,12.66262790872434,-1546.849864666292,32.4,0.5553213587487781,0.5553213587487781,0.5924547898338222,0.5367485337243402,0.5284513186155213,0.5919428791310402,0.5090110908840391,-1696.732884694526,1226.860730530303,12.66262790872434,-1546.849864666292
3132,17.6,0.37023809523809526,0.37023809523809526,1.0,0.37023809523809526,0.3562163441771916,1.0,0.3562163441771916,-1876.7691653851539,1570.6391690721289,1904.538862272409,-2083.5236728905097,17.6,0.37023809523809526,0.37023809523809526,1.0,0.37023809523809526,0.3562163441771916,1.0,0.3562163441771916,-1876.7691653851539,1570.6391690721289,1904.538862272409,-2083.5236728905097
3140,25.4,0.47175866188769416,0.47175866188769416,0.9852150537634408,0.47175866188769416,0.38455774128579984,0.9751823022673184,0.38455774128579984,-1586.6052369755075,1306.4507282258066,2107.6441067794503,-1140.341114837705,25.4,0.47175866188769416,0.47175866188769416,0.9852150537634408,0.47175866188769416,0.38455774128579984,0.9751823022673184,0.38455774128579984,-1586.6052369755075,1306.4507282258066,2107.6441067794503,-1140.341114837705
3172,38.0,0.5007181023227236,0.5007181023227236,0.6459223418145112,0.1571667599267086,0.36253308075322666,0.7154922320723738,0.10171612545909356,-965.5651874295887,604.9981209717696,317.38246089354095,-1565.6614673729698,35.8,0.5312698412698412,0.5312698412698412,0.6261904761904762,0.16857142857142857,0.3985924531657255,0.6883079959247758,0.11353585071691619,-958.7560801904762,582.7775166190476,260.05967814285714,-947.1312815667728
3222,17.6,0.11111111111111112,0.1,0.13398692810457516,0.07777777777777777,0.10478205059516985,0.12882800431138713,0.07358156554884761,-1906.829204640523,1433.7100398039215,-1118.5075473202614,-3027.930349517799,17.6,0.11111111111111112,0.1,0.13398692810457516,0.07777777777777777,0.10478205059516985,0.12882800431138713,0.07358156554884761,-1906.829204640523,1433.7100398039215,-1118.5075473202614,-3027.930349517799
3228,32.4,0.5028367266697438,0.5028367266697438,0.8007819204403646,0.44412704925038893,0.3736008590156474,0.7480476856345224,0.31021200999832416,-1990.2044918139393,1660.354252732516,967.6823371645726,1433.653264074344,32.4,0.5028367266697438,0.5028367266697438,0.8007819204403646,0.44412704925038893,0.3736008590156474,0.7480476856345224,0.31021200999832416,-1990.2044918139393,1660.354252732516,967.6823371645726,1433.653264074344
3232,26.6,0.3886296296296296,0.3886296296296296,0.5404814814814815,0.18848148148148147,0.25749130831502326,0.5481561537800349,0.15495715221342513,-1797.209377966667,1519.0646036592593,364.2999035037037,-3432.291691343439,26.6,0.3886296296296296,0.3886296296296296,0.5404814814814815,0.18848148148148147,0.25749130831502326,0.5481561537800349,0.15495715221342513,-1797.209377966667,1519.0646036592593,364.2999035037037,-3432.291691343439
3233,40.4,0.4356923970338604,0.4356923970338604,0.8454627892432771,0.34056419190565534,0.39750218531425163,0.8451755165971668,0.30112089254296104,-1269.7700546223084,1007.657404221031,1182.0241800458768,-1175.8156930110094,39.8,0.4425842889257523,0.4425842889257523,0.8422195460000339,0.34421284055430396,0.3981826403665354,0.8448178695315033,0.3014437005295812,-1282.3437018925788,1020.6018457615716,1178.8799149242552,-1047.9608855795648
3247,33.0,0.5215909090909091,0.5215909090909091,0.927584670231729,0.5215909090909091,0.30565817774071447,0.8705721744737753,0.30565817774071447,-1397.254972296123,1157.5818138424688,2384.4668685572638,206.77495060467177,33.0,0.5215909090909091,0.5215909090909091,0.927584670231729,0.5215909090909091,0.30565817774071447,0.8705721744737753,0.30565817774071447,-1397.254972296123,1157.5818138424688,2384.4668685572638,206.77495060467177
3248,17.0,0.415718028101929,0.415718028101929,1.0,0.415718028101929,0.3987584093933973,1.0,0.3987584093933973,-1753.4717475637055,1501.3969031436056,1826.3562581948086,-560.4560757819839,16.4,0.43417956656346746,0.43417956656346746,1.0,0.43417956656346746,0.40432690916301367,1.0,0.40432690916301367,-1806.035299102167,1556.5892948359133,1759.6677786563469,-88.98382007231135
3250,40.5,0.658894635723904,0.658894635723904,0.40931719712207515,0.06821183284597919,0.4628212526001142,0.6191528589782125,0.08197411157832661,-1541.7359622980016,1130.599185258213,-497.246877206503,3434.2126724922996,40.5,0.658894635723904,0.658894635723904,0.40931719712207515,0.06821183284597919,0.4628212526001142,0.6191528589782125,0.08197411157832661,-1541.7359622980016,1130.599185258213,-497.246877206503,3434.2126724922996
3252,42.2,0.5447958356636745,0.5396676305354694,0.8963695597274723,0.5447958356636745,0.3800757398747062,0.8065343352158922,0.3800757398747062,-1307.3776157997866,1089.737119337687,1141.9033459313828,1365.7538853329334,42.2,0.5447958356636745,0.5396676305354694,0.8963695597274723,0.5447958356636745,0.3800757398747062,0.8065343352158922,0.3800757398747062,-1307.3776157997866,1089.737119337687,1141.9033459313828,1365.7538853329334
