player_id,statsapi_name,height_raw,height_in,position
671096,Andrew Abbott,"6' 0""",72.0,Pitcher
690953,Mick Abel,"6' 5""",77.0,Pitcher
691769,Philip Abner,"6' 1""",73.0,Pitcher
682928,CJ Abrams,"6' 0""",72.0,Shortstop
650556,Bryan Abreu,"6' 1""",73.0,Pitcher
677800,Wilyer Abreu,"5' 10""",70.0,Outfielder
691185,Maximo Acosta,"5' 11""",71.0,Shortstop
670183,Garrett Acton,"6' 2""",74.0,Pitcher
682668,Luisangel Acuña,"5' 7""",67.0,Shortstop
660670,Ronald Acuña Jr.,"6' 0""",72.0,Outfielder
592094,Jason Adam,"6' 3""",75.0,Pitcher
642715,Willy Adames,"6' 0""",72.0,Shortstop
677941,Jordyn Adams,"6' 1""",73.0,Outfielder
656180,Riley Adams,"6' 4""",76.0,Catcher
701519,Travis Adams,"6' 1""",73.0,Pitcher
686654,Ty Adcock,"6' 0""",72.0,Pitcher
666176,Jo Adell,"6' 2""",74.0,Outfielder
688642,Zach Agnos,"6' 0""",72.0,Pitcher
605113,Nick Ahmed,"6' 1""",73.0,Shortstop
669211,Keegan Akin,"6' 0""",72.0,Pitcher
645277,Ozzie Albies,"5' 7""",67.0,Second Base
660896,Jorge Alcala,"6' 3""",75.0,Pitcher
682634,Kevin Alcántara,"6' 6""",78.0,Designated Hitter
645261,Sandy Alcantara,"6' 5""",77.0,Pitcher
642727,Sergio Alcántara,"5' 10""",70.0,Shortstop
691951,Sam Aldegheri,"6' 1""",73.0,Pitcher
677942,Blaze Alexander,"5' 11""",71.0,Third Base
680769,CJ Alexander,"6' 3""",75.0,First Base
669920,Jason Alexander,"6' 2""",74.0,Pitcher
518397,Scott Alexander,"6' 2""",74.0,Pitcher
641302,Tyler Alexander,"6' 1""",73.0,Pitcher
595751,Jorge Alfaro,"6' 1""",73.0,Catcher
663465,Kolby Allard,"6' 1""",73.0,Pitcher
656185,Greg Allen,"5' 10""",70.0,Outfielder
671106,Logan Allen,"6' 0""",72.0,Pitcher
669397,Nick Allen,"5' 7""",67.0,Shortstop
624413,Pete Alonso,"6' 3""",75.0,First Base
656186,Dan Altavilla,"5' 11""",71.0,Pitcher
514888,Jose Altuve,"5' 6""",66.0,Second Base
665660,Elvis Alvarado,"6' 6""",78.0,Pitcher
621237,José Alvarado,"6' 2""",74.0,Pitcher
682626,Francisco Alvarez,"5' 10""",70.0,Catcher
805373,Nacho Alvarez Jr.,"5' 10""",70.0,Shortstop
674841,Andrew Alvarez,"6' 3""",75.0,Pitcher
670541,Yordan Alvarez,"6' 4""",76.0,Designated Hitter
691182,Adael Amador,"5' 11""",71.0,Second Base
676070,Jacob Amaya,"5' 10""",70.0,Shortstop
665804,Miguel Amaya,"6' 1""",73.0,Catcher
681982,Grant Anderson,"6' 0""",72.0,Pitcher
666120,Ian Anderson,"6' 3""",75.0,Pitcher
623433,Nick Anderson,"6' 4""",76.0,Pitcher
641312,Shaun Anderson,"6' 6""",78.0,Pitcher
641313,Tim Anderson,"6' 0""",72.0,Shortstop
542881,Tyler Anderson,"6' 2""",74.0,Pitcher
609280,Miguel Andujar,"6' 0""",72.0,Designated Hitter
701350,Roman Anthony,"6' 3""",75.0,Outfielder
666018,Jonathan Aranda,"6' 0""",72.0,First Base
606115,Orlando Arcia,"5' 11""",71.0,Shortstop
571448,Nolan Arenado,"6' 2""",74.0,Third Base
672356,Gabriel Arias,"6' 1""",73.0,Third Base
678215,Luarbert Arias,"6' 2""",74.0,Pitcher
542888,Shawn Armstrong,"6' 2""",74.0,Pitcher
668227,Randy Arozarena,"5' 10""",70.0,Outfielder
650333,Luis Arraez,"5' 10""",70.0,Second Base
681293,Spencer Arrighetti,"6' 2""",74.0,Pitcher
676879,Aaron Ashby,"6' 0""",72.0,Pitcher
677952,Braxton Ashcraft,"6' 5""",77.0,Pitcher
668933,Graham Ashcraft,"6' 2""",74.0,Pitcher
665871,Javier Assad,"6' 1""",73.0,Pitcher
682183,Drew Avans,"5' 9""",69.0,Outfielder
679883,Luinder Avila,"6' 3""",75.0,Pitcher
640492,José Azócar,"5' 11""",71.0,Outfielder
669199,Lake Bachar,"6' 2""",74.0,Pitcher
696147,Sam Bachman,"6' 1""",73.0,Pitcher
679775,Kyle Backhus,"6' 4""",76.0,Pitcher
668731,Akil Baddoo,"5' 11""",71.0,Outfielder
664056,Harrison Bader,"5' 11""",71.0,Outfielder
678225,Jihwan Bae,"5' 11""",71.0,Outfielder
595879,Javier Báez,"5' 11""",71.0,Shortstop
672275,Patrick Bailey,"6' 0""",72.0,Catcher
641329,Bryan Baker,"6' 6""",78.0,Pitcher
663609,Luken Baker,"6' 4""",76.0,First Base
686948,Drake Baldwin,"6' 0""",72.0,Catcher
681460,Brooks Baldwin,"6' 1""",73.0,Outfielder
694208,Moisés Ballesteros,"5' 8""",68.0,Designated Hitter
607455,Anthony Banda,"6' 2""",74.0,Pitcher
677943,Will Banfield,"6' 0""",72.0,Catcher
621383,Tanner Banks,"6' 1""",73.0,Pitcher
675915,David Bañuelos,"5' 9""",69.0,Catcher
682995,Hunter Barco,"6' 4""",76.0,Pitcher
680718,Addison Barger,"5' 11""",71.0,Outfielder
605130,Scott Barlow,"6' 3""",75.0,Pitcher
605131,Austin Barnes,"5' 9""",69.0,Catcher
606930,Jacob Barnes,"6' 2""",74.0,Pitcher
686930,Mason Barnett,"6' 0""",72.0,Pitcher
571466,Tucker Barnhart,"5' 8""",68.0,Catcher
676480,José Barrero,"6' 4""",76.0,Shortstop
678489,Jorge Barrosa,"5' 6""",66.0,Outfielder
663698,Joey Bart,"6' 2""",74.0,Catcher
694212,Samuel Basallo,"6' 4""",76.0,Catcher
605135,Chris Bassitt,"6' 5""",77.0,Pitcher
669620,Brady Basso,"6' 2""",74.0,Pitcher
683146,Brett Baty,"6' 3""",75.0,Third Base
641343,Jake Bauers,"6' 0""",72.0,First Base
642585,Félix Bautista,"6' 8""",80.0,Pitcher
669358,Shane Baz,"6' 3""",75.0,Pitcher
660825,Eduard Bazardo,"6' 0""",72.0,Pitcher
687637,Dylan Beavers,"6' 5""",77.0,Outfielder
687597,Jordan Beck,"6' 2""",74.0,Outfielder
663941,Tristan Beck,"6' 4""",76.0,Pitcher
670280,David Bednar,"6' 1""",73.0,Pitcher
656222,Jalen Beeks,"5' 11""",71.0,Pitcher
690925,Clayton Beeter,"6' 2""",74.0,Pitcher
605137,Josh Bell,"6' 3""",75.0,Designated Hitter
641355,Cody Bellinger,"6' 3""",75.0,Outfielder
678394,Brayan Bello,"6' 1""",73.0,Pitcher
678368,Valente Bellozo,"5' 10""",70.0,Pitcher
669622,Anthony Bender,"6' 4""",76.0,Pitcher
643217,Andrew Benintendi,"5' 9""",69.0,Designated Hitter
666181,Will Benson,"6' 4""",76.0,Outfielder
686701,Ryan Bergert,"6' 1""",73.0,Pitcher
682653,Warming Bernabel,"6' 1""",73.0,Third Base
657514,Brennan Bernardino,"6' 4""",76.0,Pitcher
621244,José Berríos,"6' 0""",72.0,Pitcher
672642,Steward Berroa,"5' 9""",69.0,Outfielder
542932,Jon Berti,"5' 10""",70.0,Second Base
605141,Mookie Betts,"5' 9""",69.0,Shortstop
676440,Tanner Bibee,"6' 2""",74.0,Pitcher
666182,Bo Bichette,"5' 11""",71.0,Third Base
674370,Osvaldo Bido,"6' 3""",75.0,Pitcher
669456,Shane Bieber,"6' 3""",75.0,Pitcher
685801,Hunter Bigge,"6' 0""",72.0,Pitcher
624415,Cavan Biggio,"6' 0""",72.0,First Base
656234,Jake Bird,"6' 3""",75.0,Pitcher
806185,Hayden Birdsong,"6' 5""",77.0,Pitcher
702352,Spencer Bivens,"6' 4""",76.0,Pitcher
696131,Mason Black,"6' 3""",75.0,Pitcher
672012,Tyler Black,"6' 0""",72.0,Designated Hitter
621112,Paul Blackburn,"6' 1""",73.0,Pitcher
687134,Bradley Blalock,"6' 2""",74.0,Pitcher
680118,Dairon Blanco,"6' 0""",72.0,Outfielder
669854,Ronel Blanco,"6' 3""",75.0,Pitcher
668709,JJ Bleday,"6' 2""",74.0,Outfielder
656240,Scott Blewett,"6' 6""",78.0,Pitcher
669208,Ryan Bliss,"5' 7""",67.0,Second Base
805123,AJ Blubaugh,"6' 2""",74.0,Pitcher
593428,Xander Bogaerts,"6' 2""",74.0,Shortstop
664761,Alec Bohm,"6' 4""",76.0,Third Base
675989,Cody Bolton,"6' 2""",74.0,Pitcher
592155,Cam Booser,"6' 3""",75.0,Pitcher
621366,Ryan Borucki,"6' 4""",76.0,Pitcher
656248,Sean Bouchard,"6' 2""",74.0,Outfielder
676961,Caleb Boushley,"6' 3""",75.0,Pitcher
641386,Ben Bowden,"6' 4""",76.0,Pitcher
680742,Jonathan Bowlan,"6' 6""",78.0,Pitcher
621199,Matt Bowman,"6' 0""",72.0,Pitcher
571510,Matthew Boyd,"6' 3""",75.0,Pitcher
671212,Joe Boyle,"6' 8""",80.0,Pitcher
680694,Kyle Bradish,"6' 3""",75.0,Pitcher
671737,Taj Bradley,"6' 2""",74.0,Pitcher
542963,Rob Brantly,"6' 1""",73.0,Catcher
666374,Matt Brash,"6' 1""",73.0,Pitcher
518489,Ryan Brasier,"6' 0""",72.0,Pitcher
623211,Huascar Brazobán,"6' 3""",75.0,Pitcher
605154,John Brebbia,"6' 1""",73.0,Pitcher
608324,Alex Bregman,"5' 10""",70.0,Third Base
686823,Will Brennan,"5' 11""",71.0,Outfielder
681146,Jonah Bride,"5' 11""",71.0,Third Base
689225,Beau Brieske,"6' 3""",75.0,Pitcher
656257,Jeff Brigham,"6' 0""",72.0,Pitcher
641401,Connor Brogdon,"6' 6""",78.0,Pitcher
670092,Trenton Brooks,"5' 11""",71.0,Outfielder
676962,Ben Brown,"6' 6""",78.0,Pitcher
686613,Hunter Brown,"6' 2""",74.0,Pitcher
685326,McCade Brown,"6' 6""",78.0,Pitcher
664913,Seth Brown,"6' 1""",73.0,Outfielder
664141,JT Brubaker,"6' 4""",76.0,Pitcher
677865,Justin Bruihl,"6' 2""",74.0,Pitcher
660644,Vidal Bruján,"5' 9""",69.0,Shortstop
592178,Kris Bryant,"6' 5""",77.0,Designated Hitter
694350,Zach Brzykcy,"6' 2""",74.0,Pitcher
663460,Kris Bubic,"6' 3""",75.0,Pitcher
621111,Walker Buehler,"6' 2""",74.0,Pitcher
607481,Aaron Bummer,"6' 3""",75.0,Pitcher
595897,Nick Burdi,"6' 3""",75.0,Pitcher
669394,Jake Burger,"6' 0""",72.0,First Base
686228,Juan Burgos,"6' 0""",72.0,Pitcher
656271,Brock Burke,"6' 4""",76.0,Pitcher
680732,Sean Burke,"6' 6""",78.0,Pitcher
676475,Alec Burleson,"6' 0""",72.0,First Base
669203,Corbin Burnes,"6' 3""",75.0,Pitcher
695505,Chase Burns,"6' 3""",75.0,Pitcher
621114,Ryan Burr,"6' 4""",76.0,Pitcher
681347,Mike Burrows,"6' 1""",73.0,Pitcher
683737,Michael Busch,"5' 11""",71.0,First Base
671732,Lawrence Butler,"6' 3""",75.0,Outfielder
676130,José Buttó,"6' 0""",72.0,Pitcher
621439,Byron Buxton,"6' 1""",73.0,Outfielder
676609,José Caballero,"5' 9""",69.0,Shortstop
665795,Edward Cabrera,"6' 5""",77.0,Pitcher
650893,Génesis Cabrera,"6' 2""",74.0,Pitcher
665828,Oswaldo Cabrera,"6' 0""",72.0,Third Base
695506,Jac Caglianone,"6' 4""",76.0,Outfielder
683357,Owen Caissie,"6' 4""",76.0,Outfielder
669743,Alex Call,"5' 11""",71.0,Outfielder
682997,Tyler Callihan,"5' 11""",71.0,Outfielder
663662,Daz Cameron,"6' 0""",72.0,Outfielder
702070,Noah Cameron,"6' 3""",75.0,Pitcher
691406,Junior Caminero,"6' 1""",73.0,Third Base
663462,Isaiah Campbell,"6' 4""",76.0,Pitcher
692225,Kristian Campbell,"6' 3""",75.0,Second Base
672569,Gustavo Campero,"5' 6""",66.0,Catcher
669134,Luis Campusano,"5' 10""",70.0,Catcher
672744,Alexander Canario,"6' 0""",72.0,Outfielder
600869,Jeimer Candelario,"6' 1""",73.0,Third Base
592192,Mark Canha,"6' 1""",73.0,Outfielder
656288,Griffin Canning,"6' 2""",74.0,Pitcher
686563,Jonathan Cannon,"6' 6""",78.0,Pitcher
666974,Yennier Cano,"6' 4""",76.0,Pitcher
676282,Joey Cantillo,"6' 4""",76.0,Pitcher
686527,Dominic Canzone,"6' 0""",72.0,Designated Hitter
681962,Vinny Capra,"5' 8""",68.0,Third Base
605170,Victor Caratini,"6' 0""",72.0,Catcher
666185,Dylan Carlson,"6' 1""",73.0,Outfielder
681481,Kerry Carpenter,"6' 1""",73.0,Outfielder
471911,Carlos Carrasco,"6' 4""",76.0,Pitcher
692024,Alex Carrillo,"6' 2""",74.0,Pitcher
682998,Corbin Carroll,"5' 10""",70.0,Outfielder
694497,Evan Carter,"6' 2""",74.0,Outfielder
671213,Triston Casas,"6' 4""",76.0,First Base
676508,Ben Casparius,"6' 2""",74.0,Pitcher
680604,Blas Castaño,"5' 10""",70.0,Pitcher
592206,Nick Castellanos,"6' 3""",75.0,Outfielder
620454,José Castillo,"6' 6""",78.0,Pitcher
622491,Luis Castillo,"6' 2""",74.0,Pitcher
622379,Luis F. Castillo,"6' 3""",75.0,Pitcher
612434,Miguel Castro,"6' 7""",79.0,Pitcher
650489,Willi Castro,"6' 0""",72.0,Second Base
676917,Cade Cavalli,"6' 4""",76.0,Pitcher
656302,Dylan Cease,"6' 2""",74.0,Pitcher
677944,Slade Cecconi,"6' 4""",76.0,Pitcher
605177,Andrew Chafin,"6' 2""",74.0,Pitcher
696149,Bubba Chandler,"6' 3""",75.0,Pitcher
665953,Andrés Chaparro,"6' 0""",72.0,First Base
547973,Aroldis Chapman,"6' 4""",76.0,Pitcher
656305,Matt Chapman,"6' 1""",73.0,Third Base
445926,Jesse Chavez,"6' 1""",73.0,Pitcher
691907,Tsung-Che Cheng,"5' 8""",68.0,Shortstop
665862,Jazz Chisholm Jr.,"5' 11""",71.0,Second Base
683409,Angel Chivilli,"6' 2""",74.0,Pitcher
694192,Jackson Chourio,"6' 1""",73.0,Outfielder
687847,Marc Church,"6' 3""",75.0,Pitcher
701675,Nathan Church,"5' 10""",70.0,Outfielder
650644,Aaron Civale,"6' 1""",73.0,Pitcher
672016,Denzel Clarke,"6' 3""",75.0,Outfielder
664199,Taylor Clarke,"6' 3""",75.0,Pitcher
661403,Emmanuel Clase,"6' 2""",74.0,Pitcher
682729,Jonatan Clase,"5' 10""",70.0,Outfielder
664076,Garrett Cleavinger,"6' 1""",73.0,Pitcher
665019,Kody Clemens,"6' 0""",72.0,First Base
676391,Ernie Clement,"6' 0""",72.0,Second Base
605182,Mike Clevinger,"6' 4""",76.0,Pitcher
805904,Zach Cole,"6' 2""",74.0,Outfielder
686555,Isaac Collins,"5' 8""",68.0,Outfielder
624424,Michael Conforto,"5' 11""",71.0,Designated Hitter
665052,Griffin Conine,"6' 1""",73.0,Outfielder
664351,Luis Contreras,"6' 1""",73.0,Pitcher
672710,Roansy Contreras,"6' 1""",73.0,Pitcher
661388,William Contreras,"5' 10""",70.0,Catcher
575929,Willson Contreras,"6' 0""",72.0,First Base
695257,Billy Cook,"6' 0""",72.0,Outfielder
571578,Patrick Corbin,"6' 4""",76.0,Pitcher
692030,Jose Corniell,"6' 2""",74.0,Pitcher
685744,Kenedy Corona,"5' 10""",70.0,Outfielder
621043,Carlos Correa,"6' 3""",75.0,Shortstop
666126,Carlos Cortes,"5' 7""",67.0,Outfielder
641482,Nestor Cortes,"5' 10""",70.0,Pitcher
676680,Tom Cosgrove,"6' 2""",74.0,Pitcher
543056,Danny Coulombe,"5' 10""",70.0,Pitcher
681297,Colton Cowser,"6' 3""",75.0,Outfielder
680735,Austin Cox,"6' 4""",76.0,Pitcher
641487,J.P. Crawford,"6' 0""",72.0,Shortstop
686611,Dylan Crews,"5' 11""",71.0,Outfielder
688760,Blaine Crim,"5' 10""",70.0,First Base
622503,Nabil Crismatt,"6' 1""",73.0,Pitcher
681867,Cooper Criswell,"6' 6""",78.0,Pitcher
676979,Garrett Crochet,"6' 6""",78.0,Pitcher
630105,Jake Cronenworth,"5' 11""",71.0,Second Base
699625,Jimmy Crooks,"6' 0""",72.0,Catcher
691718,Pete Crow-Armstrong,"6' 0""",72.0,Outfielder
518585,Fernando Cruz,"6' 2""",74.0,Pitcher
678316,Omar Cruz,"6' 0""",72.0,Pitcher
665833,Oneil Cruz,"6' 7""",79.0,Outfielder
674444,Steven Cruz,"6' 7""",79.0,Pitcher
675540,Xzavion Curry,"6' 0""",72.0,Pitcher
595928,John Curtiss,"6' 5""",77.0,Pitcher
681168,Luis Curvelo,"6' 1""",73.0,Pitcher
518595,Travis d'Arnaud,"6' 0""",72.0,Catcher
666915,Bobby Dalbec,"6' 3""",75.0,First Base
702674,Caden Dana,"6' 4""",76.0,Pitcher
669721,Davis Daniel,"6' 1""",73.0,Pitcher
699911,Dugan Darnell,"6' 2""",74.0,Pitcher
690382,Michael Darrell-Hicks,"6' 5""",77.0,Pitcher
506433,Yu Darvish,"6' 5""",77.0,Pitcher
669722,Logan Davidson,"6' 3""",75.0,First Base
680779,Henry Davis,"5' 11""",71.0,Catcher
605204,J.D. Davis,"6' 1""",73.0,Third Base
663562,Noah Davis,"6' 2""",74.0,Pitcher
681909,Justin Dean,"5' 8""",68.0,Outfielder
676969,Brett de Geus,"6' 2""",74.0,Pitcher
594798,Jacob deGrom,"6' 4""",76.0,Pitcher
657557,Paul DeJong,"6' 0""",72.0,Third Base
650559,Bryan De La Cruz,"6' 0""",72.0,Outfielder
682829,Elly De La Cruz,"6' 6""",78.0,Shortstop
680728,Adrian Del Castillo,"5' 9""",69.0,Designated Hitter
592254,José De León,"6' 0""",72.0,Pitcher
660853,Enyel De Los Santos,"6' 3""",75.0,Pitcher
660787,Yerry De los Santos,"6' 3""",75.0,Pitcher
676356,Jonny DeLuca,"5' 10""",70.0,Outfielder
543101,Anthony DeSclafani,"6' 2""",74.0,Pitcher
672282,Reid Detmers,"6' 2""",74.0,Pitcher
687478,Cam Devanney,"6' 1""",73.0,Shortstop
606965,Chris Devenski,"6' 3""",75.0,Pitcher
646240,Rafael Devers,"6' 0""",72.0,First Base
701305,Zach Dezenzo,"6' 5""",77.0,Outfielder
664747,Alexis Díaz,"6' 2""",74.0,Pitcher
621242,Edwin Díaz,"6' 3""",75.0,Pitcher
553869,Elias Díaz,"6' 1""",73.0,Catcher
646242,Jhonathan Díaz,"6' 0""",72.0,Pitcher
673237,Yainer Diaz,"5' 11""",71.0,Catcher
650490,Yandy Díaz,"6' 0""",72.0,Designated Hitter
700270,Yilber Díaz,"6' 0""",72.0,Pitcher
693307,Dillon Dingler,"6' 1""",73.0,Catcher
690928,Hunter Dobbins,"6' 2""",74.0,Pitcher
677976,Randy Dobnak,"6' 1""",73.0,Pitcher
689266,Dylan Dodd,"6' 2""",74.0,Pitcher
801403,Chase Dollander,"6' 2""",74.0,Pitcher
691176,Jasson Domínguez,"5' 9""",69.0,Outfielder
622554,Seranthony Domínguez,"6' 1""",73.0,Pitcher
680977,Brendan Donovan,"5' 11""",71.0,Third Base
666808,Camilo Doval,"6' 2""",74.0,Pitcher
686668,Brenton Doyle,"6' 3""",75.0,Outfielder
676263,Jack Dreyer,"6' 2""",74.0,Pitcher
681869,Shawn Dubin,"6' 0""",72.0,Pitcher
643289,Mauricio Dubón,"5' 11""",71.0,Outfielder
694362,Blake Dunn,"5' 9""",69.0,Outfielder
686554,Oliver Dunn,"5' 10""",70.0,Third Base
641540,Dane Dunning,"6' 4""",76.0,Pitcher
679922,Carlos Duran,"6' 7""",79.0,Pitcher
677649,Ezequiel Duran,"5' 10""",70.0,Shortstop
680776,Jarren Duran,"6' 0""",72.0,Outfielder
661395,Jhoan Duran,"6' 5""",77.0,Pitcher
702332,Caleb Durbin,"5' 6""",66.0,Third Base
813349,Connelly Early,"6' 3""",75.0,Pitcher
681987,Nate Eaton,"5' 11""",71.0,Outfield
671109,Jake Eder,"6' 4""",76.0,Pitcher
669242,Tommy Edman,"5' 10""",70.0,Second Base
605218,Carl Edwards Jr.,"6' 3""",75.0,Pitcher
669364,Xavier Edwards,"5' 9""",69.0,Second Base
664123,Scott Effross,"6' 2""",74.0,Pitcher
621107,Zach Eflin,"6' 6""",78.0,Pitcher
685126,Brandon Eisert,"6' 2""",74.0,Pitcher
693821,Bryce Elder,"6' 2""",74.0,Pitcher
805811,Bryce Eldridge,"6' 7""",79.0,Designated Hitter
671284,Tim Elko,"6' 3""",75.0,First Base
686642,Fraser Ellard,"6' 3""",75.0,Pitcher
666464,Jerar Encarnacion,"6' 4""",76.0,Outfielder
687952,Christian Encarnacion-Strand,"6' 1""",73.0,Third Base
669438,Mason Englert,"6' 4""",76.0,Pitcher
663536,Tristin English,"6' 2""",74.0,Outfield
608650,Dietrich Enns,"6' 1""",73.0,Pitcher
663671,Nic Enright,"6' 3""",75.0,Pitcher
543135,Nathan Eovaldi,"6' 2""",74.0,Pitcher
668674,Lucas Erceg,"6' 2""",74.0,Pitcher
641555,J.C. Escarra,"6' 2""",74.0,Catcher
664744,Jose Espada,"6' 0""",72.0,Pitcher
669289,Santiago Espinal,"5' 9""",69.0,Third Base
683155,Joey Estes,"6' 2""",74.0,Pitcher
608032,Carlos Estévez,"6' 6""",78.0,Pitcher
669093,Jeremiah Estrada,"6' 1""",73.0,Pitcher
681751,Lazaro Estrada,"5' 10""",70.0,Pitcher
642731,Thairo Estrada,"5' 10""",70.0,Second Base
688138,Logan Evans,"6' 4""",76.0,Pitcher
664126,Pete Fairbanks,"6' 6""",78.0,Pitcher
656413,Stuart Fairchild,"5' 11""",71.0,Outfielder
663559,Bailey Falter,"6' 4""",76.0,Pitcher
571657,Kyle Farmer,"5' 11""",71.0,Designated Hitter
815083,Mitch Farris,"6' 2""",74.0,Pitcher
676534,Calvin Faucher,"6' 1""",73.0,Pitcher
607200,Erick Fedde,"6' 4""",76.0,Pitcher
676439,Hunter Feduccia,"6' 1""",73.0,Catcher
663372,Ryan Feltner,"6' 4""",76.0,Pitcher
657571,Caleb Ferguson,"6' 3""",75.0,Pitcher
621053,Tyler Ferguson,"6' 4""",76.0,Pitcher
666023,Freddy Fermin,"5' 10""",70.0,Catcher
665877,José Fermín,"5' 10""",70.0,Outfielder
820862,José Fermin,"6' 3""",75.0,Pitcher
642759,Julian Fernández,"6' 6""",78.0,Pitcher
681676,Ryan Fernandez,"6' 0""",72.0,Pitcher
692585,Yanquiel Fernández,"6' 2""",74.0,Outfielder
678606,José A. Ferrer,"6' 1""",73.0,Pitcher
701581,David Festa,"6' 6""",78.0,Pitcher
670036,Matt Festa,"6' 1""",73.0,Pitcher
656420,J.P. Feyereisen,"6' 2""",74.0,Pitcher
640448,Kyle Finnegan,"6' 2""",74.0,Pitcher
680755,Braydon Fisher,"6' 4""",76.0,Pitcher
690916,Richard Fitts,"6' 3""",75.0,Pitcher
680837,Ryan Fitzgerald,"5' 10""",70.0,Third Base
666149,Tyler Fitzgerald,"6' 2""",74.0,Second Base
656427,Jack Flaherty,"6' 4""",76.0,Pitcher
666150,Dominic Fletcher,"5' 8""",68.0,Outfielder
623167,Chris Flexen,"6' 3""",75.0,Pitcher
804668,Rafael Flores Jr.,"6' 3""",75.0,Catcher
527038,Wilmer Flores,"6' 3""",75.0,First Base
689254,Mason Fluharty,"6' 2""",74.0,Pitcher
695670,Harry Ford,"5' 10""",70.0,Catcher
663743,Nick Fortes,"5' 11""",71.0,Catcher
679822,Justin Foscue,"5' 11""",71.0,Second Base
641584,Jake Fraley,"5' 11""",71.0,Outfielder
641585,J.P. France,"6' 0""",72.0,Pitcher
664034,Ty France,"5' 10""",70.0,First Base
670102,Bowden Francis,"6' 5""",77.0,Pitcher
624428,Adam Frazier,"5' 10""",70.0,Second Base
690976,Alex Freeland,"5' 11""",71.0,Second Base
607536,Kyle Freeland,"6' 4""",76.0,Pitcher
673965,Caleb Freeman,"6' 1""",73.0,Pitcher
683227,Cody Freeman,"5' 9""",69.0,Third Base
518692,Freddie Freeman,"6' 4""",76.0,First Base
671289,Tyler Freeman,"5' 11""",71.0,Outfielder
686217,Sal Frelick,"5' 9""",69.0,Outfielder
608331,Max Fried,"6' 4""",76.0,Pitcher
670770,TJ Friedl,"5' 8""",68.0,Outfielder
681807,David Fry,"6' 1""",73.0,Outfielder
800311,Didier Fuentes,"6' 0""",72.0,Pitcher
690924,Braxton Fulford,"5' 10""",70.0,Designated Hitter
608334,Carson Fulmer,"6' 0""",72.0,Pitcher
605242,Michael Fulmer,"6' 2""",74.0,Pitcher
681892,Kody Funderburk,"6' 4""",76.0,Pitcher
683769,Hunter Gaddis,"6' 6""",78.0,Pitcher
657424,Matt Gage,"6' 4""",76.0,Pitcher
668678,Zac Gallen,"6' 2""",74.0,Pitcher
642520,Gerson Garabito,"6' 0""",72.0,Pitcher
605244,Aramis Garcia,"6' 1""",73.0,Catcher
805299,Brandyn Garcia,"6' 4""",76.0,Pitcher
691373,Jhostynxon Garcia,"6' 0""",72.0,Outfielder
666969,Adolis García,"6' 0""",72.0,Outfielder
670329,Rico Garcia,"5' 9""",69.0,Pitcher
671277,Luis García Jr.,"6' 1""",73.0,First Base
472610,Luis García,"6' 2""",74.0,Pitcher
677651,Luis Garcia,"6' 1""",73.0,Pitcher
672580,Maikel Garcia,"6' 1""",73.0,Third Base
676395,Robert Garcia,"6' 4""",76.0,Pitcher
554340,Yimi García,"6' 1""",73.0,Pitcher
657585,Reed Garrett,"6' 2""",74.0,Pitcher
641598,Mitch Garver,"6' 1""",73.0,Catcher
621057,Justin Garza,"5' 10""",70.0,Pitcher
681508,Mickey Gasper,"5' 9""",69.0,Catcher
688107,Robert Gasser,"6' 0""",72.0,Pitcher
592332,Kevin Gausman,"6' 2""",74.0,Pitcher
680869,Zack Gelof,"6' 2""",74.0,Third Base
680702,Joey Gerber,"6' 4""",76.0,Pitcher
801434,Paul Gervase,"6' 10""",82.0,Pitcher
664139,Ian Gibaut,"6' 3""",75.0,Pitcher
806188,Cade Gibson,"6' 2""",74.0,Pitcher
502043,Kyle Gibson,"6' 6""",78.0,Pitcher
661563,Luis Gil,"6' 3""",75.0,Pitcher
687551,Drew Gilbert,"5' 9""",69.0,Outfielder
669302,Logan Gilbert,"6' 6""",78.0,Pitcher
656457,Tyler Gilbert,"6' 3""",75.0,Pitcher
656458,Lucas Gilbreath,"6' 1""",73.0,Pitcher
670810,Logan Gillaspie,"6' 2""",74.0,Pitcher
687362,Connor Gillispie,"5' 11""",71.0,Pitcher
665926,Andrés Giménez,"5' 11""",71.0,Shortstop
656464,Kevin Ginkel,"6' 4""",76.0,Pitcher
669372,J.T. Ginn,"6' 2""",74.0,Pitcher
608337,Lucas Giolito,"6' 6""",78.0,Pitcher
687830,Sawyer Gipson-Long,"6' 4""",76.0,Pitcher
607192,Tyler Glasnow,"6' 8""",80.0,Pitcher
502671,Paul Goldschmidt,"6' 2""",74.0,First Base
596295,Austin Gomber,"6' 5""",77.0,Pitcher
672782,Yoendrys Gómez,"6' 3""",75.0,Pitcher
664062,Tony Gonsolin,"6' 3""",75.0,Pitcher
693304,Nick Gonzales,"5' 8""",68.0,Third Base
660757,Oscar Gonzalez,"6' 5""",77.0,Outfielder
663853,Romy Gonzalez,"6' 0""",72.0,Designated Hitter
682790,Wikelman González,"6' 0""",72.0,Pitcher
696100,Hunter Goodman,"5' 11""",71.0,Catcher
676467,Colton Gordon,"6' 4""",76.0,Pitcher
685299,Tanner Gordon,"6' 5""",77.0,Pitcher
669022,MacKenzie Gore,"6' 2""",74.0,Pitcher
669357,Nolan Gorman,"6' 0""",72.0,Third Base
685301,Matt Gorski,"6' 2""",74.0,First Base
700669,Gordon Graceffo,"6' 4""",76.0,Pitcher
701552,Andre Granillo,"6' 4""",76.0,Pitcher
608665,Kendall Graveman,"6' 2""",74.0,Pitcher
592351,Jon Gray,"6' 4""",76.0,Pitcher
543243,Sonny Gray,"5' 10""",70.0,Pitcher
656484,Tristan Gray,"6' 1""",73.0,Shortstop
643338,Chad Green,"6' 3""",75.0,Pitcher
668881,Hunter Greene,"6' 5""",77.0,Pitcher
682985,Riley Greene,"6' 2""",74.0,Outfielder
545341,Randal Grichuk,"6' 0""",72.0,Designated Hitter
663757,Trent Grisham,"5' 10""",70.0,Outfielder
674944,Sean Guenther,"5' 11""",71.0,Pitcher
692285,Luis Guerrero,"6' 0""",72.0,Pitcher
665489,Vladimir Guerrero Jr.,"6' 0""",72.0,First Base
641645,Luis Guillorme,"5' 10""",70.0,Third Base
666971,Lourdes Gurriel Jr.,"6' 3""",75.0,Outfielder
493329,Yuli Gurriel,"6' 0""",72.0,First Base
687473,Ryan Gusto,"6' 4""",76.0,Pitcher
694203,Denzer Guzman,"6' 1""",73.0,Third Base
606992,Eric Haase,"5' 10""",70.0,Catcher
623352,Josh Hader,"6' 3""",75.0,Pitcher
663795,Justin Hagenman,"6' 3""",75.0,Pitcher
664059,Sam Haggerty,"5' 11""",71.0,Outfielder
534910,Jesse Hahn,"6' 5""",77.0,Pitcher
669084,DL Hall,"6' 1""",73.0,Pitcher
690984,Petey Halpin,"5' 11""",71.0,Outfielder
678020,Seth Halvorsen,"6' 2""",74.0,Pitcher
687589,Dom Hamel,"6' 2""",74.0,Pitcher
666152,David Hamilton,"5' 10""",70.0,Third Base
641656,Ian Hamilton,"6' 1""",73.0,Pitcher
641658,Garrett Hampson,"5' 10""",70.0,Second Base
676106,Emerson Hancock,"6' 4""",76.0,Pitcher
668974,Maverick Handley,"5' 9""",69.0,Catcher
669724,Brenan Hanifee,"6' 5""",77.0,Pitcher
664023,Ian Happ,"5' 10""",70.0,Outfielder
547180,Bryce Harper,"6' 1""",73.0,First Base
802419,Thomas Harrington,"6' 2""",74.0,Pitcher
695391,Brett Harris,"6' 2""",74.0,Third Base
687957,Dustin Harris,"6' 2""",74.0,Outfielder
802686,Hayden Harris,"6' 0""",72.0,Pitcher
663687,Hogan Harris,"6' 3""",75.0,Pitcher
671739,Michael Harris II,"5' 11""",71.0,Outfielder
690986,Kyle Harrison,"6' 2""",74.0,Pitcher
606996,Kyle Hart,"6' 5""",77.0,Pitcher
664129,Geoff Hartlieb,"6' 5""",77.0,Pitcher
640451,Hunter Harvey,"6' 3""",75.0,Pitcher
690987,Robert Hassell III,"6' 1""",73.0,Outfielder
641672,Thomas Hatch,"6' 1""",73.0,Pitcher
663647,Ke'Bryan Hayes,"5' 11""",71.0,Third Base
669720,Austin Hays,"5' 10""",70.0,Outfielder
687396,Brent Headrick,"6' 6""",78.0,Pitcher
571760,Andrew Heaney,"6' 2""",74.0,Pitcher
595978,Austin Hedges,"6' 0""",72.0,Catcher
641680,Jonah Heim,"6' 4""",76.0,Catcher
623168,Tyler Heineman,"5' 10""",70.0,Catcher
680737,Michael Helman,"6' 0""",72.0,Outfielder
664854,Ryan Helsley,"6' 2""",74.0,Pitcher
683002,Gunnar Henderson,"6' 3""",75.0,Shortstop
701656,Logan Henderson,"6' 0""",72.0,Pitcher
543294,Kyle Hendricks,"6' 3""",75.0,Pitcher
521230,Liam Hendriks,"6' 0""",72.0,Pitcher
683618,Edgardo Henriquez,"6' 4""",76.0,Pitcher
678692,Ronny Henriquez,"5' 10""",70.0,Pitcher
669371,Cole Henry,"6' 4""",76.0,Pitcher
674072,Tommy Henry,"6' 3""",75.0,Pitcher
623474,Jimmy Herget,"6' 3""",75.0,Pitcher
643361,Kevin Herget,"5' 10""",70.0,Pitcher
687231,Darell Hernaiz,"5' 11""",71.0,Shortstop
672578,Carlos Hernández,"6' 4""",76.0,Pitcher
678226,Daysbel Hernández,"5' 10""",70.0,Pitcher
571771,Enrique Hernández,"5' 10""",70.0,First Base
681715,Heriberto Hernández,"5' 11""",71.0,Outfielder
663321,Nick Hernandez,"6' 1""",73.0,Pitcher
606192,Teoscar Hernández,"6' 0""",72.0,Outfielder
671056,Iván Herrera,"5' 11""",71.0,Designated Hitter
645444,Jose Herrera,"5' 9""",69.0,Catcher
682120,Tim Herrin,"6' 6""",78.0,Pitcher
676051,Codi Heuer,"6' 5""",77.0,Pitcher
518792,Jason Heyward,"6' 5""",77.0,Outfielder
676551,Brewer Hicklen,"6' 2""",74.0,Outfielder
663855,Jordan Hicks,"6' 2""",74.0,Pitcher
689414,Liam Hicks,"5' 9""",69.0,Catcher
543309,Kyle Higashioka,"6' 1""",73.0,Catcher
656537,Derek Hill,"6' 0""",72.0,Outfielder
677955,Jaden Hill,"6' 4""",76.0,Pitcher
448179,Rich Hill,"6' 5""",77.0,Pitcher
657612,Tim Hill,"6' 4""",76.0,Pitcher
656541,Sam Hilliard,"6' 5""",77.0,Outfielder
677956,Rece Hinds,"6' 3""",75.0,Outfielder
682274,Yaramil Hiraldo,"6' 1""",73.0,Pitcher
669374,Keston Hiura,"5' 10""",70.0,First Base
663546,Sean Hjelle,"6' 11""",83.0,Pitcher
687863,Porter Hodge,"6' 4""",76.0,Pitcher
663773,Bryan Hoeing,"6' 6""",78.0,Pitcher
663538,Nico Hoerner,"5' 11""",71.0,Second Base
656546,Jeff Hoffman,"6' 5""",77.0,Pitcher
676510,Nolan Hoffman,"6' 4""",76.0,Pitcher
694851,Andrew Hoffmann,"6' 5""",77.0,Pitcher
680684,Gunnar Hoglund,"6' 4""",76.0,Pitcher
670059,Colin Holderman,"6' 6""",78.0,Pitcher
702616,Jackson Holliday,"5' 11""",71.0,Second Base
668970,Gavin Hollowell,"6' 7""",79.0,Pitcher
680880,Grant Holman,"6' 6""",78.0,Pitcher
605280,Clay Holmes,"6' 5""",77.0,Pitcher
656550,Grant Holmes,"6' 0""",72.0,Pitcher
663947,Tyler Holton,"6' 2""",74.0,Pitcher
690544,Bailey Horn,"6' 2""",74.0,Pitcher
690990,Cade Horton,"6' 1""",73.0,Pitcher
687462,Spencer Horwitz,"5' 10""",70.0,First Base
656555,Rhys Hoskins,"6' 3""",75.0,First Base
656557,Tanner Houck,"6' 5""",77.0,Pitcher
691781,Brady House,"6' 4""",76.0,Third Base
605288,Adrian Houser,"6' 4""",76.0,Pitcher
663542,Bryan Hudson,"6' 8""",80.0,Pitcher
669087,Sam Huff,"6' 4""",76.0,Catcher
669450,Cooper Hummel,"5' 9""",69.0,Outfielder
676428,Brant Hurter,"6' 6""",78.0,Pitcher
674441,Jacob Hurtubise,"5' 11""",71.0,Outfielder
628451,Andy Ibáñez,"5' 10""",70.0,Second Base
578428,Jose Iglesias,"5' 11""",71.0,Second Base
628452,Raisel Iglesias,"6' 2""",74.0,Pitcher
684007,Shota Imanaga,"5' 10""",70.0,Pitcher
663697,Jonathan India,"5' 10""",70.0,Second Base
663623,Jake Irvin,"6' 6""",78.0,Pitcher
664728,Kyle Isbel,"5' 10""",70.0,Outfielder
656577,Alex Jackson,"6' 1""",73.0,Catcher
669236,Jeremiah Jackson,"5' 11""",71.0,Second Base
592426,Luke Jackson,"6' 2""",74.0,Pitcher
689690,Alek Jacob,"6' 3""",75.0,Pitcher
686753,Drey Jameson,"6' 0""",72.0,Pitcher
608671,Travis Jankowski,"6' 3""",75.0,Outfielder
643376,Danny Jansen,"6' 2""",74.0,Catcher
445276,Kenley Jansen,"6' 5""",77.0,Pitcher
686826,Bryce Jarvis,"6' 2""",74.0,Pitcher
664299,Cristian Javier,"6' 1""",73.0,Pitcher
643377,Griffin Jax,"6' 2""",74.0,Pitcher
680777,Ryan Jeffers,"6' 2""",74.0,Catcher
695600,Carter Jensen,"6' 0""",72.0,Catcher
677870,Leo Jiménez,"5' 10""",70.0,Third Base
695549,Jackson Jobe,"6' 2""",74.0,Pitcher
656582,Connor Joe,"5' 11""",71.0,Outfielder
669369,Bryce Johnson,"5' 11""",71.0,Outfielder
669288,Daniel Johnson,"5' 10""",70.0,Outfielder
572955,Pierce Johnson,"6' 2""",74.0,Pitcher
696270,Ryan Johnson,"6' 6""",78.0,Pitcher
686751,Seth Johnson,"6' 1""",73.0,Pitcher
687859,Troy Johnston,"5' 11""",71.0,Outfielder
675659,Greg Jones,"6' 0""",72.0,Outfielder
663330,Jahmai Jones,"5' 10""",70.0,Designated Hitter
666134,Nolan Jones,"6' 4""",76.0,Outfielder
690829,Ben Joyce,"6' 5""",77.0,Pitcher
592450,Aaron Judge,"6' 7""",79.0,Outfielder
666397,Edouard Julien,"6' 1""",73.0,Second Base
667452,Corey Julks,"5' 11""",71.0,Outfielder
690291,Jace Jung,"5' 11""",71.0,Third Base
673962,Josh Jung,"6' 1""",73.0,Third Base
596001,Jakob Junis,"6' 3""",75.0,Pitcher
676083,Janson Junk,"6' 2""",74.0,Pitcher
592454,Tommy Kahnle,"6' 1""",73.0,Pitcher
663731,Connor Kaiser,"6' 3""",75.0,Shortstop
691720,Kyle Karros,"6' 5""",77.0,Third Base
694359,Niko Kavadas,"5' 11""",71.0,First Base
692216,CJ Kayfus,"5' 11""",71.0,Outfielder
807712,Luke Keaschall,"6' 0""",72.0,Second Base
680577,DaShawn Keirsey Jr.,"6' 0""",72.0,Outfielder
690993,Colt Keith,"6' 2""",74.0,Third Base
672284,Jarred Kelenic,"5' 11""",71.0,Outfielder
641745,Brad Keller,"6' 5""",77.0,Pitcher
656605,Mitch Keller,"6' 3""",75.0,Pitcher
608348,Carson Kelly,"6' 1""",73.0,Catcher
543391,Casey Kelly,"6' 3""",75.0,Pitcher
518876,Merrill Kelly,"6' 2""",74.0,Pitcher
687330,Kevin Kelly,"6' 2""",74.0,Pitcher
547184,Michael Kelly,"6' 4""",76.0,Pitcher
677161,Zack Kelly,"6' 3""",75.0,Pitcher
805249,Otto Kemp,"5' 11""",71.0,Outfielder
671083,Buddy Kennedy,"5' 10""",70.0,Third Base
687849,Zak Kent,"6' 3""",75.0,Pitcher
596146,Max Kepler,"6' 4""",76.0,Outfielder
689147,Orion Kerkering,"6' 2""",74.0,Pitcher
477132,Clayton Kershaw,"6' 4""",76.0,Pitcher
666198,Carter Kieboom,"6' 1""",73.0,Third Base
579328,Yusei Kikuchi,"6' 0""",72.0,Pitcher
673490,Ha-Seong Kim,"5' 10""",70.0,Shortstop
808975,Hyeseong Kim,"5' 10""",70.0,Shortstop
518886,Craig Kimbrel,"6' 0""",72.0,Pitcher
643396,Isiah Kiner-Falefa,"5' 10""",70.0,Second Base
687911,Bryan King,"6' 1""",73.0,Pitcher
667463,John King,"6' 2""",74.0,Pitcher
650633,Michael King,"6' 3""",75.0,Pitcher
664068,Scott Kingery,"5' 9""",69.0,Shortstop
641755,Tyler Kinley,"6' 4""",76.0,Pitcher
669923,George Kirby,"6' 4""",76.0,Pitcher
672386,Alejandro Kirk,"5' 8""",68.0,Catcher
552640,Andrew Kittredge,"6' 1""",73.0,Pitcher
677008,Heston Kjerstad,"6' 2""",74.0,Outfielder
694361,Will Klein,"6' 5""",77.0,Pitcher
689017,Landon Knack,"6' 2""",74.0,Pitcher
668800,Andrew Knizner,"6' 0""",72.0,Catcher
686799,Jack Kochanowicz,"6' 7""",79.0,Pitcher
657649,Jared Koenig,"6' 5""",77.0,Pitcher
663568,Stephen Kolek,"6' 3""",75.0,Pitcher
656629,Michael Kopech,"6' 3""",75.0,Pitcher
683766,Christian Koss,"6' 1""",73.0,Third Base
663804,Jackson Kowar,"6' 5""",77.0,Pitcher
668820,Max Kranick,"6' 3""",75.0,Pitcher
668952,Ryan Kreidler,"6' 3""",75.0,Shortstop
665152,Dean Kremer,"6' 2""",74.0,Pitcher
621139,Brooks Kriske,"6' 3""",75.0,Pitcher
640454,Matt Krook,"6' 4""",76.0,Pitcher
701762,Nick Kurtz,"6' 5""",77.0,First Base
680757,Steven Kwan,"5' 8""",68.0,Outfielder
656638,Alex Lange,"6' 3""",75.0,Pitcher
669127,Shea Langeliers,"5' 11""",71.0,Catcher
694671,Wyatt Langford,"6' 0""",72.0,Outfielder
666659,Sauryn Lao,"6' 2""",74.0,Pitcher
691251,Andry Lara,"6' 4""",76.0,Pitcher
663616,Trevor Larnach,"6' 3""",75.0,Outfielder
686747,Joe La Sorsa,"6' 5""",77.0,Pitcher
656641,Jacob Latz,"6' 2""",74.0,Pitcher
641778,Eric Lauer,"6' 3""",75.0,Pitcher
657656,Ramón Laureano,"5' 9""",69.0,Outfielder
689520,Cody Laweryson,"6' 4""",76.0,Pitcher
691783,Jordan Lawlar,"6' 0""",72.0,Outfielder
596271,Casey Lawrence,"6' 0""",72.0,Pitcher
664875,Justin Lawrence,"6' 3""",75.0,Pitcher
676661,Max Lazar,"6' 1""",73.0,Pitcher
681517,Kyle Leahy,"6' 5""",77.0,Pitcher
673929,Jordan Leasure,"6' 3""",75.0,Pitcher
600917,José Leclerc,"6' 0""",72.0,Pitcher
686797,Brooks Lee,"6' 0""",72.0,Third Base
695445,Chase Lee,"6' 0""",72.0,Pitcher
669276,Dylan Lee,"6' 3""",75.0,Pitcher
808982,Jung Hoo Lee,"6' 0""",72.0,Outfielder
686676,Korey Lee,"6' 0""",72.0,Catcher
668984,Casey Legumina,"6' 2""",74.0,Pitcher
683004,Jack Leiter,"6' 1""",73.0,Pitcher
643410,Mark Leiter Jr.,"6' 0""",72.0,Pitcher
518934,DJ LeMahieu,"6' 3""",75.0,Second Base
506702,Sandy León,"5' 9""",69.0,Catcher
668904,Royce Lewis,"6' 0""",72.0,First Base
669461,Matthew Liberatore,"6' 4""",76.0,Pitcher
695734,Daylen Lile,"5' 11""",71.0,Outfielder
596019,Francisco Lindor,"5' 10""",70.0,Shortstop
702358,Trey Lipscomb,"6' 2""",74.0,Third Base
641793,Zack Littell,"6' 4""",76.0,Pitcher
663893,Brendon Little,"6' 2""",74.0,Pitcher
669193,Jack Little,"6' 4""",76.0,Pitcher
681432,Luke Little,"6' 8""",80.0,Pitcher
594902,Ben Lively,"6' 4""",76.0,Pitcher
642528,Jonathan Loáisiga,"5' 11""",71.0,Pitcher
682988,Tyler Locklear,"6' 2""",74.0,First Base
663604,Brandon Lockridge,"6' 0""",72.0,Outfielder
666157,Nick Lodolo,"6' 6""",78.0,Pitcher
679845,Nick Loftin,"5' 11""",71.0,Third Base
669674,Sam Long,"6' 1""",73.0,Pitcher
694388,Joey Loperfido,"6' 3""",75.0,Outfielder
682052,Jacob Lopez,"6' 4""",76.0,Pitcher
605347,Jorge López,"6' 3""",75.0,Pitcher
670032,Nicky Lopez,"5' 10""",70.0,Second Base
672640,Otto Lopez,"5' 10""",70.0,Shortstop
641154,Pablo López,"6' 4""",76.0,Pitcher
625643,Reynaldo López,"6' 1""",73.0,Pitcher
695418,Brad Lord,"6' 3""",75.0,Pitcher
547179,Michael Lorenzen,"6' 1""",73.0,Pitcher
702795,Ryan Loutos,"6' 5""",77.0,Pitcher
663992,Richard Lovelady,"6' 0""",72.0,Pitcher
664040,Brandon Lowe,"5' 9""",69.0,Second Base
663993,Nathaniel Lowe,"6' 4""",76.0,First Base
666139,Josh Lowe,"6' 3""",75.0,Outfielder
687922,Easton Lucas,"6' 4""",76.0,Pitcher
664192,Joey Lucchesi,"6' 5""",77.0,Pitcher
607625,Seth Lugo,"6' 4""",76.0,Pitcher
683090,Matthew Lugo,"6' 0""",72.0,Outfielder
664770,Nathan Lukes,"5' 11""",71.0,Outfielder
666158,Gavin Lux,"5' 11""",71.0,Outfielder
666200,Jesús Luzardo,"6' 0""",72.0,Pitcher
663738,Daniel Lynch IV,"6' 6""",78.0,Pitcher
592518,Manny Machado,"6' 2""",74.0,Third Base
605353,Vimael Machín,"5' 10""",70.0,Shortstop
680862,Willie MacIver,"6' 2""",74.0,Catcher
628317,Kenta Maeda,"6' 1""",73.0,Pitcher
641816,Tyler Mahle,"6' 3""",75.0,Pitcher
571912,Luke Maile,"6' 3""",75.0,Catcher
687424,Anthony Maldonado,"6' 4""",76.0,Pitcher
455117,Martín Maldonado,"6' 0""",72.0,Catcher
669234,Justyn-Henry Malloy,"6' 0""",72.0,Outfielder
640455,Sean Manaea,"6' 5""",77.0,Pitcher
663968,Jake Mangum,"5' 11""",71.0,Outfielder
573009,Joe Mantiply,"6' 4""",76.0,Pitcher
700932,Kyle Manzardo,"5' 11""",71.0,First Base
665561,Rafael Marchán,"5' 9""",69.0,Catcher
622534,Manuel Margot,"5' 10""",70.0,Outfielder
676760,Ron Marinaccio,"6' 2""",74.0,Pitcher
608566,Germán Márquez,"6' 1""",73.0,Pitcher
805300,Jakob Marsee,"6' 0""",72.0,Outfielder
669016,Brandon Marsh,"6' 2""",74.0,Outfielder
606466,Ketel Marte,"6' 0""",72.0,Second Base
682622,Noelvi Marte,"6' 2""",74.0,Outfielder
516782,Starling Marte,"6' 0""",72.0,Outfielder
668885,Austin Martin,"5' 10""",70.0,Outfielder
455119,Chris Martin,"6' 8""",80.0,Pitcher
656686,Corbin Martin,"6' 2""",74.0,Pitcher
663436,Davis Martin,"6' 2""",74.0,Pitcher
682657,Angel Martínez,"5' 11""",71.0,Outfielder
679885,Justin Martinez,"6' 3""",75.0,Pitcher
607259,Nick Martinez,"6' 1""",73.0,Pitcher
661527,Seth Martinez,"6' 2""",74.0,Pitcher
605361,Nick Martini,"5' 11""",71.0,Outfielder
686681,Michael Massey,"6' 0""",72.0,Second Base
670156,Miles Mastrobuoni,"5' 9""",69.0,Third Base
622761,Jorge Mateo,"6' 0""",72.0,Shortstop
665155,Nick Maton,"6' 1""",73.0,Shortstop
664208,Phil Maton,"6' 2""",74.0,Pitcher
682641,Luis Matos,"5' 11""",71.0,Outfielder
673513,Yuki Matsui,"5' 8""",68.0,Pitcher
694728,Brice Matthews,"5' 10""",70.0,Outfielder
805673,Zebby Matthews,"6' 5""",77.0,Pitcher
676755,Isaac Mattson,"6' 2""",74.0,Pitcher
571927,Steven Matz,"6' 2""",74.0,Pitcher
554431,Tyler Matzek,"6' 3""",75.0,Pitcher
677595,Ronny Mauricio,"6' 3""",75.0,Shortstop
687209,Zach Maxwell,"6' 6""",78.0,Pitcher
669160,Dustin May,"6' 6""",78.0,Pitcher
691785,Marcelo Mayer,"6' 3""",75.0,Second Base
691723,Coby Mayo,"6' 5""",77.0,Third Base
641835,Tim Mayza,"6' 3""",75.0,Pitcher
800049,Adam Mazur,"6' 2""",74.0,Pitcher
543510,James McCann,"6' 2""",74.0,Catcher
664983,Jake McCarthy,"6' 0""",72.0,Outfielder
670766,Darren McCaughan,"6' 1""",73.0,Pitcher
676801,Chas McCormick,"5' 11""",71.0,Outfielder
669200,Mason McCoy,"5' 11""",71.0,Second Base
687529,Grant McCray,"6' 1""",73.0,Outfielder
621121,Lance McCullers Jr.,"6' 1""",73.0,Pitcher
676812,Carson McCusker,"6' 8""",80.0,Outfielder
457705,Andrew McCutchen,"5' 10""",70.0,Designated Hitter
680729,Garrett McDaniels,"6' 2""",74.0,Pitcher
694646,Chayce McDermott,"6' 3""",75.0,Pitcher
686790,Trevor McDonald,"6' 0""",72.0,Pitcher
519008,T.J. McFarland,"6' 3""",75.0,Pitcher
668834,Easton McGee,"6' 7""",79.0,Pitcher
543518,Scott McGough,"5' 11""",71.0,Pitcher
700241,Michael McGreevy,"6' 4""",76.0,Pitcher
624512,Reese McGuire,"6' 0""",72.0,Catcher
663474,Triston McKenzie,"6' 5""",77.0,Pitcher
641856,Billy McKinney,"6' 0""",72.0,Outfielder
656716,Zach McKinstry,"5' 11""",71.0,Second Base
680574,Matt McLain,"5' 8""",68.0,Second Base
690997,Nolan McLean,"6' 2""",74.0,Pitcher
641857,Ryan McMahon,"6' 2""",74.0,Third Base
643446,Jeff McNeil,"6' 0""",72.0,Second Base
678554,Curtis Mead,"6' 1""",73.0,Third Base
678009,Parker Meadows,"6' 5""",77.0,Outfielder
683232,Nick Mears,"6' 3""",75.0,Pitcher
682989,Victor Mederos,"6' 2""",74.0,Pitcher
656730,Trevor Megill,"6' 8""",80.0,Pitcher
656731,Tylor Megill,"6' 7""",79.0,Pitcher
805367,Chase Meidroth,"5' 9""",69.0,Second Base
675848,Juan Mejia,"6' 3""",75.0,Pitcher
669004,MJ Melendez,"6' 0""",72.0,Designated Hitter
689200,Jacob Melton,"6' 2""",74.0,Outfielder
675512,Troy Melton,"6' 4""",76.0,Pitcher
691441,Cristian Mena,"6' 2""",74.0,Pitcher
675650,Michael Mercado,"6' 4""",76.0,Pitcher
701538,Jackson Merrill,"6' 2""",74.0,Outfielder
657240,Julian Merryweather,"6' 4""",76.0,Pitcher
670223,Matt Mervis,"6' 2""",74.0,First Base
683748,Victor Mesa Jr.,"5' 11""",71.0,Outfielder
800048,Parker Messick,"6' 0""",72.0,Pitcher
682825,Luis Mey,"6' 5""",77.0,Pitcher
676974,Max Meyer,"6' 0""",72.0,Pitcher
676694,Jake Meyers,"6' 0""",72.0,Outfielder
571945,Miles Mikolas,"6' 4""",76.0,Pitcher
489119,Wade Miley,"6' 1""",73.0,Pitcher
686452,Drew Millas,"6' 0""",72.0,Catcher
682243,Bryce Miller,"6' 2""",74.0,Pitcher
669062,Erik Miller,"6' 5""",77.0,Pitcher
695243,Mason Miller,"6' 5""",77.0,Pitcher
680911,Owen Miller,"5' 11""",71.0,Second Base
676272,Bobby Miller,"6' 5""",77.0,Pitcher
571946,Shelby Miller,"6' 3""",75.0,Pitcher
571948,Hoby Milner,"6' 3""",75.0,Pitcher
621345,A.J. Minter,"6' 0""",72.0,Pitcher
669304,Jose F Miranda,"6' 1""",73.0,Third Base
664948,Anthony Misiewicz,"6' 1""",73.0,Pitcher
694819,Jacob Misiorowski,"6' 7""",79.0,Pitcher
670224,Kameron Misner,"6' 3""",75.0,Outfielder
669003,Garrett Mitchell,"6' 2""",74.0,Outfielder
663554,Casey Mize,"6' 3""",75.0,Pitcher
669387,Carmen Mlodzinski,"6' 2""",74.0,Pitcher
683627,Anthony Molina,"6' 1""",73.0,Pitcher
594580,Sam Moll,"5' 9""",69.0,Pitcher
655316,Andruw Monasterio,"5' 11""",71.0,Shortstop
660162,Yoán Moncada,"6' 0""",72.0,Third Base
666160,Mickey Moniak,"6' 1""",73.0,Outfielder
593423,Frankie Montas,"6' 2""",74.0,Pitcher
672456,Keider Montero,"6' 1""",73.0,Pitcher
606160,Rafael Montero,"6' 0""",72.0,Pitcher
663796,Coco Montes,"6' 0""",72.0,Second Base
801216,Christian Montes De Oca,"6' 4""",76.0,Pitcher
687287,Patrick Monteverde,"6' 2""",74.0,Pitcher
695657,Colson Montgomery,"6' 3""",75.0,Shortstop
682254,Mason Montgomery,"6' 2""",74.0,Pitcher
695681,Christian Moore,"6' 0""",72.0,Second Base
664238,Dylan Moore,"6' 1""",73.0,Outfielder
806960,Luis Morales,"6' 3""",75.0,Pitcher
663558,Jovani Morán,"6' 1""",73.0,Pitcher
670970,Adrian Morejon,"5' 11""",71.0,Pitcher
666624,Christopher Morel,"6' 0""",72.0,First Base
672515,Gabriel Moreno,"5' 9""",69.0,Catcher
664294,Dauri Moreta,"6' 2""",74.0,Pitcher
688158,David Morgan,"6' 0""",72.0,Pitcher
669212,Eli Morgan,"5' 10""",70.0,Pitcher
666661,Juan Morillo,"6' 1""",73.0,Pitcher
450203,Charlie Morton,"6' 5""",77.0,Pitcher
663624,Ryan Mountcastle,"6' 3""",75.0,First Base
656775,Cedric Mullins,"5' 7""",67.0,Outfielder
571970,Max Muncy,"5' 10""",70.0,Third Base
691777,Max Muncy,"6' 0""",72.0,Third Base
662253,Andrés Muñoz,"6' 2""",74.0,Pitcher
682610,Roddery Muñoz,"6' 2""",74.0,Pitcher
691548,Rolddy Muñoz,"6' 2""",74.0,Pitcher
668716,Noah Murdock,"6' 8""",80.0,Pitcher
682171,Penn Murfee,"6' 2""",74.0,Pitcher
669684,Chris Murphy,"6' 1""",73.0,Pitcher
669221,Sean Murphy,"6' 3""",75.0,Catcher
681151,Jayden Murray,"6' 1""",73.0,Pitcher
667472,Dane Myers,"6' 0""",72.0,Outfielder
668964,Tobias Myers,"6' 1""",73.0,Pitcher
667297,Tommy Nance,"6' 6""",78.0,Pitcher
665966,Carlos Narváez,"5' 11""",71.0,Catcher
553882,Omar Narváez,"5' 11""",71.0,Catcher
640459,Brian Navarreto,"6' 1""",73.0,Catcher
647304,Josh Naylor,"5' 10""",70.0,First Base
666310,Bo Naylor,"5' 9""",69.0,Catcher
669459,Kyle Nelson,"6' 1""",73.0,Pitcher
669194,Ryne Nelson,"6' 3""",75.0,Pitcher
593576,Héctor Neris,"6' 2""",74.0,Pitcher
687263,Zach Neto,"5' 11""",71.0,Shortstop
656794,Sean Newcomb,"6' 5""",77.0,Pitcher
621028,Kevin Newman,"6' 0""",72.0,Third Base
693312,Kyle Nicolas,"6' 3""",75.0,Pitcher
621512,Tomás Nido,"6' 0""",72.0,Catcher
680951,Doug Nikhazy,"6' 0""",72.0,Pitcher
607043,Brandon Nimmo,"6' 1""",73.0,Outfielder
676116,Ryan Noda,"6' 1""",73.0,First Base
678877,Jhonkensy Noel,"6' 4""",76.0,Outfielder
605400,Aaron Nola,"6' 2""",74.0,Pitcher
543592,Austin Nola,"6' 0""",72.0,Catcher
663457,Lars Nootbaar,"6' 1""",73.0,Outfielder
681393,Connor Norby,"5' 10""",70.0,Second Base
673380,Dedniel Núñez,"6' 2""",74.0,Pitcher
624513,Dom Nuñez,"6' 0""",72.0,Catcher
674384,Eduarniel Núñez,"6' 2""",74.0,Pitcher
683083,Nasim Nuñez,"5' 8""",68.0,Second Base
676617,Riley O'Brien,"6' 4""",76.0,Pitcher
656811,Ryan O'Hearn,"6' 2""",74.0,Outfielder
681351,Logan O'Hoppe,"6' 2""",74.0,Catcher
641933,Tyler O'Neill,"5' 9""",69.0,Outfielder
641927,Bailey Ober,"6' 9""",81.0,Pitcher
829272,Shinnosuke Ogasawara,"5' 11""",71.0,Pitcher
701487,Pierson Ohl,"6' 1""",73.0,Pitcher
660271,Shohei Ohtani,"6' 4""",76.0,Two-Way Player
595345,Steven Okert,"6' 2""",74.0,Pitcher
621566,Matt Olson,"6' 4""",76.0,First Base
681857,Reese Olson,"6' 1""",73.0,Pitcher
680716,Jonathan Ornelas,"6' 1""",73.0,Shortstop
672359,Tirso Ornelas,"6' 3""",75.0,Outfielder
672391,Kaleb Ort,"6' 4""",76.0,Pitcher
687401,Joey Ortiz,"5' 10""",70.0,Shortstop
682847,Luis Ortiz,"6' 2""",74.0,Pitcher
679358,Eric Orze,"6' 4""",76.0,Pitcher
696030,Alejandro Osuna,"5' 9""",69.0,Outfielder
671305,Michel Otañez,"6' 4""",76.0,Pitcher
493603,Adam Ottavino,"6' 5""",77.0,Pitcher
681546,James Outman,"6' 2""",74.0,Outfielder
670912,Johan Oviedo,"6' 6""",78.0,Pitcher
687074,Tyler Owens,"5' 10""",70.0,Pitcher
542303,Marcell Ozuna,"6' 1""",73.0,Designated Hitter
663978,Chris Paddack,"6' 5""",77.0,Pitcher
641941,Emilio Pagán,"6' 2""",74.0,Pitcher
681624,Andy Pages,"6' 1""",73.0,Outfielder
686780,Pedro Pagés,"5' 11""",71.0,Catcher
641943,Joshua Palacios,"6' 0""",72.0,Outfielder
680700,Richie Palacios,"5' 8""",68.0,Second Base
694037,Daniel Palencia,"5' 11""",71.0,Pitcher
669449,Jake Palisch,"6' 4""",76.0,Pitcher
669467,Andre Pallante,"6' 0""",72.0,Pitcher
687223,Carson Palmquist,"6' 3""",75.0,Pitcher
670623,Isaac Paredes,"5' 11""",71.0,Third Base
677347,Kyren Paris,"5' 10""",70.0,Second Base
680730,Mitchell Parker,"6' 4""",76.0,Pitcher
686469,Vinnie Pasquantino,"6' 3""",75.0,First Base
694477,Chad Patrick,"6' 1""",73.0,Pitcher
688363,Graham Pauley,"6' 1""",73.0,Third Base
606303,Joel Payamps,"6' 3""",75.0,Pitcher
663878,Nate Pearson,"6' 6""",78.0,Pitcher
592626,Joc Pederson,"6' 1""",73.0,Designated Hitter
665625,Elvis Peguero,"6' 4""",76.0,Pitcher
666711,Joel Peguero,"5' 10""",70.0,Pitcher
678894,Liover Peguero,"6' 0""",72.0,Shortstop
665161,Jeremy Peña,"6' 0""",72.0,Shortstop
686752,Ryan Pepiot,"6' 3""",75.0,Pitcher
642547,Freddy Peralta,"6' 0""",72.0,Pitcher
678821,Luis Peralta,"5' 11""",71.0,Pitcher
671111,Sammy Peralta,"6' 1""",73.0,Pitcher
593974,Wandy Peralta,"6' 0""",72.0,Pitcher
672724,Oswald Peraza,"5' 11""",71.0,Second Base
622780,Angel Perdomo,"6' 8""",80.0,Pitcher
672695,Geraldo Perdomo,"6' 2""",74.0,Shortstop
640902,Jhonny Pereda,"6' 1""",73.0,Catcher
677592,Everson Pereira,"5' 11""",71.0,Outfielder
672335,Cionel Pérez,"6' 0""",72.0,Pitcher
691587,Eury Pérez,"6' 8""",80.0,Pitcher
527048,Martín Pérez,"6' 0""",72.0,Pitcher
521692,Salvador Perez,"6' 2""",74.0,Designated Hitter
672761,Wenceel Pérez,"5' 11""",71.0,Outfielder
663368,Blake Perkins,"6' 0""",72.0,Outfielder
678022,Jack Perkins,"6' 1""",73.0,Pitcher
671976,Tristan Peters,"6' 0""",72.0,Outfielder
656848,Michael Petersen,"6' 7""",79.0,Pitcher
656849,David Peterson,"6' 6""",78.0,Pitcher
695534,Chase Petty,"6' 1""",73.0,Pitcher
694297,Brandon Pfaadt,"6' 4""",76.0,Pitcher
502054,Tommy Pham,"6' 1""",73.0,Outfielder
683175,Connor Phillips,"6' 2""",74.0,Pitcher
623465,Evan Phillips,"6' 2""",74.0,Pitcher
663969,Tyler Phillips,"6' 5""",77.0,Pitcher
663455,Konnor Pilkington,"6' 3""",75.0,Pitcher
607680,Kevin Pillar,"6' 0""",72.0,Outfielder
673820,Robinson Piña,"6' 5""",77.0,Pitcher
702752,Jonathan Pintaro,"6' 2""",74.0,Pitcher
601713,Nick Pivetta,"6' 5""",77.0,Pitcher
621363,Colin Poche,"6' 3""",75.0,Pitcher
593871,Jorge Polanco,"6' 0""",72.0,Designated Hitter
519141,Drew Pomeranz,"6' 5""",77.0,Pitcher
647315,Zach Pop,"6' 4""",76.0,Pitcher
687166,Austin Pope,"6' 3""",75.0,Pitcher
682515,Logan Porter,"5' 11""",71.0,Catcher
547001,Cody Poteet,"6' 1""",73.0,Pitcher
676571,PJ Poulin,"6' 1""",73.0,Pitcher
700249,Cade Povich,"6' 3""",75.0,Pitcher
650968,Yohel Pozo,"5' 11""",71.0,Catcher
519151,Ryan Pressly,"6' 2""",74.0,Pitcher
682990,Quinn Priester,"6' 3""",75.0,Pitcher
693409,César Prieto,"5' 9""",69.0,Third Base
595777,Jurickson Profar,"5' 11""",71.0,Outfielder
640462,A.J. Puk,"6' 7""",79.0,Pitcher
615698,Cal Quantrill,"6' 3""",75.0,Pitcher
700337,Edgar Quero,"5' 10""",70.0,Catcher
650671,José Quijada,"5' 11""",71.0,Pitcher
500779,Jose Quintana,"6' 2""",74.0,Pitcher
678882,Ceddanne Rafaela,"5' 10""",70.0,Outfielder
666142,Cole Ragans,"6' 4""",76.0,Pitcher
685068,Carson Ragsdale,"6' 8""",80.0,Pitcher
663432,Tanner Rainey,"6' 3""",75.0,Pitcher
663728,Cal Raleigh,"6' 2""",74.0,Catcher
548384,Brooks Raley,"6' 3""",75.0,Pitcher
670042,Luke Raley,"6' 3""",75.0,Outfielder
682663,Agustín Ramírez,"6' 1""",73.0,Catcher
541640,Erasmo Ramírez,"6' 0""",72.0,Pitcher
608070,José Ramírez,"5' 8""",68.0,Third Base
670990,Yohan Ramírez,"6' 3""",75.0,Pitcher
682868,Bryan Ramos,"6' 2""",74.0,Third Base
671218,Heliot Ramos,"5' 11""",71.0,Outfielder
660604,Alan Rangel,"6' 2""",74.0,Pitcher
675919,Nick Raquet,"6' 0""",72.0,Pitcher
688497,Taylor Rashi,"6' 4""",76.0,Pitcher
656876,Drew Rasmussen,"6' 1""",73.0,Pitcher
670231,John Rave,"5' 10""",70.0,Outfielder
592662,Robbie Ray,"6' 2""",74.0,Pitcher
607067,Colin Rea,"6' 5""",77.0,Pitcher
592663,J.T. Realmuto,"6' 0""",72.0,Catcher
608701,Rob Refsnyder,"5' 11""",71.0,Designated Hitter
592669,Hunter Renfroe,"6' 1""",73.0,Outfielder
650859,Luis Rengifo,"5' 9""",69.0,Outfielder
622569,Pablo Reyes,"5' 8""",68.0,Outfield
668804,Bryan Reynolds,"6' 2""",74.0,Outfielder
669308,Sean Reynolds,"6' 8""",80.0,Pitcher
687377,Orlando Ribalta,"6' 7""",79.0,Pitcher
700250,Ben Rice,"6' 2""",74.0,Designated Hitter
670950,Trevor Richards,"6' 2""",74.0,Pitcher
680689,Lyon Richardson,"6' 2""",74.0,Pitcher
663586,Austin Riley,"6' 1""",73.0,Third Base
690022,Ryan Ritter,"6' 1""",73.0,Second Base
660844,Leo Rivas,"5' 7""",67.0,Third Base
656896,Emmanuel Rivera,"6' 0""",72.0,Third Base
665861,Sebastián Rivero,"6' 1""",73.0,Catcher
685005,Christian Roa,"6' 4""",76.0,Pitcher
642016,Daniel Robert,"6' 4""",76.0,Pitcher
673357,Luis Robert Jr.,"6' 2""",74.0,Outfielder
681799,Ethan Roberts,"5' 10""",70.0,Pitcher
502085,David Robertson,"5' 11""",71.0,Pitcher
683770,Will Robertson,"6' 0""",72.0,Outfielder
642020,Chuckie Robinson,"6' 0""",72.0,Catcher
645302,Victor Robles,"6' 0""",72.0,Outfielder
677587,Brayan Rocchio,"5' 9""",69.0,Shortstop
697812,Joe Rock,"6' 6""",78.0,Pitcher
677958,Kumar Rocker,"6' 5""",77.0,Pitcher
702176,Alan Roden,"5' 11""",71.0,Outfielder
663898,Brendan Rodgers,"6' 0""",72.0,Second Base
607074,Carlos Rodón,"6' 2""",74.0,Pitcher
699134,Bradgley Rodriguez,"6' 1""",73.0,Pitcher
692230,Carlos Rodriguez,"5' 11""",71.0,Pitcher
593958,Eduardo Rodriguez,"6' 2""",74.0,Pitcher
660730,Elvin Rodríguez,"6' 4""",76.0,Pitcher
682848,Endy Rodríguez,"6' 0""",72.0,Catcher
671286,Johnathan Rodríguez,"6' 2""",74.0,Outfielder
677594,Julio Rodríguez,"6' 4""",76.0,Outfielder
655889,Manuel Rodríguez,"5' 11""",71.0,Pitcher
678495,Randy Rodríguez,"6' 0""",72.0,Pitcher
684320,Yariel Rodríguez,"6' 0""",72.0,Pitcher
668670,Jake Rogers,"5' 11""",71.0,Catcher
573124,Taylor Rogers,"6' 3""",75.0,Pitcher
669432,Trevor Rogers,"6' 5""",77.0,Pitcher
643511,Tyler Rogers,"6' 3""",75.0,Pitcher
679032,Johan Rojas,"5' 11""",71.0,Outfielder
668942,Josh Rojas,"6' 1""",73.0,Third Base
500743,Miguel Rojas,"5' 10""",70.0,Second Base
669020,Ryan Rolison,"6' 2""",74.0,Pitcher
605447,Jordan Romano,"6' 5""",77.0,Pitcher
668941,JoJo Romero,"5' 11""",71.0,Pitcher
691011,Drew Romo,"6' 0""",72.0,Catcher
667670,Brent Rooker,"6' 3""",75.0,Designated Hitter
680701,John Rooney,"6' 5""",77.0,Pitcher
666163,Ben Rortvedt,"5' 10""",70.0,Catcher
592696,Eddie Rosario,"6' 0""",72.0,Outfield
642708,Amed Rosario,"6' 1""",73.0,Third Base
605452,Joe Ross,"6' 4""",76.0,Pitcher
694738,Landen Roupp,"6' 2""",74.0,Pitcher
688297,Chris Roycroft,"6' 8""",80.0,Pitcher
665923,Esteury Ruiz,"5' 11""",71.0,Outfielder
614179,José Ruiz,"6' 1""",73.0,Pitcher
660688,Keibert Ruiz,"5' 11""",71.0,Catcher
687221,Dalton Rushing,"6' 0""",72.0,Catcher
671131,Jackson Rutledge,"6' 8""",80.0,Pitcher
668939,Adley Rutschman,"6' 1""",73.0,Catcher
657746,Joe Ryan,"6' 2""",74.0,Pitcher
685314,Andrew Saalfrank,"6' 3""",75.0,Pitcher
666165,Blake Sabol,"6' 4""",76.0,Catcher
681870,Erik Sabrowski,"6' 4""",76.0,Pitcher
695336,Thomas Saggese,"5' 10""",70.0,Outfielder
663967,César Salazar,"5' 8""",68.0,Catcher
674285,Eduardo Salazar,"6' 2""",74.0,Pitcher
519242,Chris Sale,"6' 6""",78.0,Pitcher
645305,Ali Sánchez,"6' 0""",72.0,Catcher
650911,Cristopher Sánchez,"6' 6""",78.0,Pitcher
596142,Gary Sánchez,"6' 2""",74.0,Catcher
660821,Jesús Sánchez,"6' 3""",75.0,Outfielder
676742,Cam Sanders,"6' 2""",74.0,Pitcher
680704,Nick Sandlin,"5' 11""",71.0,Pitcher
682144,Jayvien Sandridge,"6' 5""",77.0,Pitcher
663485,Cole Sands,"6' 3""",75.0,Pitcher
665665,Reiver Sanmartin,"6' 1""",73.0,Pitcher
691594,Javier Sanoja,"5' 7""",67.0,Third Base
467793,Carlos Santana,"5' 10""",70.0,First Base
642701,Dennis Santana,"6' 2""",74.0,Pitcher
623993,Anthony Santander,"6' 1""",73.0,Outfielder
663574,Tony Santillan,"6' 3""",75.0,Pitcher
666619,Gregory Santos,"6' 3""",75.0,Pitcher
808963,Roki Sasaki,"6' 2""",74.0,Pitcher
642048,Tayler Saucedo,"6' 4""",76.0,Pitcher
669422,Matt Sauer,"6' 4""",76.0,Pitcher
694384,Nolan Schanuel,"6' 2""",74.0,First Base
453286,Max Scherzer,"6' 3""",75.0,Pitcher
693645,Cam Schlittler,"6' 6""",78.0,Pitcher
657376,Clarke Schmidt,"6' 1""",73.0,Pitcher
669477,Casey Schmitt,"6' 0""",72.0,Outfielder
682177,Daniel Schneemann,"6' 0""",72.0,Outfielder
676914,Davis Schneider,"5' 8""",68.0,Outfielder
669947,Jesse Scholtens,"6' 4""",76.0,Pitcher
670167,John Schreiber,"6' 2""",74.0,Pitcher
680474,Max Schuemann,"6' 0""",72.0,Outfielder
687606,Paxton Schultz,"6' 3""",75.0,Pitcher
668845,Aaron Schunk,"6' 1""",73.0,Shortstop
656941,Kyle Schwarber,"5' 11""",71.0,Designated Hitter
680885,Spencer Schwellenbach,"6' 1""",73.0,Pitcher
656945,Tanner Scott,"6' 0""",72.0,Pitcher
605463,Tayler Scott,"6' 3""",75.0,Pitcher
687363,Victor Scott II,"5' 10""",70.0,Outfielder
657756,Connor Seabold,"6' 2""",74.0,Pitcher
608369,Corey Seager,"6' 4""",76.0,Shortstop
676664,JP Sears,"5' 11""",71.0,Pitcher
678011,Anthony Seigler,"5' 9""",69.0,Second Base
681882,Colin Selby,"6' 2""",74.0,Pitcher
543760,Marcus Semien,"6' 0""",72.0,Second Base
673540,Kodai Senga,"6' 1""",73.0,Pitcher
663584,Hayden Senger,"6' 1""",73.0,Catcher
622608,Antonio Senzatela,"6' 1""",73.0,Pitcher
622663,Luis Severino,"6' 2""",74.0,Pitcher
623149,Paul Sewald,"6' 3""",75.0,Pitcher
693313,Carson Seymour,"6' 5""",77.0,Pitcher
693855,Ian Seymour,"6' 0""",72.0,Pitcher
676044,Bob Seymour,"6' 3""",75.0,First Base
807713,Matt Shaw,"5' 10""",70.0,Outfielder
686218,Emmet Sheehan,"6' 5""",77.0,Pitcher
657757,Gavin Sheets,"6' 3""",75.0,First Base
670097,Zack Short,"5' 10""",70.0,Shortstop
663767,Chase Shugart,"5' 11""",71.0,Pitcher
694363,Jared Shuster,"6' 3""",75.0,Pitcher
672279,Michael Siani,"5' 11""",71.0,Outfielder
681217,Chase Silseth,"6' 0""",72.0,Pitcher
682927,Ronny Simon,"5' 8""",68.0,Second Base
802415,Chandler Simpson,"5' 11""",71.0,Outfielder
681006,Josh Simpson,"6' 2""",74.0,Pitcher
608371,Lucas Sims,"6' 2""",74.0,Pitcher
663903,Brady Singer,"6' 5""",77.0,Pitcher
572138,Jon Singleton,"6' 2""",74.0,First Base
642350,Jose Siri,"6' 2""",74.0,Outfielder
681895,Evan Sisk,"6' 2""",74.0,Pitcher
694973,Paul Skenes,"6' 6""",78.0,Pitcher
669373,Tarik Skubal,"6' 3""",75.0,Pitcher
686580,Justin Slaten,"6' 4""",76.0,Pitcher
596103,Austin Slater,"6' 1""",73.0,Outfielder
671922,Cade Smith,"6' 5""",77.0,Pitcher
701358,Cam Smith,"6' 3""",75.0,Outfielder
642086,Dominic Smith,"5' 11""",71.0,Designated Hitter
681916,Dylan Smith,"6' 2""",74.0,Pitcher
669701,Josh Smith,"5' 9""",69.0,Second Base
656976,Pavin Smith,"6' 2""",74.0,First Base
681343,Shane Smith,"6' 3""",75.0,Pitcher
669257,Will Smith,"5' 10""",70.0,Catcher
700363,AJ Smith-Shawver,"6' 3""",75.0,Pitcher
605483,Blake Snell,"6' 4""",76.0,Pitcher
676092,Collin Snider,"6' 4""",76.0,Pitcher
691016,Tyler Soderstrom,"6' 2""",74.0,Outfielder
686765,Nick Sogard,"6' 1""",73.0,Second Base
669256,Nick Solak,"5' 9""",69.0,First Base
456781,Donovan Solano,"5' 8""",68.0,First Base
624585,Jorge Soler,"6' 3""",75.0,Designated Hitter
805427,Drew Sommers,"6' 3""",75.0,Pitcher
666277,George Soriano,"6' 2""",74.0,Pitcher
667755,José Soriano,"6' 3""",75.0,Pitcher
647336,Michael Soroka,"6' 5""",77.0,Pitcher
624641,Edmundo Sosa,"5' 11""",71.0,Outfielder
672820,Lenyn Sosa,"5' 11""",71.0,Second Base
642397,Gregory Soto,"6' 1""",73.0,Pitcher
665742,Juan Soto,"6' 1""",73.0,Outfielder
656986,Bennett Sousa,"6' 3""",75.0,Pitcher
642100,Gabe Speier,"5' 11""",71.0,Pitcher
687765,Mitch Spence,"6' 1""",73.0,Pitcher
686730,Carson Spiers,"6' 3""",75.0,Pitcher
543807,George Springer,"6' 1""",73.0,Designated Hitter
605488,Jeffrey Springs,"6' 3""",75.0,Pitcher
687075,Brandon Sproat,"6' 3""",75.0,Pitcher
607732,Jacob Stallings,"6' 5""",77.0,Catcher
592773,Ryne Stanek,"6' 4""",76.0,Pitcher
519317,Giancarlo Stanton,"6' 5""",77.0,Designated Hitter
657006,Justin Steele,"6' 2""",74.0,Pitcher
668715,Spencer Steer,"5' 9""",69.0,First Base
683021,Michael Stefanic,"5' 9""",69.0,Second Base
596112,Robert Stephenson,"6' 3""",75.0,Pitcher
663886,Tyler Stephenson,"6' 3""",75.0,Catcher
686993,Justin Sterner,"6' 1""",73.0,Pitcher
677060,Chad Stevens,"6' 3""",75.0,Second Base
670276,Cal Stevenson,"5' 9""",69.0,Outfield
592779,Brock Stewart,"6' 3""",75.0,Pitcher
701398,Sal Stewart,"6' 1""",73.0,First Base
476594,Robert Stock,"6' 1""",73.0,Pitcher
596115,Trevor Story,"6' 1""",73.0,Shortstop
681082,Bryson Stott,"6' 0""",72.0,Second Base
669065,Kyle Stowers,"6' 2""",74.0,First Base
621381,Matt Strahm,"6' 2""",74.0,Pitcher
608717,Chris Stratton,"6' 2""",74.0,Pitcher
676702,Hunter Stratton,"6' 4""",76.0,Pitcher
664702,Myles Straw,"5' 9""",69.0,Outfielder
519326,Hunter Strickland,"6' 3""",75.0,Pitcher
675911,Spencer Strider,"6' 0""",72.0,Pitcher
573186,Marcus Stroman,"5' 7""",67.0,Pitcher
669704,Kade Strowd,"6' 2""",74.0,Pitcher
667690,C.J. Stubbs,"6' 2""",74.0,Catcher
596117,Garrett Stubbs,"5' 9""",69.0,Catcher
544150,Albert Suárez,"6' 3""",75.0,Pitcher
553993,Eugenio Suárez,"5' 11""",71.0,Designated Hitter
660761,José Suarez,"5' 10""",70.0,Pitcher
624133,Ranger Suarez,"6' 1""",73.0,Pitcher
663158,Robert Suarez,"6' 2""",74.0,Pitcher
593833,Wander Suero,"6' 4""",76.0,Pitcher
608372,Tomoyuki Sugano,"6' 1""",73.0,Pitcher
664954,Brett Sullivan,"5' 11""",71.0,Catcher
642121,Cole Sulser,"6' 0""",72.0,Pitcher
608718,Brent Suter,"6' 4""",76.0,Pitcher
669261,Jack Suwinski,"6' 1""",73.0,Outfielder
673548,Seiya Suzuki,"5' 11""",71.0,Outfielder
694335,Matt Svanson,"6' 5""",77.0,Pitcher
657024,Erik Swanson,"6' 3""",75.0,Pitcher
621020,Dansby Swanson,"6' 0""",72.0,Shortstop
700242,Trey Sweeney,"6' 2""",74.0,Shortstop
592791,Jameson Taillon,"6' 5""",77.0,Pitcher
676206,Freddy Tarnok,"6' 4""",76.0,Pitcher
622253,Dillon Tate,"6' 2""",74.0,Pitcher
665487,Fernando Tatis Jr.,"6' 3""",75.0,Outfielder
643565,Mike Tauchman,"6' 1""",73.0,Outfielder
665750,Leody Taveras,"6' 2""",74.0,Outfielder
694374,Tim Tawa,"5' 11""",71.0,First Base
621035,Chris Taylor,"6' 0""",72.0,Outfielder
691799,Grant Taylor,"6' 3""",75.0,Pitcher
572191,Michael A. Taylor,"6' 4""",76.0,Outfielder
669392,Samad Taylor,"5' 8""",68.0,Outfielder
700187,Troy Taylor,"6' 0""",72.0,Pitcher
621438,Tyrone Taylor,"6' 0""",72.0,Outfielder
691019,Kyle Teel,"5' 11""",71.0,Catcher
642133,Rowdy Tellez,"6' 3""",75.0,First Base
677588,José Tena,"5' 10""",70.0,Designated Hitter
678906,Kai-Wei Teng,"6' 4""",76.0,Pitcher
669326,Bryce Teodosio,"6' 2""",74.0,Outfielder
642136,Matt Thaiss,"5' 11""",71.0,Catcher
573204,Caleb Thielbar,"6' 0""",72.0,Pitcher
677950,Alek Thomas,"5' 9""",69.0,Outfielder
687515,Colby Thomas,"5' 10""",70.0,Outfielder
657041,Lane Thomas,"5' 11""",71.0,Outfielder
689041,Rhylan Thomas,"5' 10""",70.0,Outfielder
671162,Connor Thomas,"6' 0""",72.0,Pitcher
666168,Mason Thompson,"6' 6""",78.0,Pitcher
657044,Ryan Thompson,"6' 5""",77.0,Pitcher
605507,Zach Thompson,"6' 7""",79.0,Pitcher
663423,Trent Thornton,"6' 0""",72.0,Pitcher
694918,Blade Tidwell,"6' 3""",75.0,Pitcher
622786,Jesus Tinoco,"6' 4""",76.0,Pitcher
669911,Michael Toglia,"6' 5""",77.0,First Base
686475,Tyler Tolbert,"5' 10""",70.0,Shortstop
801139,Payton Tolle,"6' 6""",78.0,Pitcher
804636,Jonah Tong,"6' 1""",73.0,Pitcher
543859,Michael Tonkin,"6' 7""",79.0,Pitcher
623437,Justin Topa,"6' 4""",76.0,Pitcher
679529,Spencer Torkelson,"6' 1""",73.0,First Base
647351,Abraham Toro,"6' 0""",72.0,First Base
620443,Luis Torrens,"5' 11""",71.0,Catcher
650402,Gleyber Torres,"5' 10""",70.0,Second Base
657053,Touki Toussaint,"6' 3""",75.0,Pitcher
678662,Ezequiel Tovar,"6' 0""",72.0,Shortstop
666211,Taylor Trammell,"6' 1""",73.0,Outfielder
595014,Blake Treinen,"6' 5""",77.0,Pitcher
676701,Alan Trejo,"6' 0""",72.0,Shortstop
624431,Jose Trevino,"5' 9""",69.0,Catcher
669707,Jared Triolo,"6' 3""",75.0,Shortstop
642152,Lou Trivino III,"6' 5""",77.0,Pitcher
644433,Chadwick Tromp,"5' 8""",68.0,Catcher
545361,Mike Trout,"6' 1""",73.0,Outfielder
663656,Kyle Tucker,"6' 3""",75.0,Outfielder
668930,Brice Turang,"6' 0""",72.0,Second Base
605513,Spencer Turnbull,"6' 3""",75.0,Pitcher
457759,Justin Turner,"5' 11""",71.0,First Base
607208,Trea Turner,"6' 1""",73.0,Shortstop
670955,Edwin Uceta,"6' 0""",72.0,Pitcher
570632,José Ureña,"6' 2""",74.0,Pitcher
649966,Luis Urías,"5' 9""",69.0,Second Base
602104,Ramón Urías,"5' 9""",69.0,Third Base
682842,Abner Uribe,"6' 3""",75.0,Pitcher
664353,José Urquidy,"6' 0""",72.0,Pitcher
570482,Gio Urshela,"6' 0""",72.0,Third Base
665839,Enmanuel Valdez,"5' 8""",68.0,First Base
664285,Framber Valdez,"5' 11""",71.0,Pitcher
671655,George Valera,"5' 10""",70.0,Outfielder
687003,Brian Van Belle,"6' 3""",75.0,Pitcher
701121,Logan VanWey,"6' 2""",74.0,Pitcher
672841,Carlos Vargas,"6' 4""",76.0,Pitcher
545121,Ildemaro Vargas,"5' 11""",71.0,First Base
678246,Miguel Vargas,"6' 2""",74.0,Third Base
686973,Louis Varland,"6' 1""",73.0,Pitcher
662139,Daulton Varsho,"5' 8""",68.0,Outfielder
678024,Mike Vasil,"6' 5""",77.0,Pitcher
681190,Randy Vásquez,"6' 0""",72.0,Pitcher
683734,Andrew Vaughn,"5' 10""",70.0,First Base
679631,Terrin Vavra,"5' 11""",71.0,Second Base
543877,Christian Vázquez,"5' 8""",68.0,Catcher
676679,Luis Vázquez,"6' 0""",72.0,Shortstop
691728,Zac Veen,"6' 3""",75.0,Outfielder
685107,Anthony Veneziano,"6' 5""",77.0,Pitcher
657077,Alex Verdugo,"6' 0""",72.0,Outfielder
434378,Justin Verlander,"6' 5""",77.0,Pitcher
681911,Alex Vesia,"6' 1""",73.0,Pitcher
676684,Will Vest,"6' 0""",72.0,Pitcher
668901,Mark Vientos,"6' 3""",75.0,First Base
663837,Matt Vierling,"6' 1""",73.0,Outfielder
668723,Ryan Vilade,"6' 1""",73.0,Outfielder
681584,David Villar,"5' 11""",71.0,First Base
678391,Jorbit Vivas,"5' 9""",69.0,Third Base
680767,Victor Vodnik,"6' 0""",72.0,Pitcher
683011,Anthony Volpe,"5' 10""",70.0,Shortstop
608379,Michael Wacha,"6' 6""",78.0,Pitcher
663399,Brandon Waddell,"6' 3""",75.0,Pitcher
664774,LaMonte Wade Jr.,"5' 11""",71.0,Outfielder
642180,Tyler Wade,"6' 0""",72.0,Second Base
676572,Eric Wagaman,"6' 4""",76.0,First Base
695238,Will Wagner,"6' 0""",72.0,Designated Hitter
694462,Hurston Waldrep,"6' 2""",74.0,Pitcher
663362,Matt Waldron,"6' 2""",74.0,Pitcher
572233,Christian Walker,"5' 11""",71.0,First Base
691023,Jordan Walker,"6' 6""",78.0,Outfielder
677020,Josh Walker,"6' 6""",78.0,Pitcher
676254,Ryan Walker,"6' 2""",74.0,Pitcher
592836,Taijuan Walker,"6' 4""",76.0,Pitcher
595453,Chad Wallach,"6' 2""",74.0,Catcher
670242,Matt Wallner,"6' 4""",76.0,Outfielder
670764,Taylor Walls,"5' 9""",69.0,Shortstop
687888,Brandon Walter,"6' 2""",74.0,Pitcher
689958,Andrew Walters,"6' 4""",76.0,Pitcher
622268,Donovan Walton,"5' 9""",69.0,Second Base
621493,Taylor Ward,"6' 0""",72.0,Outfielder
681810,Austin Warren,"6' 0""",72.0,Pitcher
701542,Will Warren,"6' 2""",74.0,Pitcher
671221,Drew Waters,"6' 1""",73.0,Outfielder
677960,Ryan Weathers,"6' 1""",73.0,Pitcher
596133,Luke Weaver,"6' 2""",74.0,Pitcher
657097,Jacob Webb,"6' 2""",74.0,Pitcher
657277,Logan Webb,"6' 2""",74.0,Pitcher
607179,Jordan Weems,"6' 4""",76.0,Pitcher
669711,Greg Weissert,"6' 2""",74.0,Pitcher
669224,Austin Wells,"6' 1""",73.0,Catcher
669330,Tyler Wells,"6' 8""",80.0,Pitcher
666214,Joey Wentz,"6' 5""",77.0,Pitcher
669713,Hayden Wesneski,"6' 3""",75.0,Pitcher
676059,Jordan Westburg,"6' 1""",73.0,Third Base
554430,Zack Wheeler,"6' 4""",76.0,Pitcher
687931,Carson Whisenhunt,"6' 3""",75.0,Pitcher
694376,Shay Whitcomb,"6' 0""",72.0,Third Base
642201,Eli White,"6' 2""",74.0,Outfielder
669391,Owen White,"6' 3""",75.0,Pitcher
666215,Forrest Whitley,"6' 7""",79.0,Pitcher
676477,Garrett Whitlock,"6' 5""",77.0,Pitcher
696136,Jordan Wicks,"6' 3""",75.0,Pitcher
686894,Joey Wiemer,"6' 4""",76.0,Outfielder
677961,Cole Wilcox,"6' 5""",77.0,Pitcher
686249,Nathan Wiles,"6' 4""",76.0,Pitcher
700246,Carson Williams,"6' 1""",73.0,Shortstop
642207,Devin Williams,"6' 2""",74.0,Pitcher
668909,Gavin Williams,"6' 6""",78.0,Pitcher
663897,Luke Williams,"6' 1""",73.0,Shortstop
592866,Trevor Williams,"6' 3""",75.0,Pitcher
810938,Ben Williamson,"6' 0""",72.0,Second Base
669060,Bryse Wilson,"6' 2""",74.0,Pitcher
805779,Jacob Wilson,"6' 2""",74.0,Shortstop
458677,Justin Wilson,"6' 2""",74.0,Pitcher
621051,Steven Wilson,"6' 4""",76.0,Pitcher
642215,Weston Wilson,"6' 3""",75.0,Third Base
669717,Will Wilson,"5' 9""",69.0,Third Base
642216,Allan Winans,"6' 2""",74.0,Pitcher
670174,Josh Winckowski,"6' 4""",76.0,Pitcher
608385,Jesse Winker,"6' 2""",74.0,Outfielder
676466,Jack Winkler,"6' 1""",73.0,Second Base
668390,Cole Winn,"6' 2""",74.0,Pitcher
676775,Keaton Winn,"6' 4""",76.0,Pitcher
691026,Masyn Winn,"5' 9""",69.0,Shortstop
689172,Brett Wisely,"5' 9""",69.0,Second Base
677951,Bobby Witt Jr.,"6' 1""",73.0,Shortstop
664991,Grant Wolfram,"6' 7""",79.0,Pitcher
657136,Connor Wong,"5' 10""",70.0,Catcher
693433,Bryan Woo,"6' 2""",74.0,Pitcher
695578,James Wood,"6' 6""",78.0,Outfielder
663765,Jake Woodford,"6' 4""",76.0,Pitcher
605540,Brandon Woodruff,"6' 4""",76.0,Pitcher
680573,Simeon Woods Richardson,"6' 3""",75.0,Pitcher
669398,Gage Workman,"6' 4""",76.0,Third Base
680736,Justin Wrobleski,"6' 1""",73.0,Pitcher
691094,Randy Wynne,"6' 1""",73.0,Pitcher
642851,Austin Wynns,"6' 1""",73.0,Catcher
808967,Yoshinobu Yamamoto,"5' 10""",70.0,Pitcher
642232,Ryan Yarbrough,"6' 5""",77.0,Pitcher
573262,Mike Yastrzemski,"5' 10""",70.0,Outfielder
489446,Kirby Yates,"5' 10""",70.0,Pitcher
592885,Christian Yelich,"6' 4""",76.0,Designated Hitter
702056,Trey Yesavage,"6' 4""",76.0,Pitcher
684974,Craig Yoho,"6' 2""",74.0,Pitcher
694377,Nick Yorke,"5' 11""",71.0,Third Base
807799,Masataka Yoshida,"5' 8""",68.0,Designated Hitter
687064,Brandon Young,"6' 6""",78.0,Pitcher
702284,Cole Young,"5' 10""",70.0,Second Base
664849,Danny Young,"6' 3""",75.0,Pitcher
696285,Jacob Young,"5' 11""",71.0,Outfielder
676724,Jared Young,"6' 2""",74.0,First Base
642239,Rob Zastryzny,"6' 3""",75.0,Pitcher
666171,Ryan Zeferjahn,"6' 5""",77.0,Pitcher
672582,Angel Zerpa,"6' 0""",72.0,Pitcher
669145,Bruce Zimmermann,"6' 3""",75.0,Pitcher
676604,Tyler Zuber,"5' 11""",71.0,Pitcher
691172,Yosver Zulueta,"6' 1""",73.0,Pitcher
