session_pitch,marker_used,pitch_speed_mph,session_height_m,fp_poi_time,br_time_c3d_end,n_frames,sjm,sjm_x,sjm_y,sjm_z
1031_2,LSHO,90.4,1.9304,1.1861,1.3389,56,0.08100433093343784,0.04708225879045669,0.05190695033254619,0.04062795889946924
1031_3,LSHO,90.4,1.9304,0.6778,0.825,53,0.020985960548345377,0.0031397429408334047,0.0050394956491274095,0.020128488219551443
1097_1,LSHO,77.6,1.9304,0.825,1.0028,65,0.09405775824707903,0.04491414551083711,0.06663717923347756,0.04887809083119652
1097_2,LSHO,77.0,1.9304,0.8917,1.0611,60,0.08839185883569059,0.037632212724392385,0.05951566923076794,0.05343053799007227
1097_3,LSHO,76.1,1.9304,0.85,1.0306,66,0.09936510118874195,0.04895725333205261,0.0671839496216387,0.05443278050648584
1170_1,LSHO,80.9,1.9304,1.0,1.1667,61,0.08752145435305783,0.06062757882737267,0.054453839245225386,0.03192304886849393
1170_2,LSHO,82.6,1.9304,0.8861,1.0472,58,0.08832362066305786,0.061737615480223704,0.051442521033130635,0.03664963617286941
1250_1,RSHO,88.1,1.7526,0.6389,0.7778,50,0.09284657929937833,0.04424745776360838,0.06449028166160771,0.05003652006544766
1250_3,RSHO,88.6,1.7526,0.6639,0.8,49,0.09205097473997777,0.03877793761299293,0.06523498480492816,0.05209654751097855
1313_1,LSHO,85.8,1.8288,0.9417,1.1028,58,0.10376876500356762,0.041929614093258086,0.07306276689035358,0.060594522414835025
1313_2,LSHO,85.9,1.8288,0.8833,1.0444,58,0.10462076563166858,0.04712443004539161,0.07169178207485566,0.05987554657107459
1313_3,LSHO,85.8,1.8288,0.95,1.1111,58,0.10785255004851325,0.04855571141712544,0.07488525414350852,0.060553399182919763
1346_1,LSHO,84.6,1.8288,0.9694,1.1139,53,0.07069766485026469,0.036957912974605656,0.04298330444027858,0.0422458048004314
1346_2,LSHO,84.5,1.8288,1.0056,1.15,52,0.07096021450965065,0.035807674498194324,0.04455380236765112,0.042049033102691945
1346_3,LSHO,84.8,1.8288,0.975,1.1222,53,0.07331196376689467,0.03968636882191219,0.045132820623571185,0.041984100129098645
1370_1,LSHO,87.8,1.905,0.8306,0.9694,49,0.06846634137295668,0.021672449130256084,0.05336132907122379,0.037020445829936584
1370_2,LSHO,86.9,1.905,0.7889,0.9444,55,0.0857995954143523,0.03495788939759847,0.0639709917950999,0.04524631201416396
1370_3,LSHO,86.9,1.905,1.2056,1.3417,49,0.06920998849612704,0.022691918044575064,0.05331479779027599,0.03785012152786711
1371_2,RSHO,87.4,1.8034,0.5917,0.7472,55,0.09306713754651808,0.04781946179753519,0.07175631481380641,0.03501174729770697
1371_3,RSHO,87.8,1.8034,0.5917,0.7528,58,0.10131043295160924,0.0566029894902917,0.07567220706426571,0.03651879630583864
1393_1,RSHO,71.3,1.6764,0.8222,0.975,56,0.07544004856255017,0.03943243236051547,0.04188363585523674,0.04880620096667255
1393_2,RSHO,69.9,1.6764,0.8917,1.05,57,0.07658847149991838,0.040586654248082846,0.044194030056635636,0.0475962726586187
1393_3,RSHO,69.5,1.6764,0.8889,1.0361,52,0.0654252226437324,0.03440684865706713,0.03448424320974762,0.04367454056681776
1394_1,LSHO,86.3,1.905,0.8528,0.9917,50,0.0771785423928588,0.0274639378375337,0.04358926139831603,0.05746508344283217
1394_2,LSHO,86.7,1.905,0.85,0.9917,52,0.08715616368842055,0.034808401678427296,0.04980488489943497,0.06248236136406859
1394_3,LSHO,86.8,1.905,0.85,0.9972,53,0.08770461917697688,0.03526061275319945,0.04755627315603555,0.06470850250744477
1403_1,LSHO,78.7,1.778,0.7417,0.8889,53,0.08932712011152767,0.051755004150228025,0.05112040342347021,0.051840701062493603
1403_2,LSHO,78.6,1.778,0.8917,1.0389,53,0.08133415200154316,0.04608526181612337,0.047261580316110365,0.047515639016784114
1403_3,LSHO,77.9,1.778,0.6861,0.8278,52,0.08523666320458832,0.04785374067428232,0.04960468803900565,0.050146616857808975
1561_1,LSHO,86.0,1.9304,1.4917,1.6361,51,0.06824429274092968,0.017889661635716658,0.050515209271563506,0.04225466992557649
1561_2,LSHO,84.6,1.9304,1.3556,1.5139,57,0.08146574662289519,0.02782059154553333,0.06043223606639756,0.04701730960930831
1561_3,LSHO,86.0,1.9304,1.6306,1.7806,54,0.07383406084712005,0.024511110326154238,0.0547973312714288,0.042987515597957195
1562_1,LSHO,91.8,1.8542,1.2778,1.3806,37,0.047843726275121644,0.008247624954217365,0.0410112031907446,0.02321809723794773
1562_2,LSHO,90.3,1.8542,1.3611,1.4722,40,0.0583101831101059,0.01116668842575721,0.05095943903543451,0.026048379932924283
1562_3,LSHO,90.6,1.8542,1.3444,1.4556,41,0.05733140804019925,0.011360252056256862,0.049192246801661954,0.027165380094791868
1574_1,LSHO,89.8,1.9304,1.1861,1.3444,57,0.07954482193856746,0.0414597333138266,0.05226072660478706,0.04332765474295233
1574_2,LSHO,88.6,1.9304,1.225,1.3806,57,0.07827779444464741,0.0381986041746804,0.05362076907813904,0.04234492727226546
1574_3,LSHO,89.5,1.9304,1.1306,1.2889,57,0.07983564905794387,0.04072241234196424,0.05535388266871864,0.04063697413750121
1581_1,LSHO,82.3,1.7018,1.4389,1.5639,45,0.067710398484507,0.021142914172809307,0.04234246791037679,0.04842303846797162
1581_2,LSHO,82.3,1.7018,1.4972,1.6167,44,0.06744434597887457,0.020576835071636882,0.042424973815665824,0.04822297439699109
1581_3,LSHO,83.0,1.7018,1.4,1.525,46,0.07092442686839374,0.02373145818757217,0.042244941918531655,0.05179244251048151
1601_1,LSHO,86.3,1.8542,1.7667,1.9167,54,0.06568226185341126,0.03464138167231885,0.0362550806979457,0.04242291033861611
1601_2,LSHO,86.1,1.8542,1.6222,1.7861,59,0.08665086988116207,0.052403811360512274,0.049474538638077666,0.04810908264146472
1601_3,LSHO,86.2,1.8542,1.2667,1.4139,53,0.06994233711722142,0.03432710054041726,0.031772730378569564,0.05200071436238021
1603_1,RSHO,85.0,1.7526,1.1417,1.2194,27,0.018564615844996708,0.004436545236249857,0.012902977123882508,0.012588693704256058
1603_2,RSHO,85.6,1.7526,1.1194,1.2,30,0.020031027338862365,0.004600828845137102,0.014583820104387201,0.01293779816471402
1603_3,RSHO,85.1,1.7526,1.3,1.3722,26,0.016768812140801483,0.004742927990528011,0.011141215206764789,0.011600474921601706
1612_1,LSHO,86.4,1.8034,1.1167,1.2444,45,0.0646140030136578,0.027235668682672114,0.04434886730005005,0.038293154819879285
1612_2,LSHO,85.8,1.8034,1.0861,1.2111,45,0.06371069106556973,0.027016707081763285,0.04353993339100461,0.03786058497722337
1612_3,LSHO,84.6,1.8034,0.9444,1.0722,46,0.06557976573621417,0.028165776473954466,0.045531502221906155,0.037871849902698415
1615_1,LSHO,85.4,1.778,1.0528,1.1806,46,0.0788247571248128,0.0193384144754409,0.0550944643176444,0.052952507616859774
1615_2,LSHO,84.4,1.778,1.2306,1.3361,37,0.05214074196763405,0.011072303062351097,0.03565154183218703,0.03640094288364881
1620_1,RSHO,85.0,1.8542,1.3389,1.4778,50,0.0707696850044091,0.03701660387526011,0.04472352283388511,0.04047129672363268
1620_3,RSHO,84.6,1.8542,1.3139,1.4528,50,0.07332894663149496,0.037892709169711936,0.04736605303649238,0.04120356811743927
1623_1,LSHO,85.8,1.7526,1.5083,1.6528,53,0.08609521766623163,0.0496679819759743,0.0442189784256747,0.05468235564073486
1623_2,LSHO,85.7,1.7526,1.8278,1.9694,50,0.0812062484570986,0.043407439201421774,0.037533962220859224,0.057458251717695134
1623_3,LSHO,85.3,1.7526,1.7,1.8444,52,0.09014227530070587,0.052606122841981275,0.04445483255568569,0.05815490949497363
1665_1,RSHO,87.1,2.032,1.2333,1.3722,50,0.08046232580234464,0.037304045187543544,0.061606692075121414,0.03587770307209672
1665_2,RSHO,87.3,2.032,1.3528,1.4833,46,0.06872710644376456,0.028920826764306358,0.05530021504453011,0.02879040040413212
1665_3,RSHO,87.3,2.032,1.2139,1.3528,50,0.08412986948564204,0.04060258006255654,0.06323437578798213,0.03782431956610864
1668_1,LSHO,87.9,1.8542,1.1111,1.2361,45,0.0459780225004944,0.025157454540029132,0.02953668901784759,0.024671137711611484
1668_2,LSHO,87.6,1.8542,1.3278,1.4528,45,0.0459329522806988,0.02530249626215714,0.029532388674090946,0.024442950053684236
1668_3,LSHO,87.8,1.8542,1.0861,1.2222,49,0.05595662842691111,0.031618122468898835,0.03914094343520877,0.024483160405693143
1688_1,LSHO,93.1,1.9812,1.525,1.6667,52,0.08373273010157417,0.05047409730334289,0.055742914166037036,0.03682747767569167
1688_2,LSHO,91.4,1.9812,1.4444,1.5722,46,0.07019438049485019,0.040557303316644366,0.04620661510514428,0.03387188983895884
1717_1,RSHO,72.0,1.9304,1.1111,1.2417,48,0.057590591728319755,0.028696851948463446,0.032058436472977035,0.03828085154191423
1717_3,RSHO,71.4,1.9304,1.1611,1.2861,45,0.04249644716487914,0.027825425846260635,0.019225917910457333,0.025730483450801506
1718_1,RSHO,91.2,1.905,1.4,1.5222,44,0.0646296411485111,0.022292590124943414,0.048854011371731884,0.035962710039668666
1718_2,RSHO,90.8,1.905,1.475,1.6083,48,0.07561641682353604,0.031160728439467548,0.05595009690468052,0.04020495184314192
1718_3,RSHO,90.8,1.905,1.3639,1.4889,45,0.061797970642198455,0.01819879102883867,0.04765602778551526,0.03488117251883716
1729_1,LSHO,90.6,2.0066,1.9667,2.1139,53,0.07317564982143274,0.028357025707795976,0.04193376913403354,0.05284045633801741
1729_2,LSHO,90.5,2.0066,1.8167,1.9639,53,0.07733791406498276,0.029715261797094744,0.04422914133869427,0.05605300370804927
1729_3,LSHO,90.4,2.0066,1.9528,2.0944,50,0.07237361450513632,0.025755728010024556,0.04079339842831306,0.053948875761044554
1778_1,LSHO,83.3,1.8034,0.7611,0.9,51,0.08189034103490733,0.03331139953571696,0.058861799335884035,0.04616998153267321
1778_2,LSHO,83.4,1.8034,0.7278,0.875,53,0.08329351942017395,0.03324163117339955,0.05907449837768312,0.04840462762748705
1779_1,RSHO,83.7,2.0066,0.95,1.1,55,0.07026035445112137,0.030365924570225182,0.040757088188970135,0.04851069773719109
1779_2,RSHO,85.2,2.0066,0.9083,1.0556,54,0.06742626158359648,0.027525886913635316,0.03869513965698936,0.04786765575713341
1779_3,RSHO,83.5,2.0066,0.9306,1.0861,55,0.0733878189589029,0.03228320493090786,0.04241513990937785,0.05044326077288831
1782_1,RSHO,73.8,1.8288,1.4722,1.6,47,0.05300683665120712,0.025426076347103584,0.034171231833154556,0.0315525955883794
1782_2,RSHO,74.0,1.8288,1.6444,1.7778,49,0.057753150752950975,0.03278695505212513,0.032191452628857836,0.03498788901815899
1782_3,RSHO,74.3,1.8288,1.3972,1.5333,49,0.05930952178455619,0.032460314399491846,0.030837200676514135,0.03889748600919195
1782_4,RSHO,75.2,1.8288,1.4389,1.5694,46,0.04863479480897759,0.02470916871842005,0.030490273755232184,0.02872531033230112
1783_2,LSHO,79.6,1.8034,1.1278,1.3083,64,0.11798924513576328,0.06735395182455038,0.06579449293194017,0.07110549796712108
1783_3,LSHO,79.8,1.8034,1.1472,1.3222,63,0.11768976284155426,0.06922417124748133,0.061669577615088705,0.07249660398651246
1783_4,LSHO,80.2,1.8034,0.9583,1.1389,66,0.12281339113089607,0.07275658691028432,0.06561198985278768,0.0740585909249858
1783_5,LSHO,80.6,1.8034,1.1389,1.3194,64,0.12322826300045928,0.06980951107285631,0.06858976973152353,0.0748817765150887
1808_1,LSHO,81.1,1.8288,1.2444,1.3667,45,0.061054778118943234,0.012435881071274031,0.04438337792769569,0.04003936259310148
1808_2,LSHO,80.8,1.8288,1.1222,1.2389,43,0.06012191542706218,0.01120828327136717,0.043650473698538104,0.03979516612128717
1808_3,LSHO,81.3,1.8288,1.1417,1.2556,41,0.05303663948654024,0.008124396427664202,0.037789082563842065,0.036316174766824284
1808_4,LSHO,81.2,1.8288,1.0444,1.1556,41,0.053609979922784365,0.00911689873349585,0.03830724692407579,0.03637948512420716
1808_5,LSHO,81.2,1.8288,1.1,1.2056,39,0.0489468533184247,0.006587957337652121,0.031883548339558705,0.036549043943332936
1826_1,LSHO,89.3,1.905,1.2778,1.425,53,0.07260105768223263,0.03019696487813034,0.048924515353896934,0.04433338117168751
1826_2,LSHO,88.9,1.905,1.1639,1.3,49,0.06184206924749254,0.01843259975746518,0.04356748008038693,0.03983158890174789
1826_3,LSHO,88.8,1.905,1.175,1.3194,52,0.07474700982440673,0.02935669785555679,0.050250023760515274,0.046906661368883974
1826_4,LSHO,89.6,1.905,1.1972,1.3444,53,0.07549353730546271,0.030197562066643188,0.051484134164053987,0.04622515926960351
1826_5,LSHO,89.1,1.905,1.2361,1.3778,52,0.07236566459524532,0.02599430796290818,0.04827855819798642,0.04722569410992992
1830_1,LSHO,83.5,1.6764,1.5167,1.6667,54,0.08130584281541454,0.043579671232561276,0.05979479264884247,0.03370511983762563
1830_2,LSHO,83.4,1.6764,1.3944,1.5444,54,0.08397566862211785,0.04580377779562262,0.05863287038863403,0.038937300499272125
1830_3,LSHO,83.4,1.6764,1.3111,1.4583,53,0.08234766241362465,0.04416548376019234,0.059394388661405895,0.03609507092047796
1830_4,LSHO,83.7,1.6764,1.3444,1.4861,51,0.0769289656682433,0.04018451129035182,0.053616333061862045,0.037796291354322324
1830_5,LSHO,83.5,1.6764,1.2972,1.4472,54,0.08337762626453862,0.042624610794120894,0.06086615110153366,0.03781907939445468
1845_1,LSHO,87.5,1.905,0.7806,0.9111,46,0.06936280643617644,0.03845658888016123,0.04118891527916918,0.0404445663412301
1845_2,LSHO,87.0,1.905,0.8556,0.9944,49,0.07438557746096401,0.044138799466592125,0.040998525156314275,0.04363601094114939
1845_3,LSHO,87.5,1.905,0.9389,1.0778,50,0.07588893915068215,0.043703356626574714,0.04168813074175199,0.04594831292055193
2653_1,LSHO,90.9,1.905,1.3306,1.4611,46,0.06849802550833925,0.017056200620785545,0.043518925673778824,0.050071634955578634
2653_2,LSHO,89.4,1.905,1.1889,1.3167,46,0.069894349028197,0.01782579777523025,0.046764361706835886,0.04879093598102254
2653_3,LSHO,89.1,1.905,1.125,1.25,46,0.06959082814754974,0.019227030614487793,0.045708648747890226,0.04882544506354596
2653_4,LSHO,87.8,1.905,1.1778,1.3139,49,0.07508352195051039,0.02027270510193024,0.05190616246343331,0.05032199315073496
2653_5,LSHO,87.7,1.905,1.1333,1.2611,46,0.06826675262709296,0.01882853256889385,0.046499938104266204,0.04629893769677895
2655_1,RSHO,84.8,1.8034,1.0722,1.2028,48,0.0726025636639443,0.040024740745826515,0.04646430577899342,0.03886155770530381
2655_2,RSHO,85.8,1.8034,1.0111,1.1333,44,0.06208017406553916,0.02987221815616768,0.03786029118229424,0.03909215964908897
2655_3,RSHO,85.1,1.8034,1.2056,1.3306,45,0.061144564180525426,0.030146642837754995,0.03763693838876127,0.037593862839030226
2655_4,RSHO,84.8,1.8034,1.0556,1.1917,49,0.0773329619889051,0.03995541741964307,0.048771066348603655,0.044780963768320366
2655_5,RSHO,84.9,1.8034,1.075,1.1944,43,0.0624270218614499,0.02942413008401272,0.03490975143220603,0.042575378826625015
2730_1,LSHO,81.8,1.8796,1.0333,1.1639,48,0.0739082427035026,0.039244229476061446,0.04660505949698235,0.04183643414098303
2730_2,LSHO,82.6,1.8796,1.1167,1.2694,54,0.09456261936973157,0.05814896244208001,0.06061373821816973,0.04343687244949256
2730_3,LSHO,82.8,1.8796,1.1167,1.2472,46,0.07107716796003798,0.03568485702527749,0.04873942415943266,0.037456952851398134
2730_5,LSHO,81.6,1.8796,1.0778,1.2139,49,0.0760315738007718,0.04202698251622649,0.04962585434128224,0.03939298841292496
2734_1,LSHO,87.9,1.8288,1.3806,1.5389,57,0.10304673575136968,0.05103440641936114,0.07770424725931077,0.0444541231867189
2734_2,LSHO,88.1,1.8288,1.3639,1.5306,60,0.11210071272541382,0.0575571812328096,0.08266019868145982,0.04920398597695974
2734_3,LSHO,87.8,1.8288,1.1806,1.3444,58,0.11817465980585026,0.06234069209206113,0.08427065493713942,0.054565053341647594
2734_4,LSHO,88.4,1.8288,1.4556,1.6111,55,0.09357997000296248,0.04400684604118228,0.07118572426630632,0.04187124249343988
2734_5,LSHO,86.8,1.8288,1.3528,1.5194,59,0.10623312175014919,0.05328102590263827,0.08040281824257955,0.04451960527896816
2742_1,LSHO,87.7,1.905,1.225,1.3639,51,0.08101814567228145,0.03432091525957788,0.06468051043633219,0.03467630709310632
2742_2,LSHO,87.6,1.905,1.1361,1.2583,44,0.06325610102360626,0.02436990716449105,0.04802202360506846,0.03318625001980516
2742_3,LSHO,87.4,1.905,1.1833,1.3083,45,0.06539248050536305,0.026021973084991063,0.04884686187949643,0.03482840088108677
2742_4,LSHO,87.8,1.905,1.0722,1.2139,52,0.08380583401827213,0.038112489965901164,0.06524926809652873,0.036240708284532436
2742_5,LSHO,87.1,1.905,1.0722,1.1778,39,0.04583165985741762,0.00982326253676893,0.03716243437240671,0.024959928484198472
2753_1,RSHO,79.4,1.8542,1.5528,1.7,53,0.07030476017490848,0.04171041950465947,0.035519654174521735,0.04406080316243796
2753_2,RSHO,79.9,1.8542,1.3139,1.4639,54,0.07272170469798558,0.04276510127216153,0.034070536693078864,0.04794570863808726
2753_3,RSHO,78.8,1.8542,1.5944,1.7472,55,0.0809608926660394,0.04622233055444419,0.0379126272739902,0.05459665733889889
2753_4,RSHO,80.0,1.8542,1.4444,1.5917,54,0.0775260964609105,0.04495602006587196,0.036190115877719885,0.05176415173709045
2753_5,RSHO,79.8,1.8542,1.3917,1.5389,53,0.07163191096894578,0.041642118484508175,0.03204017224091443,0.048687698651278366
2760_1,LSHO,84.2,1.8542,1.2417,1.375,48,0.06706014601648351,0.019555785985636058,0.04938430905477142,0.04093683472642839
2760_2,LSHO,84.4,1.8542,0.9778,1.1139,49,0.07196556856907078,0.022154635848836247,0.051180165757833816,0.04548412693320324
2760_3,LSHO,83.5,1.8542,1.1722,1.3,47,0.06556496603590829,0.01762581300237343,0.0481423649667394,0.040870627383298566
2760_4,LSHO,83.8,1.8542,1.0667,1.1944,45,0.06418351214116567,0.017242154089851656,0.04628344164440941,0.040988710429403864
2760_5,LSHO,84.3,1.8542,1.0639,1.1972,47,0.07088585532079154,0.0237990888676578,0.051907934733131156,0.041999692443760984
2761_2,LSHO,79.2,1.8542,1.3,1.4194,43,0.0529908879527766,0.017008509932348342,0.03393679513666752,0.03697348687582484
2761_3,LSHO,79.7,1.8542,1.3528,1.4861,47,0.06616399045229561,0.02296245252281763,0.04594641070815324,0.041705236478726676
2761_4,LSHO,79.7,1.8542,1.5333,1.6611,46,0.059345815103836075,0.02135710607973583,0.041013046324238425,0.03719851907594552
2761_5,LSHO,79.4,1.8542,1.3972,1.5167,44,0.054511274638723156,0.014161707136521153,0.03548804798623601,0.0388783173998608
2806_1,RSHO,79.8,1.778,0.9583,1.0889,48,0.06784912026285835,0.02001302335374024,0.050977312948277675,0.04005365877494619
2806_2,RSHO,79.1,1.778,0.9861,1.1056,44,0.06373528069615006,0.015121101617811475,0.04736565612384645,0.03987521675475112
2806_3,RSHO,79.4,1.778,0.9528,1.0861,47,0.07564046797505541,0.021860510926003354,0.0573830885246375,0.04416763078220392
2806_4,RSHO,79.1,1.778,0.8917,1.0194,45,0.07048399568916518,0.01742961347149539,0.05283553853053054,0.043273641986009755
2806_5,RSHO,79.3,1.778,0.8889,1.0139,45,0.0693219529103826,0.0179557203624413,0.0516038872912252,0.0426633809959975
2811_1,RSHO,75.8,1.9304,1.6861,1.8972,76,0.10463125682949521,0.06633110819807587,0.0747891751657253,0.030894388956012726
2811_2,RSHO,76.4,1.9304,1.4833,1.6944,76,0.10940764173921583,0.0670524273199755,0.07835125219217466,0.03653881964916558
2811_3,RSHO,74.9,1.9304,1.4944,1.7028,76,0.11073365700992863,0.06751939839931821,0.07871757961899871,0.038815155461665474
2811_4,RSHO,75.1,1.9304,1.5944,1.8,75,0.10971709848046818,0.06730722506133778,0.07701366565860164,0.0397048417115633
2811_5,RSHO,74.9,1.9304,1.4028,1.6111,74,0.10641150870423344,0.06282405084014518,0.07708760873699232,0.03786883151033826
2812_1,LSHO,80.5,1.905,1.3278,1.4806,55,0.07837154680844775,0.046900522201519954,0.04135723583804168,0.047244252668552714
2812_2,LSHO,79.8,1.905,1.1056,1.2556,54,0.07673160633916173,0.04454492252449803,0.041255138559980295,0.046920175096341894
2812_3,LSHO,81.0,1.905,1.2139,1.3639,54,0.07334748254215716,0.043632702520086324,0.037207773623073315,0.045734254646597555
2812_4,LSHO,79.9,1.905,1.2444,1.3972,55,0.08143779766775945,0.049494944695283434,0.04197605874350743,0.04919731528190717
2812_5,LSHO,79.3,1.905,1.0972,1.2556,58,0.08762228386422265,0.05261318706934685,0.04325642457026846,0.055121673680912496
2815_1,LSHO,91.1,1.905,1.6194,1.7639,53,0.07713915272573246,0.03376407841624178,0.04701951962615665,0.05098627919422266
2815_2,LSHO,90.7,1.905,1.4889,1.6528,59,0.09686203369576947,0.053304766648261025,0.058641745287932874,0.05569561144147734
2815_3,LSHO,89.6,1.905,1.5167,1.6833,59,0.09637936476871849,0.05417018497874415,0.05450278470482764,0.058172325654124765
2815_4,LSHO,89.6,1.905,1.5472,1.6778,48,0.06868079677234028,0.02470709025489742,0.04042340768362311,0.04972483934276167
2815_5,LSHO,89.6,1.905,1.6694,1.8111,51,0.07547747809195218,0.03371006241441221,0.046275144977274106,0.04918426931926321
2818_1,LSHO,86.7,1.9558,1.2583,1.3861,46,0.07212713887303283,0.026793902014538323,0.0494186921206844,0.04519074956145436
2818_2,LSHO,85.8,1.9558,1.1194,1.2444,45,0.07048090492976465,0.029532055087113842,0.04668172818331557,0.04377478653139541
2818_3,LSHO,86.3,1.9558,1.1111,1.2361,45,0.072611035165826,0.02877464610807161,0.04931381884549415,0.04486122423743967
2818_4,LSHO,85.8,1.9558,1.1,1.2306,48,0.0783531773513836,0.035577568808475124,0.05458786118192243,0.04351577197199604
2818_5,LSHO,85.8,1.9558,1.1833,1.3139,48,0.07931245499955121,0.03654102083663463,0.0526771305055564,0.046694102796531495
2833_1,LSHO,85.5,1.8034,1.125,1.2889,60,0.08642054576348618,0.061967677651083415,0.05191185647737625,0.030556125632391906
2833_2,LSHO,85.9,1.8034,1.0556,1.2111,55,0.07650295040033127,0.05246693600119742,0.04533724121462188,0.032318053865432426
2833_3,LSHO,85.2,1.8034,1.0444,1.2056,59,0.08380981564185784,0.05739095125855403,0.05170927698627193,0.03250407028538861
2833_4,LSHO,85.8,1.8034,1.1889,1.3417,55,0.07787878380838421,0.051256937954560725,0.0470068808280177,0.035045462385534326
2833_5,LSHO,85.4,1.8034,1.3417,1.4889,53,0.06703493645085763,0.04340934807618079,0.0442287901995278,0.025556316676267246
2840_1,RSHO,82.1,1.9304,1.3194,1.4417,45,0.037623864050916174,0.016063784407403723,0.03084653664030632,0.014352740293495031
2840_2,RSHO,82.3,1.9304,1.4194,1.5472,46,0.04252674251842287,0.01862774761942682,0.03416136672811832,0.0171619308681216
2840_4,RSHO,81.9,1.9304,1.5083,1.625,43,0.03442456446359579,0.014429446447529295,0.027540906181955576,0.014776339208439541
2840_5,RSHO,81.5,1.9304,1.475,1.5972,44,0.03799606575132398,0.018263431767906377,0.028799058738510477,0.01675596277191454
2843_1,LSHO,86.9,1.778,1.1528,1.2694,41,0.054413411919515146,0.009971487482485237,0.027753316870473138,0.04572900870122361
2843_2,LSHO,85.8,1.778,0.9833,1.1028,44,0.06291205038334069,0.01514229389801254,0.03022867381395613,0.053055294725330215
2843_3,LSHO,86.3,1.778,1.0639,1.1944,46,0.06948568216254124,0.019755848805149835,0.03851817386104831,0.05435362679703918
2843_4,LSHO,85.3,1.778,1.0361,1.1667,48,0.07067613861719817,0.022585562728973947,0.03941275679732919,0.05414465373134799
2843_5,LSHO,86.2,1.778,1.0167,1.1472,46,0.07012518724995753,0.02376500166667403,0.03784630845894905,0.05404094298450637
2853_1,LSHO,82.4,1.778,1.3222,1.4722,54,0.08724363669123725,0.05667207382580046,0.053173303302040835,0.039652591432903776
2853_3,LSHO,83.8,1.778,1.5083,1.6611,55,0.08753011800940547,0.057452312300101366,0.0529322365395114,0.0394833091956244
2853_4,LSHO,82.8,1.778,1.1722,1.3306,58,0.09670640350936002,0.06609357142923887,0.0569369121206869,0.041736750395837435
2853_5,LSHO,82.8,1.778,1.3889,1.5333,51,0.07902127212326482,0.04792158332293938,0.05008122547275893,0.037944092490772914
2857_1,LSHO,72.6,1.8542,1.375,1.5139,51,0.07482230530781729,0.04324809442408561,0.03377970722546841,0.05086168577645885
2857_2,LSHO,73.5,1.8542,1.4139,1.5722,56,0.08783659438831952,0.05477145708002197,0.04201851625593859,0.05431205294148712
2857_3,LSHO,73.1,1.8542,1.2639,1.3944,46,0.06506324202196402,0.03611370396117265,0.028720998913658372,0.04587079757334813
2857_4,LSHO,72.9,1.8542,1.2083,1.3583,54,0.08157955422931393,0.04914964422848389,0.03799799817049741,0.05287426855760661
2857_5,LSHO,73.3,1.8542,1.3444,1.4833,50,0.07399037142775233,0.04255275560288486,0.03553357190861048,0.04900207467070665
2859_1,LSHO,90.9,1.8542,1.3278,1.4806,55,0.07606000188180899,0.04119732448982931,0.04749453449175326,0.0428038962543383
2859_2,LSHO,91.5,1.8542,1.4222,1.5639,52,0.06920095335148592,0.034968763750198445,0.04399659111245905,0.04037644705791269
2859_3,LSHO,90.8,1.8542,1.3917,1.5472,55,0.07491067169817306,0.04136053727817429,0.04765303854848515,0.0403745291914198
2859_4,LSHO,90.8,1.8542,1.3278,1.4694,50,0.06358756054147724,0.030339596596477066,0.038505749517096004,0.04049930848922893
2859_5,LSHO,91.4,1.8542,1.325,1.4694,52,0.06988380198635023,0.03377397535594212,0.042708674370969,0.043806774615328135
2860_1,LSHO,89.0,1.8034,1.5139,1.625,40,0.055732507479613544,0.017344016533027494,0.032613712892601426,0.041732999075386516
2860_2,LSHO,88.6,1.8034,1.5583,1.6722,41,0.05955866552266928,0.018465651640344236,0.03495634392892768,0.04454557629508421
2860_3,LSHO,87.8,1.8034,1.55,1.6611,40,0.05914504648035652,0.020267451697354093,0.032234323308058414,0.04525831775188417
2860_5,LSHO,89.5,1.8034,1.5722,1.6833,40,0.058792090345350954,0.018611191917152027,0.03328353225649161,0.04474751281501494
2861_1,LSHO,87.5,1.7526,1.7861,1.9167,48,0.07078812838880323,0.04062839508911804,0.049769643531288134,0.029719946434015137
2861_2,LSHO,87.4,1.7526,1.3278,1.4556,46,0.06492502995037598,0.03637216884553963,0.047363434465318766,0.025476065692689467
2861_3,LSHO,87.6,1.7526,1.425,1.5528,47,0.06950666360034115,0.03821348569496125,0.05115012342372676,0.02746944975112356
2861_4,LSHO,88.9,1.7526,1.3583,1.4889,48,0.07344090656022582,0.040397947517844875,0.05468154337868304,0.027775914142624977
2861_5,LSHO,87.8,1.7526,1.275,1.3944,43,0.06354020807906345,0.033069650084780834,0.0471186606096666,0.026899593088964887
2865_1,LSHO,85.9,1.8796,1.8778,2.025,53,0.07499949461909453,0.03966982346704775,0.05198082349418423,0.03673177491055014
2865_2,LSHO,86.0,1.8796,1.7333,1.8917,58,0.08851672562183335,0.050231775085342864,0.06374882415497243,0.03532799039635374
2865_3,LSHO,85.8,1.8796,1.5583,1.7111,55,0.08480660471384358,0.047109084047841185,0.05984830080112969,0.03729712179888752
2865_4,LSHO,85.1,1.8796,1.7306,1.875,52,0.07287070357467161,0.0350913619474823,0.0530915625211644,0.03549678499807749
2865_5,LSHO,85.1,1.8796,1.4278,1.5861,56,0.08526693679989254,0.046326115185099465,0.061043019877716605,0.0373910589219196
2882_1,LSHO,87.8,1.8542,1.3556,1.475,43,0.04462403442611762,0.014262988117379348,0.030031844629242386,0.02976507897842489
2882_2,LSHO,84.9,1.8542,1.25,1.3833,48,0.056716974855155214,0.022563573753124226,0.038008190044097216,0.035539806777463226
2882_4,LSHO,84.1,1.8542,1.4583,1.5944,49,0.05790983372519727,0.02473667364617027,0.03803244680967321,0.035988592757598054
2882_5,LSHO,83.4,1.8542,1.3611,1.4861,45,0.04665349666106147,0.01882476828260378,0.030641734238058795,0.029719706807001377
2889_1,LSHO,79.5,1.8542,1.65,1.8028,56,0.0635890214252431,0.04140085397040989,0.042141835350679835,0.02352867717524752
2889_2,LSHO,79.8,1.8542,1.4806,1.625,52,0.05421392351927468,0.031249019317743282,0.039117046049682094,0.020796754635762797
2889_3,LSHO,78.4,1.8542,1.4278,1.5861,56,0.07073153155511486,0.04796510759905931,0.04682560675906853,0.022575663019897097
2889_4,LSHO,78.6,1.8542,1.5028,1.6556,55,0.06491328552115375,0.04171579238641709,0.04518141054293358,0.020788637378988263
2889_5,LSHO,79.4,1.8542,1.4444,1.6,57,0.06527200851046824,0.03990807282575376,0.04705334373169757,0.021301729084552985
2891_1,LSHO,87.3,1.8796,1.5222,1.6639,52,0.07076190986889046,0.03197222179393487,0.05340943141213857,0.033652006746767424
2891_2,LSHO,87.2,1.8796,1.475,1.6222,53,0.07738367932295329,0.038664870183982236,0.05945480381766996,0.030957841368801017
2891_3,LSHO,86.9,1.8796,1.35,1.5083,57,0.08651528828444179,0.051418668956991466,0.0620690585434621,0.031439585893577954
2891_4,LSHO,87.9,1.8796,1.5111,1.6611,54,0.08202101939842651,0.04102996730286332,0.06236376418101786,0.03398161743439265
2891_5,LSHO,87.9,1.8796,1.3389,1.4889,54,0.07816397506748216,0.04040784935718183,0.05616745685089899,0.036359723590529
2905_1,RSHO,88.0,1.8796,1.1889,1.3139,45,0.0563169828494506,0.04357851842999063,0.025681117633318495,0.024758745643023577
2905_2,RSHO,87.8,1.8796,0.975,1.1083,48,0.06579426795770459,0.05043631494057606,0.03302492945893967,0.02635180953060557
2905_3,RSHO,88.4,1.8796,0.8361,0.9639,47,0.06345394995426376,0.050681764127022785,0.029991382841146438,0.023627939077431673
2905_4,RSHO,88.3,1.8796,1.0694,1.2028,49,0.06579406227486431,0.050035292697995566,0.035664708570281374,0.023523534552688553
2905_5,RSHO,87.6,1.8796,0.8389,0.9694,46,0.06153205975053141,0.04802062890908824,0.029897849372801193,0.024214296999910956
2907_1,LSHO,78.8,1.8542,1.0056,1.1444,49,0.06855939423215111,0.02347540927533116,0.05180441982087989,0.03828312662070901
2907_2,LSHO,79.1,1.8542,1.0194,1.1472,46,0.06303173142827537,0.017376085818869826,0.04896075355727417,0.03569195174777326
2907_3,LSHO,79.6,1.8542,1.0417,1.1722,46,0.058502090799057556,0.0171394875524481,0.045654479620272026,0.03231719487985952
2907_4,LSHO,78.8,1.8542,1.1306,1.2583,45,0.06241171199949292,0.015497068496201282,0.04776131556052854,0.03706641874607403
2907_5,LSHO,79.4,1.8542,1.0306,1.1611,46,0.06096639396007338,0.017111020237360008,0.04591203026916526,0.036279466031004126
2916_1,LSHO,93.5,1.8542,0.8278,0.975,53,0.07262313272553345,0.025312916193725582,0.06078621531822087,0.03063350629501565
2916_2,LSHO,93.0,1.8542,0.8111,0.95,51,0.0704650923409503,0.023480517216207607,0.06047760399818918,0.027503708195736873
2916_3,LSHO,94.2,1.8542,0.9694,1.1083,50,0.07020924306713487,0.02280587518027848,0.06123517391055785,0.025680407813454195
2916_4,LSHO,94.4,1.8542,0.85,0.9861,49,0.07143076811961914,0.020937690176676276,0.06062890303108391,0.03143411970251014
2916_5,LSHO,94.0,1.8542,0.975,1.1167,52,0.07618571543090717,0.02545830982578705,0.06494139249483832,0.030639080230397894
2918_1,LSHO,89.1,1.8796,1.0972,1.2333,49,0.07792601805823532,0.03041299692185561,0.06305338806111141,0.034231333054067746
2918_2,LSHO,90.4,1.8796,0.9806,1.1139,48,0.07375397634702387,0.025399281770836633,0.06160128244817652,0.03161973297267043
2918_3,LSHO,89.8,1.8796,1.0139,1.1528,50,0.07706300693735252,0.02900812136222582,0.06495224054413011,0.02963852866723112
2918_4,LSHO,90.3,1.8796,1.1528,1.2917,50,0.07589497215807287,0.027146994368724385,0.06384168620375458,0.030778671158457
2918_5,LSHO,89.3,1.8796,1.0528,1.1889,49,0.07367220445898374,0.027213269592380424,0.06067799459594123,0.031705088546693135
2919_1,LSHO,82.5,1.905,1.6167,1.7583,50,0.060873171620866744,0.024434699429357123,0.044337870891013216,0.03380298347531346
2919_2,LSHO,82.6,1.905,1.5667,1.7222,55,0.06984686754621179,0.034498800617515826,0.049888040012775296,0.034635258417610726
2919_3,LSHO,84.0,1.905,1.9472,2.0972,54,0.06917556023450286,0.03504743706953509,0.048457191387334196,0.0347683173516576
2919_4,LSHO,82.6,1.905,1.6278,1.7778,54,0.06689327452168736,0.032263053337308834,0.045727569102255367,0.036644167197335174
2919_5,LSHO,82.6,1.905,1.5361,1.6861,54,0.07048072074958626,0.03511670826653888,0.05079006029163676,0.033981150267109295
2923_1,LSHO,78.9,1.778,1.1806,1.3111,46,0.060000131833111356,0.024891532331133732,0.04399530363703037,0.032323995670157625
2923_2,LSHO,76.4,1.778,1.4556,1.5861,46,0.05354236236617958,0.020189151350820722,0.03860410613741861,0.031127250518088758
2923_3,LSHO,76.9,1.778,1.3278,1.45,44,0.05189100408186383,0.0174653505234268,0.036862635930291404,0.03207466146335194
2923_4,LSHO,76.3,1.778,1.4778,1.6056,46,0.05111520156172933,0.01981839615420504,0.03870523332567269,0.02686819528320508
2923_5,LSHO,76.3,1.778,1.3139,1.4389,45,0.051642318441740456,0.016931723731317693,0.038930622204818306,0.029404973053382782
2926_1,RSHO,83.4,1.7018,1.1944,1.3306,50,0.08102358313054812,0.04133969916100874,0.0504303384023396,0.0480898249655335
2926_2,RSHO,84.1,1.7018,1.1472,1.2806,49,0.08384191961029187,0.04321717374085583,0.05265798630838825,0.048876168586918955
2926_4,RSHO,83.4,1.7018,1.0167,1.1639,53,0.09725831772738365,0.053288538582420365,0.055750683628359526,0.05925684178119157
2926_5,RSHO,82.9,1.7018,0.9917,1.1444,54,0.10175329975675815,0.05974933968403919,0.06662623341046947,0.04842205530792366
2927_1,LSHO,86.8,1.8796,1.175,1.3167,52,0.07798407410018464,0.029986439857784455,0.05715398349747313,0.043769297553069464
2927_2,LSHO,87.8,1.8796,0.9694,1.1167,54,0.08340384150357635,0.03310637999920185,0.059898564503371804,0.04766896633384807
2927_3,LSHO,87.1,1.8796,1.1306,1.2556,45,0.05569397585396076,0.014183769228889727,0.03950446796954647,0.036606510996354764
2927_4,LSHO,86.8,1.8796,1.2611,1.3917,48,0.06489659348563095,0.018549157908690297,0.0492240861075982,0.03800639332782666
2927_5,LSHO,86.9,1.8796,1.0111,1.1361,45,0.06454687849625516,0.019201926242957884,0.04317693212137204,0.0439697405582153
2935_1,LSHO,92.1,1.9812,1.45,1.5667,43,0.06342855620694343,0.03496755475282467,0.04597969893815959,0.026197693460718943
2935_2,LSHO,93.1,1.9812,1.2972,1.4056,40,0.058968297064296876,0.02967779786645699,0.04239822265012358,0.028264449199859397
2935_3,LSHO,92.8,1.9812,1.2722,1.3861,41,0.06365029535048973,0.032847004165154646,0.04619978637334364,0.028948474133126588
2935_4,LSHO,92.6,1.9812,1.4194,1.5444,45,0.07441426703403997,0.044264958630678315,0.05292716035080269,0.027871352188908308
2935_5,LSHO,92.1,1.9812,1.4694,1.5778,40,0.05810679940445162,0.03232110927603928,0.03972869601791423,0.027447709283502555
2965_1,LSHO,85.7,1.8542,1.4444,1.5694,45,0.0585903893580672,0.03264698809095557,0.03592794947510388,0.032805340117628756
2965_2,LSHO,86.6,1.8542,1.6361,1.7667,48,0.06321486337911557,0.03504265800379523,0.03929983406783,0.03498076777759918
2965_3,LSHO,86.4,1.8542,1.5806,1.7194,49,0.06959063844906584,0.0389361673697384,0.04293216061658772,0.03851832570473219
2965_4,LSHO,85.4,1.8542,1.3694,1.5083,50,0.07488750085326364,0.044637122035793106,0.0446156864058291,0.04031259910928582
2965_5,LSHO,86.7,1.8542,1.2028,1.3389,49,0.07522966366492805,0.038648229738852354,0.050280438630701293,0.040468433677316513
2969_1,LSHO,90.4,1.905,1.7306,1.8833,54,0.067865422266259,0.04028204381725041,0.047336470764958574,0.02724575234419086
2969_2,LSHO,89.8,1.905,1.4694,1.6194,54,0.07446539513180186,0.04069746572895034,0.054909437179092385,0.02955951731763562
2969_3,LSHO,88.6,1.905,1.3833,1.5389,57,0.08032194097730726,0.04733724082074093,0.0572545068637082,0.030540485877516732
2979_1,LSHO,85.2,2.0066,1.4889,1.6361,52,0.06661745668368677,0.029113138543002657,0.04067198989121853,0.04400113563838363
2979_2,LSHO,84.9,2.0066,1.475,1.6222,53,0.07096290719412988,0.03267823653843896,0.043470345518601974,0.04558723631318184
2979_3,LSHO,82.6,2.0066,1.5389,1.6917,55,0.07088453414928925,0.0361673024347671,0.040953232880813664,0.04515945230805711
2979_4,LSHO,83.3,2.0066,1.2389,1.3917,55,0.07502192949874209,0.036735622517708164,0.04895886552876189,0.04337987356006574
2979_5,LSHO,83.6,2.0066,1.2667,1.4167,54,0.06825860694316191,0.03503989615823241,0.04323157616079822,0.03952814088335627
2981_1,LSHO,82.5,1.8542,1.7278,1.8694,50,0.06926544124172684,0.04045456297648608,0.043303939198090335,0.03585942741763637
2981_2,LSHO,82.5,1.8542,1.2833,1.4194,49,0.06914966042669621,0.04096381661898518,0.04497855446610795,0.032872038319412274
2981_3,LSHO,82.5,1.8542,1.3528,1.4833,46,0.05650899018698639,0.03110169350136695,0.03634470424840568,0.030083435747864224
2981_4,LSHO,83.8,1.8542,1.2083,1.3444,49,0.06962565661395353,0.03911199604530637,0.044293440621712254,0.03682492283993223
2989_1,RSHO,80.5,1.8034,1.1444,1.2833,50,0.07032517615385986,0.029140585318283514,0.04609439497647728,0.044404543012306334
2989_2,RSHO,80.9,1.8034,1.125,1.2611,49,0.06480383121344005,0.02658869012462691,0.04408297433035202,0.039360760556499896
2989_3,RSHO,80.8,1.8034,1.0778,1.225,53,0.07715626919298818,0.03735644096381463,0.04920440802187593,0.046222423405903754
2989_4,RSHO,81.4,1.8034,1.15,1.2861,49,0.06908880499856528,0.030238787035489774,0.04432809298365517,0.04351894882903876
2989_5,RSHO,81.2,1.8034,1.0278,1.1694,50,0.06887589726475479,0.03140472760488826,0.04116580823682468,0.04542035381078402
2990_2,RSHO,81.8,1.8542,1.1222,1.2583,49,0.08792688196486481,0.044585365585943844,0.05257797796075076,0.05457873194926581
2990_3,RSHO,81.6,1.8542,1.0306,1.1556,45,0.06956742150852788,0.030822039105815956,0.0425972221209308,0.04555331720396245
2990_4,RSHO,81.4,1.8542,0.9889,1.1583,60,0.1150377906718275,0.0722328143205728,0.06513819718133025,0.06142580146771382
2990_5,RSHO,81.4,1.8542,0.9722,1.125,56,0.09967071440920171,0.06072631346270994,0.054218514770310276,0.05750581553348312
2993_1,LSHO,91.3,1.8542,1.475,1.6028,47,0.062685376568801,0.023933233316727365,0.04020740470688508,0.041713563565298914
2993_2,LSHO,90.9,1.8542,1.5778,1.7278,54,0.08840335531686784,0.04106355164709567,0.05486078806321462,0.05585008406877954
2993_3,LSHO,91.6,1.8542,1.4972,1.6444,53,0.07921332248045883,0.040244536557357706,0.048313735519629045,0.0481758310339946
2993_4,LSHO,90.6,1.8542,1.5167,1.6667,54,0.07926390330423007,0.03875596804795331,0.04958913128672363,0.048183600591035575
2996_1,LSHO,88.9,1.9304,1.25,1.3861,49,0.07907006987613369,0.030229184451284884,0.05492017064805165,0.048187625108690964
2996_2,LSHO,89.4,1.9304,1.2333,1.3611,46,0.07186212642812306,0.0241251525419563,0.04834027026197715,0.047385235048460934
2996_3,LSHO,88.7,1.9304,1.2417,1.3667,45,0.0680906556288174,0.01862141946650704,0.048033859522561874,0.04452334736271957
2996_4,LSHO,86.3,1.9304,1.1806,1.325,52,0.08372132738471415,0.03356101027398742,0.06017860160525918,0.0475547595649825
2999_1,LSHO,84.1,1.9304,1.2639,1.4194,55,0.06666441783022357,0.04828374159413864,0.03573857075393833,0.028906391382855497
2999_2,LSHO,84.3,1.9304,1.3639,1.525,58,0.07020992268440399,0.049092838767161064,0.038458385276719506,0.03225335683365249
2999_3,LSHO,84.4,1.9304,1.1694,1.3389,62,0.07957607700313327,0.05993619716244187,0.0399700721993909,0.0337993732085222
2999_4,LSHO,83.4,1.9304,1.25,1.4194,61,0.08226352620138344,0.059839084043350026,0.0454889149106412,0.0334264922507737
2999_5,LSHO,83.8,1.9304,1.1917,1.3694,63,0.08786264645033856,0.06493743956323893,0.04576277708532334,0.037533209530586184
3034_1,LSHO,80.9,1.8542,1.4333,1.6,61,0.08872496568119015,0.050511326373216654,0.058716783276219285,0.04327891871154193
3034_2,LSHO,81.4,1.8542,1.3972,1.5583,58,0.08435362943952185,0.04826525353603434,0.05241681474374106,0.04514950312952316
3034_3,LSHO,80.3,1.8542,1.3056,1.4583,54,0.07741066858019961,0.038591527320311805,0.053302082549309626,0.04076755603449528
3034_4,LSHO,79.8,1.8542,1.2972,1.4528,57,0.08491750782235495,0.04195881970100075,0.05561179794996003,0.048556858556041756
3034_5,LSHO,79.9,1.8542,1.2417,1.4139,62,0.0893335730453824,0.05083949584878615,0.05882816252692254,0.043989546810599404
3035_1,LSHO,86.9,1.7526,1.3694,1.5056,50,0.07315514010151068,0.03733522289231245,0.019579224403352465,0.05978636656141743
3035_2,LSHO,86.1,1.7526,1.4194,1.5611,51,0.08390687144424137,0.044772938006842115,0.023988037703720932,0.06678563576788638
3035_3,LSHO,85.2,1.7526,1.2944,1.4333,50,0.07715332082647898,0.040041755912138384,0.02108443568721,0.06248791298945926
3035_4,LSHO,86.7,1.7526,1.3889,1.5222,47,0.06949944982127075,0.03346885953498852,0.018933400675104517,0.05789244601640608
3035_5,LSHO,85.3,1.7526,1.4139,1.5444,46,0.0675257440177412,0.03261804479784092,0.017912301284532514,0.05634659458572177
3036_1,RSHO,86.1,1.8542,1.1861,1.3278,52,0.05685463052467857,0.027627713136333224,0.031807986283390745,0.0381760459915615
3036_2,RSHO,86.4,1.8542,1.1556,1.2972,50,0.06061191274639966,0.020678247193990425,0.03437083041919415,0.04544073146480359
3036_3,RSHO,87.2,1.8542,1.1806,1.3028,44,0.04817622748200824,0.013061718470822738,0.02411053610912506,0.03961088806777438
3036_4,RSHO,87.6,1.8542,1.0917,1.2444,54,0.0763064150303159,0.03284641577579502,0.0398013036470111,0.056210658895451925
3037_1,LSHO,89.5,1.8796,1.6,1.7333,48,0.06126058413406159,0.023871568204122087,0.04353909793866138,0.03587972060384582
3037_2,LSHO,88.7,1.8796,2.4639,2.5917,46,0.056776014572658795,0.01896222968572223,0.039847651327700725,0.03572274289254214
3037_3,LSHO,88.9,1.8796,1.375,1.5167,52,0.07143901525928327,0.03154400775309808,0.049229143281649304,0.0410487506246346
3037_4,LSHO,88.8,1.8796,1.6861,1.8028,43,0.045073534180425236,0.011756259970622867,0.028663103009204466,0.0327389731192172
3037_5,LSHO,88.6,1.8796,1.6917,1.8139,44,0.05080771513683218,0.0140658348698155,0.034469251766291405,0.03457523520545574
3043_1,LSHO,87.9,1.8288,1.3611,1.5139,56,0.09353787723647426,0.04298907275625706,0.06472996305854521,0.05207020245689791
3043_2,LSHO,86.9,1.8288,1.5333,1.6889,57,0.095554372047017,0.04546053223174806,0.06572084577698713,0.05239034698170465
3043_3,LSHO,87.0,1.8288,1.3806,1.5278,53,0.08642233935488318,0.0367715356535046,0.057806318370954596,0.052679260261031265
3043_4,LSHO,87.5,1.8288,1.3639,1.5083,51,0.08443053799726677,0.035053453079827046,0.05942175350862374,0.04867059054140018
3043_5,LSHO,86.9,1.8288,1.3472,1.4861,50,0.08200869660143163,0.03236408922137779,0.055688265030889285,0.05076228112472682
3044_1,LSHO,87.1,1.8796,1.4667,1.625,57,0.0737305805619388,0.03522719161720649,0.05500974724635114,0.03419314534607379
3044_2,LSHO,87.3,1.8796,1.5389,1.7,58,0.07662554432314807,0.03629196854728164,0.057660805658707306,0.035065632071454744
3044_3,LSHO,87.8,1.8796,1.4778,1.625,53,0.06823123109442608,0.028622537210451496,0.05182018602943993,0.03392520567618618
3044_4,LSHO,87.8,1.8796,1.7972,1.9639,61,0.08355352671181332,0.047633727622216356,0.06177654885733324,0.029931218319201845
3044_5,LSHO,87.8,1.8796,1.9139,2.0861,61,0.0901038510394154,0.05263214235910895,0.0670153098353098,0.029283268439521594
3046_1,LSHO,82.1,1.7526,1.2278,1.3833,55,0.08438289349938997,0.04949939682952937,0.04035709936777354,0.055150584398189456
3046_2,LSHO,81.9,1.7526,1.3472,1.5083,58,0.09232194324780864,0.05546973548873467,0.043224071311271886,0.059817466589111676
3046_3,LSHO,81.7,1.7526,1.4056,1.5556,54,0.07797399416225077,0.040901978186684874,0.03931496448271657,0.053491172297430604
3046_4,LSHO,82.3,1.7526,1.425,1.5611,49,0.06866147247850769,0.03214256824360225,0.03406097472419728,0.05021058763308626
3053_1,RSHO,81.4,1.8542,1.2222,1.3667,53,0.06268529999229408,0.036776125793357844,0.03616582132690821,0.03562298098847393
3053_2,RSHO,81.4,1.8542,1.1,1.2417,52,0.060691326591134034,0.03347490352112208,0.037038555071416956,0.03451106193476049
3053_3,RSHO,81.6,1.8542,1.1028,1.2222,42,0.042643446340206635,0.019873266684980323,0.02499088189782547,0.02826610353420989
3053_4,RSHO,81.3,1.8542,1.1806,1.325,52,0.05466739575943621,0.02931464547040977,0.03570328538348199,0.029230996098125843
3053_5,RSHO,80.9,1.8542,1.2917,1.4528,58,0.07153455814444659,0.044112616680189,0.04361233738412364,0.03562631171537818
3055_1,LSHO,78.8,1.905,1.4917,1.6417,54,0.056813111704939266,0.026454179362249506,0.04086619225583198,0.02928925376955201
3055_2,LSHO,78.5,1.905,1.5056,1.6472,50,0.054764576940837216,0.02290056216499106,0.03866591573402674,0.031299682114766
3055_3,LSHO,80.5,1.905,1.4528,1.5917,50,0.051637908350593835,0.021502894660217958,0.03677087485725284,0.029189070939105784
3055_4,LSHO,79.3,1.905,1.3528,1.5167,59,0.07216776760970064,0.03983402783173375,0.04849222842927054,0.03563622721938819
3055_5,LSHO,78.3,1.905,1.6,1.7417,52,0.05041817201679929,0.022278207272547798,0.03655435907107378,0.026635547359496258
3065_1,LSHO,89.2,1.8288,1.3028,1.4333,46,0.052173480930721286,0.021204128639911043,0.03842016228419436,0.028219641583595825
3065_2,LSHO,89.4,1.8288,1.1417,1.2694,45,0.04710607800355355,0.018735046727853578,0.03291051547092931,0.028015684543122206
3065_3,LSHO,88.9,1.8288,1.1139,1.2417,46,0.04801178238414136,0.01978711636092444,0.033637538087740115,0.027966360242570303
3065_4,LSHO,89.3,1.8288,1.0722,1.1944,44,0.04765661560225273,0.019825760034177832,0.03263859028547033,0.028509904838586838
3065_5,LSHO,89.1,1.8288,1.1611,1.2889,47,0.05208567352560874,0.0201257040337042,0.03534585246631207,0.03253527527459607
3132_1,RSHO,92.4,1.8288,1.3194,1.4528,49,0.06755497160922896,0.03159543142755506,0.04175908678027593,0.042679990315225964
3132_2,RSHO,92.2,1.8288,1.9,2.0361,49,0.07057900425120434,0.03514571546987318,0.043356843745433506,0.04320137296008428
3132_3,RSHO,92.1,1.8288,1.3528,1.4889,49,0.06881516278009266,0.03481502089668456,0.041290112961559954,0.042644665786422634
3132_4,RSHO,91.8,1.8288,1.3944,1.5306,50,0.07329993326735237,0.038385158925257123,0.04407018140560467,0.04424114490107781
3132_5,RSHO,91.9,1.8288,1.2333,1.3667,49,0.06949759767563501,0.03699646934784413,0.039805766802256407,0.043320644821641816
3140_1,LSHO,84.9,1.7526,1.0028,1.1306,46,0.05771997629854576,0.02350297465580025,0.030950793185256825,0.042676155490354965
3140_2,LSHO,84.5,1.7526,0.9528,1.0972,51,0.07677021658848153,0.03596580335953931,0.041309185127565325,0.053792921168512975
3140_3,LSHO,85.8,1.7526,0.9361,1.05,42,0.04894952544671258,0.017329397482742936,0.02309263959549529,0.03952819273450315
3140_4,LSHO,84.3,1.7526,0.9694,1.0889,44,0.050932984666637135,0.016068047614217464,0.027134534093120315,0.03999629773452069
3140_5,LSHO,84.4,1.7526,0.9667,1.0944,45,0.05996230577079967,0.02022628963900765,0.03168433270556021,0.046717003133690135
3172_1,LSHO,78.3,1.8288,1.8417,1.9694,45,0.06667122908347102,0.020448241414555642,0.028798616312140746,0.056546988505656266
3172_2,LSHO,79.2,1.8288,1.5667,1.7056,50,0.07869445885639566,0.029632809440448302,0.03280367952148671,0.06510478530199311
3172_3,LSHO,78.2,1.8288,1.3722,1.5028,48,0.07138697470701694,0.02425324484338655,0.029335504874703367,0.06039295013603222
3172_4,LSHO,78.8,1.8288,1.8361,1.9722,49,0.07782724151463284,0.029984576891635212,0.03377968124238828,0.06337931685943961
3172_5,LSHO,77.4,1.8288,1.6056,1.7417,49,0.07606461854017048,0.02883985126656025,0.03428348742124457,0.061471388977488495
3222_1,LSHO,77.8,1.7018,1.1194,1.25,48,0.06644560730158355,0.0343144609100098,0.0423868709716436,0.03795905256147603
3222_2,LSHO,77.1,1.7018,1.0861,1.2083,44,0.058900451021559386,0.028159416769603218,0.035448015531885195,0.03767955111980679
3222_3,LSHO,77.9,1.7018,1.0,1.125,46,0.05641993471251241,0.025848527797811695,0.036690636194878085,0.03418859253120872
3222_4,LSHO,77.2,1.7018,0.9917,1.1111,42,0.0467954771796916,0.01963447187396749,0.031618155145054914,0.028365409637949073
3222_5,LSHO,78.1,1.7018,1.0056,1.1444,49,0.06620128769512008,0.032723232913384116,0.04455179306971042,0.03642716368950751
3228_1,LSHO,90.6,1.8542,1.4028,1.575,62,0.10366605826536346,0.05544334244872674,0.06511117917375886,0.05859370069379142
3228_2,LSHO,91.1,1.8542,1.3028,1.4583,55,0.0874576571616648,0.041071696135433204,0.05687747343810723,0.05221982945264514
3228_3,LSHO,92.0,1.8542,1.45,1.6,55,0.08880547446311403,0.04089823185128905,0.05786316586092247,0.053531308246748274
3228_4,LSHO,90.6,1.8542,1.6028,1.7389,49,0.06972990757209906,0.020964776850240573,0.04752274970208206,0.0465223215498362
3228_5,LSHO,90.8,1.8542,1.725,1.8944,61,0.10602949990042312,0.0583876491233809,0.06672782992846821,0.058142359704575174
3232_1,LSHO,82.8,1.8034,2.0694,2.1944,45,0.07167488834685777,0.030443186749078314,0.03626478589427478,0.05380861737805276
3232_2,LSHO,83.4,1.8034,2.25,2.3639,42,0.06259080485636731,0.023871400353232427,0.02980240774868017,0.04959416891253402
3232_3,LSHO,83.3,1.8034,2.5111,2.625,42,0.05990823529474078,0.02237304784886211,0.026683133625486143,0.048748884766802635
3232_4,LSHO,82.9,1.8034,2.7,2.8194,43,0.06626416899010297,0.026553495153233755,0.03185740389995884,0.05168131000517501
3232_5,LSHO,82.8,1.8034,2.7639,2.8806,42,0.0584666551496975,0.020005787086437948,0.025944527427915604,0.04842519740783611
3233_1,LSHO,85.7,1.905,1.4583,1.6028,53,0.05822181358722406,0.026389002221768106,0.03709950582315086,0.03629086395779221
3233_2,LSHO,86.5,1.905,1.4333,1.575,52,0.058196643646787664,0.025561458741459726,0.03560852809049229,0.038281769629792003
3233_3,LSHO,85.1,1.905,1.3972,1.5528,57,0.07255576721438384,0.03665751852453116,0.04333746669018635,0.04519324808606368
3233_4,LSHO,86.1,1.905,1.2444,1.3972,55,0.07358231485918847,0.036505732899380965,0.045596169670217464,0.0447512886621217
3233_5,LSHO,85.8,1.905,1.2444,1.3889,53,0.06623637063351934,0.030274615984074292,0.0414553737843487,0.04185876737456215
3247_1,LSHO,83.1,1.778,1.1167,1.2611,51,0.06213784866036255,0.022157748016289114,0.05023455050562054,0.029097016590760888
3247_2,LSHO,84.7,1.778,1.2194,1.3583,50,0.06264383091389703,0.020305368763655973,0.05250527433591866,0.027479769246680108
3247_3,LSHO,82.1,1.778,1.2306,1.3694,49,0.05970127979571061,0.016409080351063976,0.05156202148642776,0.025225836586944207
3247_4,LSHO,84.6,1.778,1.0694,1.2083,50,0.059014001894940236,0.019791158460026378,0.04834821293081524,0.027448365577255877
3247_5,LSHO,83.3,1.778,1.5833,1.725,52,0.061983816970413,0.023409023150686735,0.04965276902608218,0.028785651449894388
3248_1,LSHO,89.8,1.8288,1.4639,1.6,49,0.08021182569414571,0.03574936814009565,0.04974580566947349,0.05178102429526583
3248_2,LSHO,90.6,1.8288,1.7472,1.875,47,0.07593634613675082,0.03085346009755572,0.047554806905092034,0.050526557421106566
3248_3,LSHO,91.1,1.8288,1.6722,1.8,47,0.0737483032921644,0.030696015620910285,0.047395545002373224,0.047436580582941604
3248_4,LSHO,91.4,1.8288,1.6389,1.7694,46,0.07347349998032301,0.03043335171178354,0.047199338275794485,0.04737498041448175
3248_5,LSHO,90.5,1.8288,1.7306,1.8611,46,0.07541017171464297,0.032553010271214565,0.046184524493119564,0.04993981595539352
3250_1,LSHO,90.0,1.8796,1.3417,1.4917,54,0.0869821534821591,0.048618794931225374,0.05417693074869273,0.04761268715878875
3250_2,LSHO,90.4,1.8796,1.1861,1.3278,52,0.08064870849332163,0.04012373487703329,0.05095073695567123,0.04794082273837517
3250_3,LSHO,89.5,1.8796,1.3444,1.4944,54,0.08942108414667975,0.05209231986836347,0.05504259061005668,0.047464025531273525
3250_4,LSHO,89.2,1.8796,1.1667,1.3694,72,0.13461165982154616,0.10062873140767649,0.06884239798030063,0.05705156979010547
3252_1,LSHO,80.8,1.8796,1.7639,1.9167,55,0.09432672148189228,0.03804714030150075,0.08405319632158248,0.019621561826875723
3252_2,LSHO,80.8,1.8796,1.5139,1.6722,56,0.1052062404066642,0.045541700483094597,0.09256639754732571,0.020634160577144345
3252_3,LSHO,80.8,1.8796,1.5389,1.6889,54,0.09396288656914406,0.03731246728959661,0.08332816655084868,0.02220856808627331
3252_4,LSHO,83.3,1.8796,1.3,1.4444,52,0.09371628451175348,0.03437991918529166,0.08346438774719442,0.025188471916468412
3252_5,LSHO,81.2,1.8796,1.4222,1.5778,57,0.10824447421032422,0.04809887303483844,0.09452830166586017,0.021627870769360902
