session,session_mass_kg,pitch_n,fp_mer_duration_s,positive_total_j,gated_stp_j,gated_jfp_j,conservation_error_j,stp_positive_j,stp_negative_j,jfp_positive_j,jfp_negative_j,mean_force_n,mean_shoulder_jc_speed_m_s,mean_force_velocity_alignment,official_jfp_vs_force_velocity_r,official_jfp_force_velocity_mae_w,thorax_limited_fraction,arm_limited_fraction,max_torso_rotational_velo,max_rotation_hip_shoulder_separation,rotation_hip_shoulder_separation_fp
1031,110.6784,2,0.11670000000000008,456.7856761175001,213.2614921375001,243.52418398000003,-4.263256414560601e-14,213.2614921375001,0.0,243.85681480000005,-0.3326308200000058,717.7471854573819,4.45142130124064,-0.47309813941363654,-0.6329352780132986,3837.059954713257,0.6282467532467533,0.3717532467532467,963.8322000000001,32.43495,31.432299999999998
1097,101.1528,3,0.14629999999999996,291.10365190833323,111.37941546666657,179.7242364416666,3.789561257387201e-14,111.37941546666657,0.0,180.1251611616666,-0.40092472000000184,551.4798877352,4.233836118019162,-0.3010725003091746,-0.610513224821331,2498.0031151595417,0.1608309990662932,0.8391690009337068,1101.9797999999998,30.0224,29.248933333333337
1170,82.1016,2,0.13335000000000002,306.29855546,144.27585246500004,162.02270299499997,-1.4210854715202004e-14,144.27585246500004,0.0,162.310706375,-0.2880033800000038,459.68269246691864,4.443177368953103,-0.5752593598192547,-0.5864752434513334,2637.373254272048,0.33625,0.6637500000000001,966.3392,38.210899999999995,38.1428
1250,78.4728,2,0.10689999999999994,314.68618345999994,139.00146321499994,175.684720245,2.842170943040401e-14,139.00146321499994,0.0,184.36334742999998,-8.678627184999982,576.3210381085685,4.329699573143893,0.03250835090244491,-0.3887958002334085,2358.528577636185,0.39230769230769236,0.6076923076923078,1089.6413,29.0539,28.57885
1313,84.3696,3,0.13056666666666672,286.0721733383334,104.43627970166669,181.63589363666665,4.7369515717340014e-14,104.43627970166669,0.0,181.70868628500003,-0.07279264833333411,396.30714287029497,4.2484509837584055,-0.3756144005061515,-0.8176275902171825,2056.925404925495,0.11805555555555557,0.8819444444444445,1202.8898666666666,40.24033333333333,38.57816666666667
1346,72.1224,3,0.11389999999999993,247.21766723333326,107.82923181499996,139.38843541833333,-2.842170943040401e-14,107.82923181499996,0.0,143.71921192499997,-4.330776506666656,394.52678857750425,4.565505705908781,-0.2754628495183565,-0.8290534317011441,2138.6305759067523,0.29262440464936207,0.707375595350638,1154.1802333333333,41.97456666666667,41.92946666666666
1370,104.328,3,0.11663333333333332,378.8641440816668,119.02515922666669,259.83898485500004,0.0,119.02515922666669,0.0,259.90275044500004,-0.06376559000000208,642.7989126569063,4.734632306325129,-0.740292117105942,-0.5529507805075858,4587.9586761376,0.21504065040650408,0.784959349593496,1153.6634000000001,28.7904,28.366966666666666
1371,99.3384,2,0.12080000000000002,369.1981801725001,160.65317684250005,208.54500333000004,-1.4210854715202004e-14,160.65317684250005,0.0,211.1124231425,-2.5674198125000016,545.7649918581826,4.494427212767725,0.06278741923094644,-0.5164431776941637,2256.3993908162884,0.628412537917088,0.37158746208291205,1043.09965,30.563200000000002,29.959400000000002
1393,88.9056,3,0.11946666666666657,227.0808599699999,100.70647961499992,126.37438035499993,9.473903143468002e-15,100.70647961499992,0.0,127.56017542499994,-1.1857950699999995,407.1836092962222,3.9598459476458037,0.13168106749213662,-0.4065225213132184,1337.8195616066073,0.23378191856452726,0.7662180814354728,970.0637999999999,15.098933333333333,14.824599999999998
1394,94.3488,3,0.11203333333333332,350.46034285666656,150.54913123833327,199.91121161833325,2.842170943040401e-14,150.54913123833327,0.0,202.12860708833327,-2.2173954700000023,591.4289018414719,4.252571459054651,-0.33079241596394626,-0.743666128169577,2877.01602907682,0.02383720930232558,0.9761627906976744,1036.0894666666666,27.977800000000002,27.92063333333333
1403,70.308,3,0.10646666666666664,222.60384918666668,96.932778615,125.67107057166668,1.8947806286936004e-14,96.932778615,0.0,126.09823013833335,-0.4271595666666626,371.9136286735486,4.102805043377925,-0.5321949687124811,-0.9225069663445015,2136.1706546744235,0.16973684210526316,0.8302631578947368,1002.1514999999999,30.64663333333333,30.237133333333333
1561,118.3896,3,0.12033333333333333,426.88817336833336,194.09109120833332,232.79708215999997,0.0,194.09109120833332,0.0,233.873204135,-1.0761219750000062,681.567432746739,4.2690873593413885,-0.5249768003632754,-0.8822981366039553,3804.7511109939182,0.5776073807988702,0.4223926192011298,1064.0885666666666,33.5514,33.06146666666667
1562,95.7096,3,0.07126666666666666,307.264530395,134.62466778333336,172.63986261166667,-1.8947806286936004e-14,134.62466778333336,0.0,172.63986261166667,0.0,780.4555556025966,4.420211603288904,-0.8057533265566749,-0.4556533645465868,5168.1381088865455,0.43624338624338627,0.5637566137566138,1076.8007333333333,33.5469,32.2683
1574,87.0912,3,0.12406666666666662,300.95142084333327,116.73091854999997,184.2205022933333,-2.842170943040401e-14,116.73091854999997,0.0,184.35623812666665,-0.13573583333333342,527.0103137043251,4.311147365078416,-0.6660773788107368,-0.7019551400297126,3158.416631437383,0.5397745571658615,0.4602254428341384,1015.3172,27.660933333333332,27.428066666666666
1581,94.8024,3,0.09073333333333333,299.22469923166665,122.16482809666668,177.059871135,-1.8947806286936004e-14,122.16482809666668,0.0,177.059871135,0.0,599.9634377859942,4.114772753074832,-0.6936289822022097,-0.6484932954134864,3681.7657023655725,0.4060049019607843,0.5939950980392157,1090.8969,28.012166666666662,22.096099999999996
1601,103.8744,3,0.12223333333333342,372.3390857983336,129.56636498166685,242.77272081666675,2.842170943040401e-14,129.56636498166685,0.0,242.88360651666676,-0.11088570000000005,565.5734930175166,4.716922188063001,-0.2552244790282088,-0.5325557728037293,3090.138221892766,0.09588159588159588,0.904118404118404,1034.2236666666665,35.1596,33.70226666666667
1603,91.1736,3,0.04540000000000003,162.44603929500013,65.71165377833337,96.73438551666673,1.4210854715202004e-14,65.71165377833337,0.0,96.73438551666673,0.0,617.1017998875365,5.207090199685825,-0.21342523083050557,0.9608469883251148,2722.0272523186454,0.0,1.0,1031.4215666666666,24.7589,9.833733333333333
1612,91.1736,3,0.09633333333333334,341.4061136950001,142.58852976666674,198.8175839283334,-9.473903143468002e-15,142.58852976666674,0.0,198.9002575566667,-0.0826736283333326,594.6251909253223,4.569341706954938,-0.5670587158088202,-0.6172517296777351,3783.1250302816893,0.15767195767195766,0.8423280423280423,1082.4549666666667,27.421466666666664,24.849100000000004
1615,87.5448,2,0.08610000000000007,278.87340420750013,115.41439657500007,163.45900763250012,-2.842170943040401e-14,115.41439657500007,0.0,163.48587804250013,-0.02687040999999917,660.1228183383007,4.641007756169381,-0.5204943926222365,0.17565957270030455,3408.911819723971,0.27976190476190477,0.7202380952380952,1114.5955,48.209599999999995,42.1769
1620,92.0808,2,0.09999999999999998,330.1761956675,120.33151886999997,209.8446767975,1.4210854715202004e-14,120.33151886999997,0.0,209.8446767975,0.0,537.5767719197884,4.868404154217135,-0.3735631910876732,-0.022526528205434704,3190.6191683748843,0.3783783783783784,0.6216216216216217,974.9763,24.824849999999998,22.17125
1623,81.648,3,0.11203333333333336,324.9407765000001,151.69158089833334,173.24919560166674,-1.8947806286936004e-14,151.69158089833334,0.0,177.6976312466667,-4.448435644999987,484.2662800954363,4.642155948437492,-0.3858936634969247,-0.866385316483178,2932.1113551343574,0.669047619047619,0.33095238095238094,1001.0259666666667,21.838933333333333,21.64646666666667
1665,106.596,3,0.10740000000000001,426.02908800000006,152.17174802000008,273.85733998,-1.8947806286936004e-14,152.17174802000008,0.0,273.85733998,0.0,639.4150592890478,5.04678686111914,-0.4766598626259435,-0.3708439031217192,4264.532505442824,0.2189880188275567,0.7810119811724433,1029.0667333333333,35.52996666666667,34.43686666666667
1668,81.648,3,0.09536666666666667,273.0757944516667,98.81694832500006,174.25884612666664,9.473903143468002e-15,98.81694832500006,0.0,174.25884612666664,0.0,487.27752974656806,5.054677262958092,-0.7134113856463298,-0.6943923811758334,3556.378681409989,0.3689370485036119,0.631062951496388,1087.5192666666667,37.19186666666667,31.748433333333335
1688,106.596,2,0.10420000000000018,436.0412317950003,166.21717216500025,269.8240596300001,0.0,166.21717216500025,0.0,270.15473291000006,-0.33067328000001,754.2109969124069,5.1151442221838535,-0.7145801044777731,-0.513944499076035,5514.480586718332,0.570460704607046,0.4295392953929539,998.5094,29.051299999999998,27.252499999999998
1717,103.4208,2,0.09584999999999999,213.48013303,85.39459802499998,128.085535005,-7.105427357601002e-15,85.39459802499998,0.0,128.085535005,0.0,535.9572674671268,4.645373095826895,-0.28004660597988734,0.6631175980761626,2070.966703625888,0.26706349206349206,0.732936507936508,856.58975,30.1637,22.26625
1718,97.524,3,0.09260000000000002,339.54555490166666,115.81808965666666,223.727465245,2.842170943040401e-14,115.81808965666666,0.0,223.727465245,0.0,610.1437197750604,4.903686667032151,-0.13187407927119854,-0.29940861150429987,3045.2418578007328,0.020202020202020204,0.9797979797979798,1119.3337333333334,36.1921,33.54183333333334
1729,105.6888,3,0.11386666666666663,410.33031096333326,207.05187525666656,203.27843570666664,0.0,207.05187525666656,0.0,204.35178686666666,-1.0733511600000067,622.4097735462686,4.185317088677702,-0.4967551620996391,-0.6374740499486092,3289.082763729232,0.5325158234971054,0.4674841765028946,1048.6872,34.67293333333333,34.429833333333335
1759,79.38,3,0.09533333333333334,300.2892679916668,125.16290602500005,175.12636196666674,5.684341886080802e-14,125.16290602500005,0.0,175.12636196666674,0.0,496.838032913379,5.009308164781033,-0.6737102428245757,-0.9266191787090627,3535.777020569814,0.2833333333333333,0.7166666666666667,1058.3047666666666,26.644333333333332,24.1354
1778,88.452,2,0.10835,334.470418605,149.290499225,185.17991938,4.263256414560601e-14,149.290499225,0.0,185.2815420275,-0.10162264750000014,573.3140104128452,4.036486381442547,-0.5404984478136496,-0.8625715996066892,3054.7285671341488,0.1629143214509068,0.8370856785490932,1167.39165,38.944,36.102050000000006
1779,103.4208,3,0.125,415.131643835,210.4434835366666,204.68816029833337,-2.842170943040401e-14,210.4434835366666,0.0,204.68816029833337,0.0,597.4557118642147,4.594547160805559,-0.07265277138956734,-0.2686000075981033,2208.7220455690244,0.42679512516469037,0.5732048748353096,1012.9873333333334,29.691633333333332,29.60806666666667
1782,97.524,4,0.09237499999999993,259.7387585187499,116.78289639624992,142.95586212249998,7.105427357601002e-15,116.78289639624992,0.0,143.15637558249998,-0.20051345999999748,652.3072810868998,4.366828212640062,0.14399125577335115,0.054390206399685954,1417.23910132723,0.22690136660724897,0.773098633392751,979.482825,22.6653,20.2898
1783,90.2664,4,0.14375000000000002,313.48641014500004,144.07458482125003,169.41182532375,-7.105427357601002e-15,144.07458482125003,0.0,170.7178443125,-1.3060189887500009,437.53763387977625,3.8261694899381373,-0.456446721955253,-0.9440942372308494,2148.5162219140493,0.09007619738751815,0.9099238026124818,1026.91245,28.02245,27.6154
1808,98.4312,5,0.07946,268.07183364599996,114.54493557400001,153.526898072,-5.684341886080802e-15,114.54493557400001,0.0,153.526898072,0.0,713.7822003731202,4.492842219674841,-0.759967566523176,0.30028355872293433,4313.597769713656,0.1735117208420879,0.826488279157912,1093.74932,26.59408,15.79192
1826,91.1736,5,0.11054,359.310647462,137.421478972,221.88916849000003,1.7053025658242404e-14,137.421478972,0.0,222.19869305000003,-0.30952455999999595,585.1038011461562,4.492329664048368,-0.6793739205691738,-0.8212402855903349,3867.203354797578,0.44028796466492376,0.5597120353350762,1198.62454,34.40388,33.30126
1830,84.3696,5,0.11390000000000007,283.05354248000015,135.77754271500007,147.27599976500002,-5.684341886080802e-15,135.77754271500007,0.0,147.27599976500002,0.0,496.94632804009524,3.8567476896181647,-0.4805978675898741,-0.8470816353212495,2378.981567205329,0.4848892580287929,0.5151107419712071,973.7413399999999,23.590619999999998,22.29306
1845,92.5344,3,0.0972,287.70844685499986,109.75077356166662,177.95767329333327,-9.473903143468002e-15,109.75077356166662,0.0,181.2406897066666,-3.283016413333339,520.8344773854307,4.638480569792894,-0.48119057345951316,-0.9204466076559049,3239.8548712407523,0.4829218829218829,0.5170781170781171,1029.4023,40.466633333333334,35.0722
2653,77.112,5,0.10108000000000002,285.23287667700004,129.80348905000002,155.42938762700004,-1.7053025658242404e-14,129.80348905000002,0.0,158.15325894600002,-2.7238713190000032,514.940280610112,4.69105094283581,-0.3005647319001693,-0.7144050357776287,2831.0043877588164,0.1320523154733681,0.8679476845266318,1086.03392,35.61974,35.52734
2655,94.3488,5,0.09497999999999998,319.21146414099996,119.846261944,199.365202197,-2.842170943040401e-14,119.846261944,0.0,199.38195039700003,-0.016748200000000813,612.5249242066006,4.672486224370485,-0.020553794399211574,0.08571104442907529,2396.8995696098937,0.12652056277056278,0.8734794372294372,1106.24828,31.69882,26.563959999999998
2730,89.8128,4,0.1062249999999999,296.1741927487498,115.3455609362499,180.82863181249994,-2.1316282072803006e-14,115.3455609362499,0.0,180.82863181249994,0.0,475.4821427971469,4.83383764510439,-0.8186839502313412,-0.7993514761641692,3586.373663803641,0.5190835065835065,0.48091649341649345,995.66485,24.41445,21.961624999999998
2734,87.9984,5,0.13108,304.3320664700001,149.668734682,154.663331788,4.5474735088646414e-14,149.668734682,0.0,159.99614038200002,-5.332808594000003,637.2936532684514,4.260868279130297,-0.38558865225751615,-0.8115375290022779,2967.6271408898783,0.3736756215899866,0.6263243784100134,1088.88228,37.74792,37.24104
2742,99.792,5,0.09001999999999995,363.03963310599994,178.58293576399996,184.45669734199998,0.0,178.58293576399996,0.0,184.45669734199998,0.0,745.4049224956077,4.19290995810624,-0.8727568000097834,-0.5695498366493242,4808.822722576224,0.42991734143049937,0.5700826585695007,1061.32248,37.15474,31.91348
2753,84.3696,5,0.11280000000000001,263.48589956,126.4323938,137.05350576,-1.1368683772161604e-14,126.4323938,0.0,137.05350576,0.0,436.54083037825103,4.278626702875163,-0.09705754482224026,-0.5335116622985966,1582.9456859397544,0.7878615995462279,0.212138400453772,887.3994399999999,23.91208,22.78546
2760,82.5552,5,0.10164000000000004,297.1940090450001,116.41130903500004,180.78270001000004,-1.1368683772161604e-14,116.41130903500004,0.0,180.78270001000004,0.0,488.2166666871368,4.759599404995687,-0.41465531282774737,-0.3065533904238748,2822.2741027905545,0.34087305929411194,0.6591269407058882,1054.60008,21.40118,20.72614
2761,88.9056,4,0.090275,259.40812108750004,116.46082977875004,142.94729130875004,-2.842170943040401e-14,116.46082977875004,0.0,142.95702141375006,-0.0097301049999997,513.5855531206522,4.251699191890084,-0.44344398591909867,-0.5818294712813794,2600.6742808617682,0.3753734165854659,0.6246265834145341,918.921725,19.902825,17.18165
2806,82.1016,5,0.09890000000000002,226.67766297200006,107.54971509100001,119.127947881,1.4210854715202004e-14,107.54971509100001,0.0,119.13294792500001,-0.005000043999999845,499.61274968223734,4.006917996426438,-0.1047032207591277,0.13054702468004728,1667.7309942120548,0.607918909621696,0.39208109037830396,1002.7330400000001,22.607059999999997,18.3364
2811,85.2768,5,0.18111999999999995,250.06857991199996,109.59008403899995,140.478495873,0.0,109.68610515499995,-0.09602111599999978,141.136670597,-0.658174723999985,293.22841726838254,3.5705675731115014,0.04215340430218368,0.13801502264187257,858.3317779474135,0.14118130173865603,0.8588186982613439,1072.00344,44.69394,35.15368
2812,76.2048,5,0.12168000000000005,257.575160822,75.860101649,181.71505917300001,-5.684341886080802e-15,75.860101649,0.0,181.945799057,-0.23073988400000492,431.0939118593834,4.939568572706578,-0.34700952738169805,-0.8181582511109864,2448.5187602931846,0.19687144447508453,0.8031285555249156,1053.45994,39.00412,36.175779999999996
2815,97.0704,5,0.11668000000000008,407.37202865500007,167.41383286100003,239.95819579400003,1.1368683772161604e-14,167.41383286100003,0.0,240.40259051100003,-0.44439471700000766,522.6392141481804,4.770982090599131,-0.3926727438633769,-0.8207069909408091,3244.276025206371,0.49532432432432427,0.5046756756756757,972.6341400000001,27.06686,23.06698
2818,96.1632,5,0.09336000000000007,331.38733518600014,155.6117486430001,175.77558654300006,2.2737367544323207e-14,155.6117486430001,0.0,175.77558654300006,0.0,666.9125086537224,4.205686570366616,-0.6681588463916123,-0.4740560345234524,3826.306832871383,0.5731185807656396,0.4268814192343604,951.2899199999999,32.30968,25.69872
2833,83.916,5,0.12553999999999998,331.029711696,159.177634986,171.85207671,0.0,159.177634986,0.0,172.712500287,-0.8604235770000065,545.2555930836307,4.825198233452649,-0.3962821258725041,-0.6872052888725996,2921.871122486108,0.3585624236212854,0.6414375763787146,1134.52754,35.48346,34.67138
2840,84.8232,4,0.09444999999999998,263.21688282624996,128.16296861624997,135.05391421000002,-1.4210854715202004e-14,128.16296861624997,0.0,135.67748766125,-0.6235734512499904,520.1222150256428,4.85794546034928,-0.35620227601572607,0.8321629105122192,2389.149842859074,0.46976716976716976,0.5302328302328302,1078.4358,22.309275,21.2252
2843,83.4624,5,0.09387999999999999,289.15284437799994,112.86164644199998,176.29119793599997,0.0,112.86164644199998,0.0,176.29119793599997,0.0,596.1026428663564,4.59784189638088,-0.4621343434951168,-0.5589772254382648,3219.7189129737126,0.36113158613158614,0.638868413868414,1007.9719000000001,41.966840000000005,37.537639999999996
2853,89.3592,4,0.12087500000000001,293.63466709249997,129.0038780575,164.63078903500002,0.0,129.0038780575,0.0,165.28019536125,-0.6494063262499994,531.6044935193679,4.658319523094342,-0.5066041680602453,-0.5681817131746385,3063.2184967431067,0.5619128212213318,0.43808717877866815,991.6294,27.778575,27.07195
2857,69.4008,5,0.1061,204.97127474799996,104.37567145199996,100.59560329599998,1.1368683772161604e-14,104.37567145199996,0.0,100.59560329599998,0.0,375.8350999803916,4.27760914762541,-0.7137837970929826,-0.7913304591961147,2095.9765339272017,0.1345319902701161,0.865468009729884,905.27964,40.30428,39.55428
2859,93.8952,5,0.11054000000000004,386.9204859690002,159.3281813150001,227.5923046540001,-1.7053025658242404e-14,159.3281813150001,0.0,227.5923046540001,0.0,597.8203986918248,4.466523920009257,-0.5317166750456799,-0.6733136050114868,3531.322314853799,0.4085066463524236,0.5914933536475764,1038.36888,35.71014,34.685
2860,78.9264,4,0.08127499999999999,276.00383040625,136.0303711475,139.97345925875,1.4210854715202004e-14,136.0303711475,0.0,139.97345925875,0.0,576.7812266978735,4.1094906387644485,-0.6502246182235301,-0.7414094479711569,3222.366550029316,0.40483870967741936,0.5951612903225807,1364.847875,33.679125,29.258375
2861,82.5552,5,0.09556,292.73195064300006,151.74684143800002,140.98510920500001,5.684341886080802e-15,151.74684143800002,0.0,142.76011257700003,-1.775003371999991,572.2683354171747,4.895447805819577,-0.4825364702683384,-0.6478512984070586,3225.252665220799,0.28672906672906673,0.7132709332709333,1058.33802,49.5972,46.88612
2865,87.5448,5,0.12110000000000003,338.061342149,174.81457823499997,163.24676391399998,-5.684341886080802e-15,174.81457823499997,0.0,172.16125802899998,-8.914494115000002,624.8424252880599,4.046018990461005,-0.25358121360391395,-0.7577043079237824,2751.9556401418586,0.5858202333059808,0.41417976669401924,1017.30212,36.90176,36.24894
2882,88.9056,4,0.09305000000000002,279.67046132124995,125.24243814124998,154.42802318,-1.4210854715202004e-14,125.24243814124998,0.0,154.42802318,0.0,441.45887081378453,4.445705587839476,-0.24271238289845087,0.6345856601195154,2049.4184527989773,0.261805128992629,0.738194871007371,930.0282,31.18855,30.9424
2889,111.132,5,0.11276000000000005,351.537295082,166.06934689700006,185.467948185,-1.1368683772161604e-14,166.06934689700006,0.0,185.467948185,0.0,638.7977194272271,4.33777975860538,-0.5805898509875805,-0.5801869702756601,3407.1899029684255,0.7799284861977044,0.22007151380229567,877.85432,26.565819999999995,26.42942
2891,113.8536,5,0.11613999999999995,461.991192408,192.87523526200002,269.11595714599997,0.0,192.87523526200002,0.0,269.11595714599997,0.0,792.3373000593483,4.686539606589028,-0.8001624095729453,-0.7330474482059441,5425.1094199823865,0.18854783571669315,0.8114521642833068,1151.4446599999999,41.52876,38.79596
2905,99.3384,5,0.09836,372.917633302,146.39773576399998,226.51989753800004,-2.2737367544323207e-14,146.39773576399998,0.0,226.51989753800004,0.0,677.3264969925245,5.145815389615327,-0.13153950118050706,0.10098657737107271,3061.205844719069,0.5700983779002355,0.4299016220997645,992.7429599999999,37.18976,31.112599999999997
2907,82.5552,5,0.10221999999999994,261.1584280479999,124.04918631899996,137.10924172899996,-1.1368683772161604e-14,124.04918631899996,0.0,137.10924172899996,0.0,454.8102501256536,4.306770741153053,-0.7899823868942238,-0.5037243347505922,2937.3137554782656,0.22186621795094194,0.7781337820490581,1121.75584,28.380239999999997,28.29706
2916,86.6376,5,0.10835999999999998,339.82823335499995,203.627033306,136.201200049,2.842170943040401e-14,203.627033306,0.0,140.886530704,-4.685330654999995,660.3510883782268,3.904580742634895,-0.5327782832352245,-0.8759127579170846,3080.5835293583827,0.4295809881175735,0.5704190118824265,1260.1317800000002,37.09078,36.3261
2918,100.2456,5,0.10776000000000005,388.4420902850002,168.9537447930001,219.4883454920001,0.0,168.9537447930001,0.0,219.8080705250001,-0.3197250329999996,663.598796832564,4.711702961173023,-0.5705133993192073,-0.8175633774460502,4286.596785128981,0.35201063164477797,0.647989368355222,1012.75174,30.566899999999997,30.06966
2919,84.8232,5,0.11833999999999997,286.60742469599995,148.325304118,138.28212057800002,-1.7053025658242404e-14,148.325304118,0.0,138.335207411,-0.05308683299999857,445.2112145992869,4.501762077604661,-0.6054708198488032,-0.49128569264173744,2546.690499600739,0.7466495082268592,0.2533504917731409,971.40366,28.942619999999998,27.557139999999997
2923,73.4832,5,0.09885999999999999,209.810111301,129.95365910900003,79.85645219199998,5.684341886080802e-15,129.95365910900003,0.0,81.36773039699999,-1.5112782050000146,471.33773041805017,3.9360026094324376,-0.6099926903063908,-0.357909450685295,2062.5513086387173,0.10490505543137121,0.8950949445686287,1084.4181199999998,21.70534,21.2151
2926,80.7408,4,0.10902500000000004,287.36476801250006,162.43475654250005,124.93001146999997,3.907985046680551e-14,162.43475654250005,0.0,128.696114715,-3.766103245000016,554.764695791509,4.4244804605133465,-0.10580088081798217,-0.19529865325016882,1834.5977294424163,0.6442838515206937,0.3557161484793064,1113.189525,31.462025000000004,30.5905
2927,79.8336,5,0.1016599999999999,297.23511138499987,131.13720316299992,166.09790822199994,-2.842170943040401e-14,131.13720316299992,0.0,168.55905399099996,-2.461145768999992,551.229336937521,4.463121393035179,-0.5076768670006673,-0.7853275675508102,3120.6343846337504,0.4216809000022773,0.5783190999977227,1197.88098,25.539839999999998,23.40902
2935,90.72,5,0.08392,309.2706871330001,137.66835878,171.60232835300002,5.1159076974727215e-14,137.66835878,0.0,172.527254422,-0.9249260689999801,697.3241951780597,5.159562236954721,-0.8514409379417632,0.23113473958246514,5049.214634781247,0.30800452884157,0.69199547115843,1003.13856,33.33212,32.03066
2965,87.0912,5,0.10000000000000005,309.39905677400026,134.0863505750001,175.3127061990001,2.2737367544323207e-14,134.0863505750001,0.0,175.9887067780001,-0.6760005789999974,523.7229956836429,4.609094421494914,-0.4069450574024561,-0.7886276208527224,2859.221953012359,0.25220290545367946,0.7477970945463206,1046.6631,33.63798,32.072500000000005
2969,104.7816,3,0.12040000000000006,374.1155799250001,194.78578677166675,179.32979315333333,9.473903143468002e-15,194.78578677166675,0.0,179.32979315333333,0.0,554.7959760807206,4.166079876252866,-0.21420531004500798,-0.8453053505613405,2357.413762768448,0.5047138047138048,0.49528619528619533,981.6663666666667,30.54393333333333,30.20586666666667
2979,101.6064,5,0.12110000000000003,380.526562838,198.05956208100002,182.467000757,-2.2737367544323207e-14,198.05956208100002,0.0,184.756378008,-2.289377250999993,555.61159770074,4.686564090939083,-0.6303235892795696,0.07422168505990637,3219.390390249916,0.43782945736434103,0.5621705426356589,989.8803599999999,39.33672,39.1471
2981,85.7304,4,0.10347500000000004,303.27818705125014,129.29149404875008,173.98669300250006,1.4210854715202004e-14,129.29149404875008,0.0,173.99581582250008,-0.009122820000000443,536.143791250822,4.5463568944267365,-0.31834833790815154,-0.7499748877148706,2536.3047177452772,0.48187415654520915,0.5181258434547908,1034.449475,34.63695,32.172625
2989,83.916,5,0.10444,282.7834430870001,128.48958354500004,154.293859542,5.684341886080802e-15,128.48958354500004,0.0,154.293859542,0.0,456.8265830247077,4.434067768584656,-0.08747539168697799,-0.48915827001492546,1925.058435721857,0.5424835477467057,0.4575164522532944,996.927,23.93002,23.54512
2990,83.0088,4,0.11457500000000001,288.826202,140.5529904875,148.27321151249998,2.842170943040401e-14,140.5529904875,0.0,149.05035033874998,-0.7771388262499991,464.2042231029865,4.083990898573444,-0.3155844013021844,-0.4027171654186146,2094.5223942358425,0.4912770236299648,0.5087229763700352,1031.429625,31.572074999999998,28.65365
2993,97.0704,4,0.11247499999999999,407.8304793187501,158.98397147875005,248.84650784000002,1.4210854715202004e-14,158.98397147875005,0.0,248.85620424,-0.0096963999999997,572.6484802874029,4.988693769994216,-0.496210505448141,-0.6804021308065107,3848.0247981880307,0.47384559884559885,0.5261544011544012,984.060975,36.83355,34.458825
2996,103.8744,4,0.09792499999999993,367.9901152637499,182.9531321299999,185.03698313374997,3.552713678800501e-14,182.9531321299999,0.0,187.59078834749997,-2.5538052137499805,667.5231812014275,3.9716227045694645,-0.3463924130534759,-0.22087259737521964,2893.9854563288054,0.45115629984051037,0.5488437001594897,1035.8687,43.7227,40.508575
2999,96.1632,5,0.13610000000000003,383.50099237200004,142.74703901000004,240.753953362,1.7053025658242404e-14,142.74703901000004,0.0,240.753953362,0.0,520.7884512759924,5.191312253679614,-0.7740467586365039,-0.5733958843008647,4144.922700558468,0.5146940418679549,0.48530595813204513,1017.23858,34.288,34.080920000000006
3034,93.8952,5,0.12777999999999995,271.2300379249999,135.15999428999993,136.070043635,5.684341886080802e-15,135.15999428999993,0.0,138.241762131,-2.1717184960000004,434.1247472825238,3.7707098860267068,-0.4925765799343802,-0.7686101644697408,2118.5175924315936,0.6067067373693513,0.3932932626306486,939.77998,32.03996,31.751260000000002
3035,92.5344,5,0.10447999999999999,388.3499833779999,168.51334386499997,219.83663951299997,5.684341886080802e-15,168.51334386499997,0.0,220.19918171799995,-0.3625422050000004,576.9172869084017,4.945877812110775,-0.316194022664122,-0.5088944239746562,3091.0945080713705,0.39440221351004406,0.605597786489956,1069.3253200000001,40.557280000000006,32.280919999999995
3036,90.72,4,0.10620000000000007,299.9955706625001,138.59671696000004,161.3988537025,1.4210854715202004e-14,138.59671696000004,0.0,161.4227509675,-0.023897264999999265,613.8389972003613,4.288373120302454,0.129188996158193,-0.015040031686247467,1807.7815687742786,0.3001893939393939,0.6998106060606061,1016.1865,35.92575,35.204425
3037,94.3488,5,0.09775999999999999,354.75367308500006,162.75695845200002,191.99671463300004,-3.410605131648481e-14,162.75695845200002,0.0,191.99671463300004,0.0,608.5961649860571,4.900468149462752,-0.7291611659245575,-0.4414174119693713,4222.041872817348,0.9034181240063592,0.0965818759936407,990.89254,24.81636,20.99252
3043,107.0496,5,0.1189,381.685808494,158.812148521,222.87365997299997,0.0,158.812148521,0.0,225.622843639,-2.749183666000003,603.8693152103485,4.645782427989408,-0.4286315171318688,-0.8773888433232075,3589.300613523353,0.6173016821399026,0.38269831786009745,964.97848,25.36798,24.95548
3044,114.7608,5,0.12668000000000007,449.779798594,196.12227674600007,253.657521848,-2.2737367544323207e-14,196.12227674600007,0.0,254.179814352,-0.5222925040000069,802.136256982941,4.4532539413491135,-0.7556152666980631,-0.6741443217347938,4969.632582646083,0.3364840503151349,0.663515949684865,1067.47052,34.17274,31.5776
3046,78.9264,4,0.11945,282.99699695124997,117.48954934374997,165.50744760749998,2.842170943040401e-14,117.48954934374997,0.0,165.55485083874999,-0.047403231250000476,490.4303672951439,4.338200459891366,-0.49095393459380665,-0.9309318484550285,2772.733172875835,0.3386457766197402,0.6613542233802598,1110.780025,28.890775,28.317700000000002
3053,93.8952,5,0.11107999999999993,291.9191948419999,144.73607263099996,147.18312221099998,1.1368683772161604e-14,144.73607263099996,0.0,147.232492132,-0.04936992099999858,504.2179874587488,4.341807009637315,-0.13825991924848563,0.36832179609583204,1726.4585662784607,0.34021090697919965,0.6597890930208004,1160.52032,38.18266,32.22912
3055,93.4416,5,0.10553999999999997,245.788635813,85.89231173900002,159.896324074,0.0,85.89231173900002,0.0,160.011262479,-0.11493840500000056,448.94941467596243,4.186387607971584,-0.26739191914248994,-0.7468458147899127,2180.0957429420278,0.1389039039039039,0.861096096096096,911.8066999999999,31.163580000000003,28.50544
3065,82.5552,5,0.09388,284.30486785899996,119.04779109599997,165.257076763,5.684341886080802e-15,119.04779109599997,0.0,165.257076763,0.0,478.53815482147985,4.727791498147561,-0.3915174800322367,-0.8779622149889045,2719.8189599243815,0.06844155844155844,0.9315584415584416,1150.26568,32.3531,26.742520000000003
3132,97.9776,5,0.10112000000000002,380.03564956,156.593116836,223.44253272400002,-5.684341886080802e-15,156.593116836,0.0,223.44253272400002,0.0,665.606636438538,4.79737238460074,-0.13067468813300426,-0.003407068826658552,2784.3958627547718,0.5295874822190612,0.4704125177809388,1109.0002399999998,28.263060000000003,24.6087
3140,83.916,5,0.09334,307.85417621399995,135.51735671,172.336819504,-5.684341886080802e-14,135.51735671,0.0,172.405277114,-0.06845761000000068,577.8269851615655,4.438816235090908,-0.6794459101812433,-0.7425327491589416,3679.9753870885797,0.26830429732868755,0.7316957026713125,1166.91718,29.493240000000004,24.60292
3172,73.4832,5,0.10164,214.318752227,58.545712876999985,155.77303934999998,4.5474735088646414e-14,58.545712876999985,0.0,155.77303934999998,0.0,388.32456452429494,5.002431249879147,-0.6034283849398874,-0.7474199170608861,2710.667252341079,0.046153846153846156,0.9538461538461538,1042.50808,35.50834,29.6832
3222,87.5448,5,0.09609999999999999,268.119381842,109.374133132,158.74524870999997,2.842170943040401e-14,109.374133132,0.0,158.74524870999997,0.0,571.2174180164222,4.259763010378661,-0.6988482329412299,-0.3503073763021595,3346.6282656882286,0.5020691470691471,0.49793085293085293,1060.59152,20.149160000000002,18.227899999999998
3228,93.8952,5,0.12607999999999991,396.8346505799998,209.09551181599986,187.73913876399996,-5.684341886080802e-15,209.09551181599986,0.0,193.14118371099994,-5.402044946999997,633.9448743631852,4.03386289563259,-0.5057188653461594,-0.9295666190179601,3260.9275585516616,0.29914033110964056,0.7008596688903594,1220.51836,40.7538,39.97312
3232,85.2768,5,0.08890000000000002,309.357261438,134.767729737,174.589531701,-5.684341886080802e-15,134.767729737,0.0,174.589531701,0.0,524.1039469953702,4.822385226172439,-0.5242613634903149,-0.5854278013406939,3313.8221635388763,0.19469696969696967,0.8053030303030303,1129.72432,32.67526,27.563119999999998
3233,80.7408,5,0.11668000000000003,295.931448784,122.14756300200001,173.783885782,1.1368683772161604e-14,122.14756300200001,0.0,174.565341716,-0.7814559340000071,506.6442146784734,4.580192726321,-0.45685745538702893,-0.388471880128605,2567.307823530329,0.07327310370788631,0.9267268962921136,1166.8303,37.27022,34.95026
3247,87.9984,5,0.10945999999999997,322.2932043879999,143.9659507079999,178.32725367999996,0.0,143.9659507079999,0.0,178.32725367999996,0.0,492.81445420667006,4.4238798314703685,-0.3495262675105611,-0.6741789321556659,2497.4072586362345,0.1827606539801662,0.817239346019834,1204.10808,30.738580000000002,29.481659999999998
3248,81.1944,5,0.10166,352.851053874,171.276730719,181.57432315499995,3.410605131648481e-14,171.276730719,0.0,184.95707990899996,-3.3827567540000083,674.3381056657634,4.53610900733816,-0.5434709022982467,-0.577036078811777,3834.099172295857,0.5644594594594594,0.43554054054054053,1111.33618,33.3649,32.232079999999996
3250,83.4624,4,0.12570000000000003,354.08568050250017,138.93719104875004,215.14848945375005,4.973799150320701e-14,138.93786000750003,-0.0006689587499999814,215.14848945375005,0.0,430.9788033749825,4.97726902775541,-0.374507782494174,-0.9535609321210372,2840.8288040959005,0.052943860526740286,0.9470561394732597,1046.449,34.730450000000005,32.201100000000004
3252,88.452,5,0.12276000000000006,348.81365232400015,139.0434712740001,209.77018105000008,0.0,139.0434712740001,0.0,210.38541068300006,-0.615229633000002,520.8080972996803,4.21617924096998,-0.7243936542101059,-0.8490973077173052,3605.5280738836473,0.06604157072242178,0.9339584292775782,1122.29908,43.023360000000004,41.67488
