source,source_label,source_stage,target,target_label,target_stage,n,sessions,raw_r,raw_p,cluster_beta,cluster_p,within_r,within_pearson_p,within_cluster_p,within_q,cluster_q,selected
torso_lateral_tilt_mer,Torso Lateral Tilt At Mer,MER / FP-BR aggregate,torso_lateral_tilt_br,Torso Lateral Tilt At Br,BR,411,100,0.9208987783203121,1.934375225627937e-169,0.9208987783203115,3.306173324479109e-131,0.8861009567918351,1.1466368897597812e-138,2.544098770306965e-226,6.01933769054628e-223,7.822406085717571e-128,True
torso_rotation_mer,Torso Rotation At Mer,MER / FP-BR aggregate,torso_rotation_br,Torso Rotation At Br,BR,411,100,0.8908016261056919,3.428188734243556e-142,0.8908016261056921,5.035318163514946e-84,0.7628450905503783,1.8091849453228348e-79,8.554271975524708e-48,6.746469164697154e-45,3.1659249604019206e-81,True
torso_anterior_tilt_mer,Torso Anterior Tilt At Mer (flexion +),MER / FP-BR aggregate,torso_anterior_tilt_br,Torso Anterior Tilt At Br (flexion +),BR,411,100,0.9342644642450735,2.8696147401563082e-185,0.934264464245074,1.3463420709314217e-116,0.7561315913306179,2.5214727678698477e-77,2.1388032115362283e-71,2.530204199247358e-68,1.592722669911872e-113,True
rear_grf_mag_max,Rear Grf Mag Max,PKH-FP,rear_grf_x_max,Rear Grf X Max,FP,403,100,0.8411999080624978,3.9634046167339283e-109,0.8411999080624983,5.352366796960136e-84,0.6329402213344874,1.6881350158909732e-46,0.00019259791137819494,0.0029590042748104495,3.1659249604019206e-81,True
torso_rotation_fp,Torso Rotation At Fp,FP,shoulder_transfer_fp_br,Shoulder Transfer Fp-Br,MER / FP-BR aggregate,411,100,-0.25587526488133655,1.4452381967713763e-07,-0.25587526488133644,0.021960747410600345,-0.5684016559315033,1.5268634275257243e-36,6.035166756962576e-11,1.0199431819266753e-08,0.13673454835126425,True
torso_rotation_fp,Torso Rotation At Fp,FP,thorax_distal_transfer_fp_br,Thorax Distal Transfer Fp-Br,MER / FP-BR aggregate,411,100,-0.26783921992906123,3.498215077050367e-08,-0.2678392199290611,0.010522530217297219,-0.5546645277413861,1.5692415207450735e-34,4.5354147944067054e-10,5.961550779759037e-08,0.08057057117839878,True
lead_knee_extension_angular_velo_max,Lead Knee Extension Angular Velocity Max,MER-BR,lead_knee_extension_angular_velo_br,Lead Knee Extension Angular Velocity At Br,BR,411,100,0.825225827249081,1.6017364257218338e-103,0.8252258272490808,2.5052743896774686e-56,0.5249271014332667,1.7574721912629694e-30,3.680839714408663e-08,3.2255062089966282e-06,1.1854958411953782e-53,True
pelvis_rotation_fp,Pelvis Rotation At Fp,FP,shoulder_transfer_fp_br,Shoulder Transfer Fp-Br,MER / FP-BR aggregate,411,100,-0.08832352026514699,0.07367310918335111,-0.08832352026514705,0.3972997524374028,-0.5124665148595051,6.696978659341209e-29,1.317307311778768e-07,8.657636387968236e-06,0.6797771323612469,True
max_elbow_flexion,Peak elbow flexion (+),FP-MER,max_elbow_extension_velo,Peak elbow extension velocity,MER-BR,411,100,0.4682098960968879,8.785048197280263e-24,0.4682098960968879,3.724997934699498e-07,0.5073717605010324,2.842852080425618e-28,4.866633253501504e-17,2.8786135694461396e-14,1.5462008971050897e-05,True
stride_length,Stride length,FP,lead_grf_x_max,Lead Grf X Max,MER / FP-BR aggregate,403,100,0.4953244199795298,2.4568038513406058e-26,0.49532441997952953,5.47119887686844e-09,0.5055694845437215,1.5500631157008193e-27,3.4180338118281015e-12,1.010883499848161e-09,3.3191939853001865e-07,True
lead_knee_extension_angular_velo_fp,Lead Knee Extension Angular Velocity At Fp,FP,lead_grf_x_max,Lead Grf X Max,MER / FP-BR aggregate,403,100,0.3532754523136495,2.7345838478435803e-13,0.35327545231364943,3.1170184540490665e-05,0.5034309596291753,2.7809663333456523e-27,7.554875494334854e-12,1.7874835419596266e-09,0.0007374865662280092,True
stride_angle,Stride angle (cross-body +),FP,torso_rotation_br,Torso Rotation At Br,BR,411,100,-0.3812852337445133,1.138440465026756e-15,-0.38128523374451323,5.360763436515094e-06,-0.5027621485531796,1.0299385502366506e-27,1.4785640915977396e-09,1.6658488765334533e-07,0.00016260982424095785,True
pelvis_rotation_fp,Pelvis Rotation At Fp,FP,thorax_distal_transfer_fp_br,Thorax Distal Transfer Fp-Br,MER / FP-BR aggregate,411,100,-0.07672054411570653,0.12044262687498027,-0.07672054411570656,0.4368735583427906,-0.5001227429826849,2.1336065222496916e-27,1.9792159913772313e-07,1.200724368102187e-05,0.7107688695809807,True
lead_knee_extension_angular_velo_fp,Lead Knee Extension Angular Velocity At Fp,FP,lead_grf_mag_max,Lead Grf Mag Max,MER / FP-BR aggregate,403,100,0.442478312255731,9.479440527940368e-21,0.44247831225573114,2.3681777113747843e-06,0.4808959438408118,1.030901249158914e-24,3.6637469131927596e-09,3.940193271188213e-07,8.120447050888029e-05,True
lead_knee_extension_angular_velo_fp,Lead Knee Extension Angular Velocity At Fp,FP,lead_knee_extension_from_fp_to_br,Lead Knee Extension From At Fp To At Br,MER / FP-BR aggregate,411,100,0.13794853891383999,0.005085974002648987,0.13794853891383993,0.3181509706990169,0.4806491282372106,3.799691631474472e-25,1.2888062533572931e-16,6.098631190886711e-14,0.6134842678678679,True
lead_knee_generation_fp_br,Lead Knee Generation Fp-Br,MER / FP-BR aggregate,lead_knee_extension_angular_velo_br,Lead Knee Extension Angular Velocity At Br,BR,403,100,0.5319995180760153,7.947591528212215e-31,0.5319995180760151,2.422772061709994e-07,0.4734728339485844,6.585879577804254e-24,3.2329416999289177e-07,1.561048992251392e-05,1.0442504315557222e-05,True
torso_lateral_tilt_fp,Torso Lateral Tilt At Fp,FP,shoulder_transfer_fp_br,Shoulder Transfer Fp-Br,MER / FP-BR aggregate,411,100,-0.0335310534691701,0.4978351868359833,-0.033531053469170076,0.7211279253914173,-0.45461240006780845,2.3564113237905e-22,2.81217141920498e-08,2.562065165049305e-06,0.8709487858479293,True
lead_knee_extension_angular_velo_fp,Lead Knee Extension Angular Velocity At Fp,FP,lead_grf_z_max,Lead Grf Z Max,MER / FP-BR aggregate,403,100,0.4274364199033108,2.4935607963383158e-19,0.427436419903311,2.4582423604786396e-05,0.4435291372292303,7.497403339280036e-21,1.1349094962229191e-07,7.897634906068903e-06,0.0006122317289360485,True
lead_knee_extension_from_fp_to_br,Lead Knee Extension From At Fp To At Br,MER / FP-BR aggregate,lead_knee_extension_angular_velo_max,Lead Knee Extension Angular Velocity Max,MER-BR,411,100,0.7310169611268341,6.95554875991229e-70,0.731016961126834,7.782297782579282e-31,0.43708065943030405,1.324408383462848e-20,3.6462747955388074e-13,1.4378476943741365e-10,2.6304166505117974e-28,True
torso_lateral_tilt_fp,Torso Lateral Tilt At Fp,FP,thorax_distal_transfer_fp_br,Thorax Distal Transfer Fp-Br,MER / FP-BR aggregate,411,100,0.018035729485645347,0.7154422470775542,0.018035729485645368,0.8440380383599542,-0.4349233748307495,2.1399585144345286e-20,1.2372797277136126e-07,8.364010959344021e-06,0.9328031947448128,True
rotation_hip_shoulder_separation_fp,Rotation Hip Shoulder Separation At Fp (separation +),FP,shoulder_transfer_fp_br,Shoulder Transfer Fp-Br,MER / FP-BR aggregate,411,100,0.30617258175256323,2.2814319468290904e-10,0.30617258175256296,0.0029700620831082693,0.41938824266496644,6.133752247088284e-19,2.4908382356026645e-07,1.3705402942874195e-05,0.03208752003942541,True
shoulder_external_rotation_fp,Shoulder External Rotation At Fp (external rotation +),FP,shoulder_transfer_fp_br,Shoulder Transfer Fp-Br,MER / FP-BR aggregate,411,100,-0.11773980963409683,0.01694049503236177,-0.11773980963409675,0.28291819727649414,-0.415797886409751,1.2999612825332403e-18,3.466959190184942e-05,0.0008149609639638304,0.5747944814301473,True
rotation_hip_shoulder_separation_fp,Rotation Hip Shoulder Separation At Fp (separation +),FP,thorax_distal_transfer_fp_br,Thorax Distal Transfer Fp-Br,MER / FP-BR aggregate,411,100,0.34500528775275235,6.239850599555217e-13,0.34500528775275224,0.0008098689868360915,0.4102279814011589,4.095358698061456e-18,1.523852984704178e-07,9.744422058946176e-06,0.011724582470999653,True
glove_shoulder_abduction_fp,Glove Shoulder Abduction At Fp,FP,max_pelvis_rotational_velo,Peak pelvis rotation velocity,FP-MER,411,100,-0.16657969922063232,0.0006975859073605136,-0.16657969922063232,0.10092618934159293,-0.4037344684874294,1.5193049920127623e-17,1.2796716793644724e-10,2.0184687955842278e-08,0.32543410939628953,True
pelvis_anterior_tilt_fp,Pelvis Anterior Tilt At Fp (anterior tilt +),FP,torso_lateral_tilt_mer,Torso Lateral Tilt At Mer,MER / FP-BR aggregate,411,100,-0.27095054369409993,2.3910650195979604e-08,-0.27095054369409993,0.00209213878665468,-0.40201475793697766,2.1397133244063777e-17,5.303131340948181e-11,9.651699040525689e-09,0.024264707692279282,True
torso_lateral_tilt_mer,Torso Lateral Tilt At Mer,MER / FP-BR aggregate,torso_rotation_br,Torso Rotation At Br,BR,411,100,0.4447300788078387,2.3497003445033836e-21,0.4447300788078382,1.3547289583246832e-07,0.3980690959947193,4.659149517595926e-17,3.1483609184999527e-07,1.5518795694106015e-05,6.541405541624899e-06,True
torso_anterior_tilt_fp,Torso Anterior Tilt At Fp (flexion +),FP,torso_lateral_tilt_mer,Torso Lateral Tilt At Mer,MER / FP-BR aggregate,411,100,-0.608967513771131,4.527803647796626e-43,-0.6089675137711306,1.512479281243149e-13,-0.39084758938996383,1.8847614819152766e-16,2.99041812175724e-07,1.5053892076760914e-05,2.2365787371383064e-11,True
torso_lateral_tilt_mer,Torso Lateral Tilt At Mer,MER / FP-BR aggregate,torso_anterior_tilt_br,Torso Anterior Tilt At Br (flexion +),BR,411,100,0.4469657990648093,1.4057283451276854e-21,0.446965799064809,3.547792727723314e-05,0.3885811265893437,2.9019818509782644e-16,1.6559916724922092e-11,3.2650635809304724e-09,0.0008229487837052316,True
shoulder_external_rotation_fp,Shoulder External Rotation At Fp (external rotation +),FP,thorax_distal_transfer_fp_br,Thorax Distal Transfer Fp-Br,MER / FP-BR aggregate,411,100,-0.1510317715747302,0.0021392130090074836,-0.15103177157473013,0.15746847600951697,-0.3881672031495059,3.1388485314553395e-16,0.00014968023200845186,0.002493967809380261,0.4176798365902658,True
max_pelvis_rotational_velo,Peak pelvis rotation velocity,FP-MER,lead_knee_extension_from_fp_to_br,Lead Knee Extension From At Fp To At Br,MER / FP-BR aggregate,411,100,0.15412984465538196,0.0017248474973728326,0.1541298446553819,0.0879988885356025,0.38574422489245713,4.957646308839652e-16,3.85538305789999e-10,5.365786067641986e-08,0.2995760723384684,True
lead_knee_extension_angular_velo_fp,Lead Knee Extension Angular Velocity At Fp,FP,lead_knee_extension_angular_velo_max,Lead Knee Extension Angular Velocity Max,MER-BR,411,100,0.24837599921839276,3.3936156264820027e-07,0.2483759992183927,0.009730255291685586,0.38410730509977453,6.73681154510879e-16,3.6710443267811996e-06,0.00011898206681047011,0.07673928006709364,True
lead_knee_transfer_fp_br,Lead Knee Transfer Fp-Br,MER / FP-BR aggregate,lead_knee_extension_angular_velo_max,Lead Knee Extension Angular Velocity Max,MER-BR,403,100,0.4025780023087407,3.918262416868761e-17,0.40257800230874063,2.9389494253864754e-05,0.3837940900899616,1.3640605365576475e-15,7.422072860209136e-10,8.780312193627409e-08,0.0007023792263095354,True
torso_lateral_tilt_mer,Torso Lateral Tilt At Mer,MER / FP-BR aggregate,arm_slot,Arm slot,BR,411,100,0.6519682419519555,4.1934858909612144e-51,0.6519682419519548,1.7416672702913005e-18,0.3762516917912463,2.866014912509125e-15,2.1758508621377223e-12,7.354375914025502e-10,3.433987301257681e-16,True
stride_angle,Stride angle (cross-body +),FP,lead_grf_y_max,Lead Grf Y Max,FP-MER,403,100,0.6107661986442183,1.4443148283318606e-42,0.6107661986442182,1.5824122699366274e-10,0.3734032253992287,8.833655504533102e-15,9.558487896429008e-06,0.000266063321917071,1.3779374165359859e-08,True
torso_anterior_tilt_fp,Torso Anterior Tilt At Fp (flexion +),FP,shoulder_transfer_fp_br,Shoulder Transfer Fp-Br,MER / FP-BR aggregate,411,100,0.032764563805005975,0.5077179415034382,0.03276456380500598,0.7765916624409738,0.3724110766775971,5.735517385846892e-15,0.00017012532439731853,0.0026988772193038964,0.9026902683707837,True
torso_rotation_fp,Torso Rotation At Fp,FP,lead_knee_generation_fp_br,Lead Knee Generation Fp-Br,MER / FP-BR aggregate,403,100,-0.3144871837039069,1.0591256295113913e-10,-0.3144871837039068,0.008833833394098885,-0.36750272669253364,2.4777282429992605e-14,2.8525653922286506e-07,1.485572474820379e-05,0.07257239517513181,True
pelvis_rotation_fp,Pelvis Rotation At Fp,FP,lead_knee_generation_fp_br,Lead Knee Generation Fp-Br,MER / FP-BR aggregate,403,100,-0.2206961669699959,7.751234479978087e-06,-0.22069616696999572,0.04977079012121982,-0.36482307718234547,3.930580737252266e-14,5.718095835492142e-07,2.6527479895636093e-05,0.2188804636185987,True
pelvis_anterior_tilt_fp,Pelvis Anterior Tilt At Fp (anterior tilt +),FP,torso_lateral_tilt_br,Torso Lateral Tilt At Br,BR,411,100,-0.2926081378972404,1.4769035573490645e-09,-0.2926081378972405,0.0028654553186993883,-0.36283509749996684,3.1085038531237595e-14,4.9269408377017985e-08,4.0197041455180885e-06,0.031099391211205286,True
rear_hip_transfer_pkh_fp,Rear Hip Transfer Pkh-Fp,PKH-FP,rear_grf_x_max,Rear Grf X Max,FP,403,100,0.4226621405852909,6.8062913035669825e-19,0.4226621405852909,0.00034551263293371707,0.3620856567920515,6.269823872855274e-14,0.005076674666885899,0.04113497349949328,0.00575692175719137,True
stride_angle,Stride angle (cross-body +),FP,torso_rotation_mer,Torso Rotation At Mer,MER / FP-BR aggregate,411,100,-0.26354995109678747,5.864669941865268e-08,-0.26354995109678747,0.0022784294901227868,-0.35834319038779294,6.737263461912547e-14,1.7437362374717812e-06,6.336332120312434e-05,0.02602046913273537,True
shoulder_external_rotation_fp,Shoulder External Rotation At Fp (external rotation +),FP,max_pelvis_rotational_velo,Peak pelvis rotation velocity,FP-MER,411,100,-0.09362288514754194,0.0579050772933303,-0.09362288514754194,0.3412142787269187,0.3570737230311935,8.364998116092973e-14,1.473654103170097e-06,5.811109346834082e-05,0.6366821636182094,True
lead_knee_extension_angular_velo_fp,Lead Knee Extension Angular Velocity At Fp,FP,lead_knee_transfer_fp_br,Lead Knee Transfer Fp-Br,MER / FP-BR aggregate,403,100,0.08635890594478346,0.0833636985355076,0.08635890594478342,0.5024500956206548,0.3564625628825242,1.6135655129498046e-13,6.494166770352572e-06,0.00019206498223317732,0.7588605364191395,True
elbow_flexion_fp,Elbow Flexion At Fp (flexion +),FP,max_elbow_flexion,Peak elbow flexion (+),FP-MER,411,100,0.7736605383301822,4.4570920957053184e-83,0.7736605383301819,5.4703160391285915e-46,0.353024277099278,1.657539199725414e-13,1.3360292770135917e-06,5.357703846464674e-05,2.1571279580963746e-43,True
shoulder_external_rotation_fp,Shoulder External Rotation At Fp (external rotation +),FP,max_torso_rotational_velo,Peak torso rotation velocity,FP-MER,411,100,-0.056626215147969255,0.2520377865015658,-0.05662621514796925,0.5797431993849572,0.34851986297225374,3.5064698922472227e-13,7.06669321960487e-06,0.0002064172365133966,0.8026169746897653,True
lead_knee_extension_angular_velo_fp,Lead Knee Extension Angular Velocity At Fp,FP,max_pelvis_rotational_velo,Peak pelvis rotation velocity,FP-MER,411,100,0.0067318190343772,0.8917730858265656,0.006731819034377174,0.9481954880739155,0.3483538338015426,3.6038373286858996e-13,5.8948319730506173e-08,4.64905748274592e-06,0.9779557649445877,True
torso_anterior_tilt_fp,Torso Anterior Tilt At Fp (flexion +),FP,torso_lateral_tilt_br,Torso Lateral Tilt At Br,BR,411,100,-0.5137272722836067,4.665143368366661e-29,-0.5137272722836065,9.813699603130537e-10,-0.3474607281306839,4.1747529962622964e-13,9.269704564730905e-08,6.646097272773734e-06,6.829180370884368e-08,True
pelvis_rotation_fp,Pelvis Rotation At Fp,FP,pelvis_lumbar_transfer_fp_br,Pelvis Lumbar Transfer Fp-Br,MER / FP-BR aggregate,403,100,-0.2997555591566789,8.219601440251811e-10,-0.2997555591566788,3.368690853103334e-05,-0.34614504068025015,8.713544981894831e-13,3.906719253598724e-12,1.027033083779398e-09,0.0007891408473705434,True
torso_anterior_tilt_fp,Torso Anterior Tilt At Fp (flexion +),FP,thorax_distal_transfer_fp_br,Thorax Distal Transfer Fp-Br,MER / FP-BR aggregate,411,100,0.018725742922632464,0.7050543705208404,0.018725742922632488,0.8650315351406455,0.34562517799639675,5.639672414068155e-13,0.0005794797622293209,0.007371231814164373,0.9394641425690835,True
pelvis_anterior_tilt_fp,Pelvis Anterior Tilt At Fp (anterior tilt +),FP,thorax_distal_transfer_fp_br,Thorax Distal Transfer Fp-Br,MER / FP-BR aggregate,411,100,0.19768106575353356,5.453281295933026e-05,0.19768106575353356,0.060690632070620004,-0.34447435224655315,6.803222157132268e-13,3.4678134938210525e-06,0.00011556122149831845,0.24337631213048713,True
pelvis_anterior_tilt_fp,Pelvis Anterior Tilt At Fp (anterior tilt +),FP,shoulder_transfer_fp_br,Shoulder Transfer Fp-Br,MER / FP-BR aggregate,411,100,0.20324536191187037,3.306217674569757e-05,0.20324536191187034,0.05791489537267612,-0.3420083355993984,1.0142513766188129e-12,8.301660071910334e-06,0.0002366473220498777,0.23913899206239392,True
torso_rotation_fp,Torso Rotation At Fp,FP,torso_anterior_tilt_mer,Torso Anterior Tilt At Mer (flexion +),MER / FP-BR aggregate,411,100,-0.14417477393245826,0.003397357187587954,-0.1441747739324583,0.06892893423786414,-0.3379449936023352,1.94350826498586e-12,2.888264321290678e-07,1.485572474820379e-05,0.26177505362245035,True
glove_shoulder_abduction_fp,Glove Shoulder Abduction At Fp,FP,glove_shoulder_abduction_mer,Glove Shoulder Abduction At Mer,MER / FP-BR aggregate,411,100,0.3901395052008158,2.157600731444981e-16,0.39013950520081586,1.1697091372644185e-06,0.3371772536879636,2.195275116520358e-12,7.987471476655265e-07,3.4996958358826584e-05,4.2577412596424836e-05,True
torso_rotation_fp,Torso Rotation At Fp,FP,pelvis_lumbar_transfer_fp_br,Pelvis Lumbar Transfer Fp-Br,MER / FP-BR aggregate,403,100,-0.3040332301134509,4.587136660597014e-10,-0.3040332301134509,2.517316022222101e-05,-0.3332105474891927,6.623321288227886e-12,1.628000686102847e-10,2.407406014574585e-08,0.0006204135113101553,True
lead_knee_transfer_fp_br,Lead Knee Transfer Fp-Br,MER / FP-BR aggregate,lead_knee_extension_angular_velo_br,Lead Knee Extension Angular Velocity At Br,BR,403,100,0.4086040195339177,1.1949939480030857e-17,0.4086040195339174,2.6260695923657683e-05,0.3327589458046988,7.0973296113462294e-12,9.649606671883183e-07,4.151085342850111e-05,0.0006405443974780833,True
stride_length,Stride length,FP,lead_grf_angle_at_max,Lead Grf Angle At Max,MER / FP-BR aggregate,403,100,-0.5568952854285293,3.345770984159014e-34,-0.5568952854285293,3.535266612247469e-12,-0.3311112686658507,9.124387901258484e-12,1.444954316330268e-08,1.4244841301822558e-06,4.402337265567111e-10,True
torso_rotation_fp,Torso Rotation At Fp,FP,lead_grf_mag_max,Lead Grf Mag Max,MER / FP-BR aggregate,403,100,0.16309620703322497,0.0010162382116342674,0.16309620703322505,0.03446903180927869,0.3270937978514652,1.6730549273519787e-11,5.481298998821472e-06,0.00016416143583812158,0.17884589750165217,True
glove_shoulder_horizontal_abduction_fp,Glove Shoulder Horizontal Abduction At Fp,FP,max_pelvis_rotational_velo,Peak pelvis rotation velocity,FP-MER,411,100,0.4315845584724133,4.4667772001664004e-20,0.4315845584724132,1.5559673657239772e-07,0.3215707714270329,2.4293163270084565e-11,5.398527237049038e-10,6.722587075188433e-08,7.36283757460586e-06,True
max_torso_rotational_velo,Peak torso rotation velocity,FP-MER,lead_knee_extension_from_fp_to_br,Lead Knee Extension From At Fp To At Br,MER / FP-BR aggregate,411,100,0.30537383257782647,2.5535608722102e-10,0.3053738325778263,0.00011966341741789628,0.3204505060523522,2.8717780199159287e-11,1.76455930354518e-05,0.00045878541892174676,0.002399352928904598,True
glove_shoulder_abduction_fp,Glove Shoulder Abduction At Fp,FP,shoulder_transfer_fp_br,Shoulder Transfer Fp-Br,MER / FP-BR aggregate,411,100,0.18116030668155494,0.00022241357185040912,0.18116030668155514,0.07268069662265024,0.3200048407279446,3.0688498090322564e-11,0.0001874777939422154,0.0029372056255905178,0.26953374327459323,True
torso_anterior_tilt_fp,Torso Anterior Tilt At Fp (flexion +),FP,pelvis_lumbar_transfer_fp_br,Pelvis Lumbar Transfer Fp-Br,MER / FP-BR aggregate,403,100,0.2671163751168027,5.1829936705153513e-08,0.26711637511680286,0.0002841110754708796,0.3192578487473032,5.321698732136003e-11,9.191309949453545e-12,1.9769672127642807e-09,0.004935062602785581,True
lead_knee_extension_from_fp_to_br,Lead Knee Extension From At Fp To At Br,MER / FP-BR aggregate,lead_knee_extension_angular_velo_br,Lead Knee Extension Angular Velocity At Br,BR,411,100,0.7320769444364011,3.510729576221161e-70,0.7320769444364008,1.154088681864275e-23,0.31704119169148487,4.7582999686895315e-11,0.0016844727714559456,0.01763479016488835,2.730573821290875e-21,True
lead_hip_transfer_fp_br,Lead Hip Transfer Fp-Br,MER / FP-BR aggregate,lead_knee_extension_angular_velo_br,Lead Knee Extension Angular Velocity At Br,BR,403,100,0.5678326184567419,8.901285571496489e-36,0.567832618456742,5.2183436111000853e-11,0.3164603942763047,7.979259141309315e-11,1.7675313606957762e-06,6.336332120312434e-05,5.1444170766095005e-09,True
max_cog_velo_x,Peak COG forward velocity,FP,lead_knee_extension_from_fp_to_br,Lead Knee Extension From At Fp To At Br,MER / FP-BR aggregate,411,100,-0.1692702594225664,0.0005687680960663104,-0.16927025942256635,0.13665277103031095,-0.3150970671138101,6.328006794127177e-11,7.230459409168407e-08,5.518473213578211e-06,0.3849053050687092,True
pelvis_rotation_fp,Pelvis Rotation At Fp,FP,torso_anterior_tilt_mer,Torso Anterior Tilt At Mer (flexion +),MER / FP-BR aggregate,411,100,0.08811921249675028,0.07434496645760218,0.08811921249675032,0.3055951199574637,-0.3132382196821649,8.294950634424196e-11,1.6078104902331816e-06,6.236196098183127e-05,0.5995941046912652,True
torso_anterior_tilt_fp,Torso Anterior Tilt At Fp (flexion +),FP,lead_knee_generation_fp_br,Lead Knee Generation Fp-Br,MER / FP-BR aggregate,403,100,0.10484417697585242,0.03537877027723845,0.10484417697585242,0.3422659389289212,0.3094810416550825,2.1524093477808158e-10,1.0524058154381516e-05,0.0002829536544689394,0.6368083747254674,True
torso_rotation_fp,Torso Rotation At Fp,FP,lead_grf_z_max,Lead Grf Z Max,MER / FP-BR aggregate,403,100,0.1537111619315725,0.001971080559183336,0.15371116193157242,0.028809975464170835,0.30924772137044,2.224016456713801e-10,1.929405045197762e-05,0.0004961926453193375,0.15865561333426276,True
glove_shoulder_abduction_fp,Glove Shoulder Abduction At Fp,FP,thorax_distal_transfer_fp_br,Thorax Distal Transfer Fp-Br,MER / FP-BR aggregate,411,100,0.20883808950373983,1.971802281460165e-05,0.2088380895037399,0.0415072165603052,0.3072911432093768,1.94726385873479e-10,0.00017110379665916502,0.0026988772193038964,0.1971832348522925,True
torso_rotation_fp,Torso Rotation At Fp,FP,lead_grf_x_max,Lead Grf X Max,MER / FP-BR aggregate,403,100,0.11181586243655371,0.024783605432440008,0.11181586243655374,0.1837600266525803,0.30727041735391186,2.9314899040418455e-10,1.7047190039358096e-06,6.336332120312434e-05,0.4562184921930797,True
lead_knee_extension_angular_velo_fp,Lead Knee Extension Angular Velocity At Fp,FP,lead_grf_y_max,Lead Grf Y Max,FP-MER,403,100,0.07736775916863113,0.1209861620835896,0.07736775916863112,0.29352095171348613,0.307166599166506,2.9741418775228543e-10,4.451124288490889e-06,0.00014047408619007173,0.5875385547835095,True
max_cog_velo_x,Peak COG forward velocity,FP,torso_anterior_tilt_br,Torso Anterior Tilt At Br (flexion +),BR,411,100,0.13106226398098578,0.00780396738654284,0.13106226398098575,0.26621948684245955,0.30619558856868484,2.2740275054554625e-10,2.4731901344054865e-05,0.0006159545113687769,0.5544676988285733,True
stride_length,Stride length,FP,lead_grf_mag_max,Lead Grf Mag Max,MER / FP-BR aggregate,403,100,0.1616626535470908,0.0011270679571722662,0.16166265354709083,0.07782195842600681,0.3037216332067917,4.787768681313161e-10,0.00038057337961141814,0.005235096605584973,0.2789799297514123,True
rear_hip_generation_pkh_fp,Rear Hip Generation Pkh-Fp,PKH-FP,pelvis_lumbar_transfer_fp_br,Pelvis Lumbar Transfer Fp-Br,MER / FP-BR aggregate,403,100,-0.11151701697709468,0.025174022130479277,-0.11151701697709462,0.1517586618770988,-0.30306887888646983,5.23610681236922e-10,0.0004624843919061098,0.0061821359957618975,0.4089532961289473,True
pelvis_lateral_tilt_fp,Pelvis Lateral Tilt At Fp,FP,torso_lateral_tilt_mer,Torso Lateral Tilt At Mer,MER / FP-BR aggregate,411,100,0.4078326822918027,6.664406558097402e-18,0.40783268229180264,1.2910026941066644e-06,0.30291397593368535,3.605207371954085e-10,0.00035579671298139595,0.005029499073253461,4.6280490519035875e-05,True
lead_knee_extension_angular_velo_fp,Lead Knee Extension Angular Velocity At Fp,FP,max_torso_rotational_velo,Peak torso rotation velocity,FP-MER,411,100,-0.023187781001062505,0.6392695576647908,-0.023187781001062505,0.8057552306959436,0.3026974186434145,3.715777325731322e-10,1.1917873743084677e-06,4.861670564851439e-05,0.9168908216181223,True
shoulder_external_rotation_fp,Shoulder External Rotation At Fp (external rotation +),FP,lead_knee_generation_fp_br,Lead Knee Generation Fp-Br,MER / FP-BR aggregate,403,100,-0.27321379692732956,2.4882013639528538e-08,-0.2732137969273295,0.004182365181185923,-0.3024876243068235,5.669495104924398e-10,9.461702522758659e-05,0.0018200315584428442,0.04183843962868496,True
shoulder_external_rotation_fp,Shoulder External Rotation At Fp (external rotation +),FP,lead_grf_mag_max,Lead Grf Mag Max,MER / FP-BR aggregate,403,100,0.039131071298501935,0.4333859097048099,0.03913107129850189,0.5169158057915938,0.3022799463217124,5.832641289159401e-10,5.015219232854175e-05,0.0010855200659293965,0.762958700251348,True
pelvis_lateral_tilt_fp,Pelvis Lateral Tilt At Fp,FP,torso_lateral_tilt_br,Torso Lateral Tilt At Br,BR,411,100,0.3488012525599536,3.3472956348165334e-13,0.3488012525599537,1.6891952080872208e-05,0.30194137297154827,4.128263690020133e-10,0.00016617319502214178,0.002674597138927806,0.0004440706513704849,True
rear_grf_x_max,Rear Grf X Max,FP,lead_knee_extension_from_fp_to_br,Lead Knee Extension From At Fp To At Br,MER / FP-BR aggregate,403,100,0.041022848628018284,0.4114664658423565,0.04102284862801826,0.700573495619963,-0.30149067129374624,6.495335027556854e-10,3.9075178941655826e-08,3.3018526205699174e-06,0.8601748264851232,True
max_shoulder_external_rotation,Maximum shoulder ER (+),MER / FP-BR aggregate,torso_anterior_tilt_br,Torso Anterior Tilt At Br (flexion +),BR,411,100,0.4691627617763372,6.93780252650262e-24,0.46916276177633753,7.25955502896478e-11,0.3012852581109905,4.522052533413571e-10,1.7577734864993192e-07,1.0944452813308919e-05,6.705563375311655e-09,True
rear_grf_mag_max,Rear Grf Mag Max,PKH-FP,max_cog_velo_x,Peak COG forward velocity,FP,403,100,0.15658675023696653,0.001615102067381668,0.15658675023696653,0.11024829335510672,0.30035488787099274,7.57895507495957e-10,0.0003644264491269389,0.005101970287777145,0.33947561077773436,True
pelvis_rotation_fp,Pelvis Rotation At Fp,FP,lead_grf_mag_max,Lead Grf Mag Max,MER / FP-BR aggregate,403,100,0.1904351112985635,0.00011989569598453464,0.19043511129856333,0.026582544738338907,0.2994177738224332,8.603544975173691e-10,3.497960196351971e-05,0.0008149609639638304,0.15237962543007064,True
torso_anterior_tilt_fp,Torso Anterior Tilt At Fp (flexion +),FP,torso_anterior_tilt_mer,Torso Anterior Tilt At Mer (flexion +),MER / FP-BR aggregate,411,100,-0.14783110800035368,0.0026610868798738942,-0.14783110800035368,0.16002914408030122,0.29830250441504114,6.822890708239077e-10,3.6191993849211203e-06,0.00011893091312115791,0.420698838771103,True
pelvis_anterior_tilt_fp,Pelvis Anterior Tilt At Fp (anterior tilt +),FP,torso_anterior_tilt_br,Torso Anterior Tilt At Br (flexion +),BR,411,100,-0.10369886977732384,0.03559121373682938,-0.10369886977732386,0.30587915653523123,-0.2967212914091794,8.469123172383612e-10,1.8076797554552239e-06,6.38353776329412e-05,0.5995941046912652,True
thorax_distal_transfer_fp_br,Thorax Distal Transfer Fp-Br,MER / FP-BR aggregate,torso_anterior_tilt_br,Torso Anterior Tilt At Br (flexion +),BR,411,100,0.17077630237998823,0.0005066728994372684,0.17077630237998825,0.08293872937620385,0.29590240693486,9.467338754930823e-10,9.926608481880848e-07,4.193992083594658e-05,0.29261453956072264,True
shoulder_external_rotation_fp,Shoulder External Rotation At Fp (external rotation +),FP,lead_knee_extension_from_fp_to_br,Lead Knee Extension From At Fp To At Br,MER / FP-BR aggregate,411,100,-0.09328125860793612,0.058829480000132384,-0.09328125860793622,0.28289961148586973,0.2945535131347087,1.1365898847356413e-09,2.1285756344721192e-07,1.2590524877902585e-05,0.5747944814301473,True
max_elbow_flexion,Peak elbow flexion (+),FP-MER,torso_anterior_tilt_br,Torso Anterior Tilt At Br (flexion +),BR,411,100,0.21986542739042653,6.828827104555934e-06,0.21986542739042667,0.04483220275109368,0.2945085543732908,1.1435160609460246e-09,1.643562210281559e-06,6.272045466977691e-05,0.2083948756563608,True
max_torso_rotational_velo,Peak torso rotation velocity,FP-MER,shoulder_absorption_fp_br,Shoulder Absorption Fp-Br,MER / FP-BR aggregate,411,100,0.36639232396362054,1.6701262924466613e-14,0.3663923239636203,2.727877891745216e-05,0.2941006338202424,1.2082611514787686e-09,0.0029889461199924493,0.027410257829078043,0.0006585876624356307,True
max_elbow_flexion,Peak elbow flexion (+),FP-MER,torso_anterior_tilt_mer,Torso Anterior Tilt At Mer (flexion +),MER / FP-BR aggregate,411,100,0.22031351672279245,6.533195080410364e-06,0.2203135167227925,0.0795916724824471,0.2940945441124114,1.2092541813503324e-09,6.641843167229231e-07,3.0220386410893e-05,0.28446208020161606,True
lead_grf_y_max,Lead Grf Y Max,FP-MER,lead_grf_mag_max,Lead Grf Mag Max,MER / FP-BR aggregate,403,100,0.2769981723189494,1.5634975796452758e-08,0.27699817231894963,5.00877597817639e-07,0.29371936785061176,1.8420399918653193e-09,8.48342519953567e-08,6.272432506906686e-06,2.0086040617568367e-05,True
max_pelvis_rotational_velo,Peak pelvis rotation velocity,FP-MER,lead_grf_mag_max,Lead Grf Mag Max,MER / FP-BR aggregate,403,100,-0.0978031018536581,0.04976354110108289,-0.09780310185365806,0.238569446878237,0.29301780553432527,2.0207057502571953e-09,3.408257873212695e-06,0.0001151991161145891,0.5221603249897399,True
lead_knee_generation_fp_br,Lead Knee Generation Fp-Br,MER / FP-BR aggregate,torso_anterior_tilt_br,Torso Anterior Tilt At Br (flexion +),BR,403,100,0.25651338323917794,1.778749843311283e-07,0.25651338323917783,0.0043150179988326294,0.292902804619367,2.0515539500604723e-09,2.2711113674644764e-05,0.0005716435633426544,0.042538885771825005,True
lead_knee_extension_angular_velo_fp,Lead Knee Extension Angular Velocity At Fp,FP,torso_anterior_tilt_mer,Torso Anterior Tilt At Mer (flexion +),MER / FP-BR aggregate,411,100,0.03854580789907162,0.43577118520714164,0.03854580789907159,0.6863797658250355,-0.2922947032335408,1.5402770283423414e-09,4.56865978744575e-06,0.00014222959285653482,0.8533698777298069,True
max_cog_velo_x,Peak COG forward velocity,FP,lead_grf_angle_at_max,Lead Grf Angle At Max,MER / FP-BR aggregate,403,100,-0.500047599407531,6.952930055258623e-27,-0.5000475994075313,3.347907772474593e-09,-0.2921344888987702,2.2696946954377053e-09,0.0017731697468754619,0.018400524653979573,2.1408512945067266e-07,True
glove_shoulder_abduction_fp,Glove Shoulder Abduction At Fp,FP,lead_knee_extension_from_fp_to_br,Lead Knee Extension From At Fp To At Br,MER / FP-BR aggregate,411,100,0.052197623314502534,0.291102390862343,0.05219762331450256,0.5857926421626483,-0.2921320504892161,1.5741965806990736e-09,2.1010969387501843e-06,7.310581407474906e-05,0.80440243259247,True
rotation_hip_shoulder_separation_fp,Rotation Hip Shoulder Separation At Fp (separation +),FP,max_pelvis_rotational_velo,Peak pelvis rotation velocity,FP-MER,411,100,-0.094390593974177,0.055871575804101924,-0.09439059397417701,0.26689824336709345,-0.2915115710289808,1.710377866582507e-09,5.6358022560659393e-05,0.0011905632265939298,0.5549044321674369,True
shoulder_external_rotation_fp,Shoulder External Rotation At Fp (external rotation +),FP,lead_grf_x_max,Lead Grf X Max,MER / FP-BR aggregate,403,100,0.024967159397921757,0.6172628933343558,0.024967159397921754,0.7547211187880228,0.28623143474083973,4.8841453394113736e-09,1.0250704755913369e-05,0.00027877203968380496,0.8942845025534429,True
glove_shoulder_abduction_fp,Glove Shoulder Abduction At Fp,FP,max_torso_rotational_velo,Peak torso rotation velocity,FP-MER,411,100,-0.10211733401048674,0.03851366025071254,-0.10211733401048678,0.230975643395829,-0.28591326645246207,3.583312703226726e-09,0.00019019143429068282,0.002941130284521278,0.5112145671417505,True
max_pelvis_rotational_velo,Peak pelvis rotation velocity,FP-MER,lead_grf_z_max,Lead Grf Z Max,MER / FP-BR aggregate,403,100,-0.09836629639698745,0.048456393298434444,-0.09836629639698738,0.285503464530138,0.2839293493135561,6.554044239190045e-09,3.3510799105473466e-05,0.0008090464355464307,0.5788356444544185,True
pelvis_rotation_fp,Pelvis Rotation At Fp,FP,lead_grf_z_max,Lead Grf Z Max,MER / FP-BR aggregate,403,100,0.1707334239102441,0.0005771965095220475,0.17073342391024396,0.032213664406572126,0.28336888576852376,7.0376721563930635e-09,6.53868689399417e-05,0.0013690737337336465,0.17166110357195868,True
lead_knee_extension_angular_velo_fp,Lead Knee Extension Angular Velocity At Fp,FP,lead_knee_generation_fp_br,Lead Knee Generation Fp-Br,MER / FP-BR aggregate,403,100,-0.2737931361213279,2.318426034435333e-08,-0.273793136121328,0.012500611440719567,-0.283111069513067,7.271587967337006e-09,0.0014656944427924277,0.015762877507485836,0.09100445128843844,True
shoulder_transfer_fp_br,Shoulder Transfer Fp-Br,MER / FP-BR aggregate,torso_anterior_tilt_br,Torso Anterior Tilt At Br (flexion +),BR,411,100,0.12153653732371293,0.013679596714903614,0.12153653732371279,0.2491253057530184,0.2814245366771469,6.4085169657045545e-09,4.452897913886467e-06,0.00014047408619007173,0.5348733878508544,True
rear_hip_generation_pkh_fp,Rear Hip Generation Pkh-Fp,PKH-FP,pelvis_lateral_tilt_fp,Pelvis Lateral Tilt At Fp,FP,403,100,0.04893036165104979,0.32718186845919783,0.048930361651049754,0.6057495561306515,0.2813722255310123,9.057852678500608e-09,6.902717213305933e-05,0.0014257028386815294,0.8166684051784769,True
shoulder_external_rotation_fp,Shoulder External Rotation At Fp (external rotation +),FP,pelvis_lumbar_transfer_fp_br,Pelvis Lumbar Transfer Fp-Br,MER / FP-BR aggregate,403,100,-0.12746232250544565,0.010428269260377076,-0.12746232250544556,0.07629859514713311,-0.2801234902552464,1.0595662946736389e-08,9.569890303484343e-09,9.844504546975633e-07,0.27728997476033296,True
elbow_pronation_fp,Elbow Pronation At Fp (pronation +),FP,max_torso_rotational_velo,Peak torso rotation velocity,FP-MER,411,100,-0.12791618660542775,0.009430597811776183,-0.12791618660542772,0.14461290177202,-0.27887002897064644,8.880630792756343e-09,1.017469887224055e-05,0.00027877203968380496,0.39831679347217613,True
stride_length,Stride length,FP,lead_knee_generation_fp_br,Lead Knee Generation Fp-Br,MER / FP-BR aggregate,403,100,0.014495788206801748,0.7717303551387451,0.014495788206801766,0.8730593822198507,-0.2778048070066643,1.4147788983291326e-08,2.5974819305995367e-06,8.90672789536015e-05,0.9437511119736268,True
max_cog_velo_x,Peak COG forward velocity,FP,lead_grf_x_max,Lead Grf X Max,MER / FP-BR aggregate,403,100,0.48395595692781773,4.736375990067359e-25,0.483955956927818,6.022490614505787e-09,0.2754384544161708,1.8951155887361498e-08,5.413545924825313e-06,0.00016416143583812158,3.475417754614803e-07,True
max_elbow_flexion,Peak elbow flexion (+),FP-MER,elbow_flexion_mer,Elbow Flexion At Mer,MER / FP-BR aggregate,411,100,0.5482628046331728,1.2641334327306936e-33,0.5482628046331728,1.9591669314612424e-07,0.2749486526734843,1.4559560996258113e-08,4.194804081570115e-05,0.000945229186380466,8.914209538148652e-06,True
max_shoulder_horizontal_abduction,Peak shoulder horizontal abduction (+),FP,max_torso_rotational_velo,Peak torso rotation velocity,FP-MER,411,100,0.13440647237724693,0.006353933899969369,0.13440647237724687,0.12278355166147865,-0.2747775975005622,1.4874323066112986e-08,7.45568151329673e-05,0.0014700118717050055,0.3644992261368362,True
shoulder_external_rotation_fp,Shoulder External Rotation At Fp (external rotation +),FP,lead_grf_z_max,Lead Grf Z Max,MER / FP-BR aggregate,403,100,0.04614821606870915,0.3554687540352819,0.046148216068709114,0.4117854420430297,0.27469626233904865,2.075889005268022e-08,0.00018869621939550241,0.0029372056255905178,0.6890271257947724,True
shoulder_horizontal_abduction_fp,Shoulder Horizontal Abduction At Fp (horizontal abduction +),FP,shoulder_transfer_fp_br,Shoulder Transfer Fp-Br,MER / FP-BR aggregate,411,100,0.32322465254609073,1.8951904745831994e-11,0.32322465254609034,0.0002787264340884673,0.27457158418522093,1.5262160061701886e-08,0.002365514391366971,0.02256777036279941,0.004921393604875475,True
torso_anterior_tilt_fp,Torso Anterior Tilt At Fp (flexion +),FP,lead_grf_x_max,Lead Grf X Max,MER / FP-BR aggregate,403,100,0.0014454132251041079,0.9769233278320006,0.0014454132251040877,0.9892029086131446,-0.27408101299820853,2.2382850015070865e-08,7.100945318899733e-05,0.0014257028386815294,0.9960066812573448,True
pelvis_rotation_fp,Pelvis Rotation At Fp,FP,lead_grf_x_max,Lead Grf X Max,MER / FP-BR aggregate,403,100,0.16225071029169885,0.0010803226019592154,0.16225071029169874,0.09586452492280932,0.2732282392760829,2.483826566118408e-08,3.5996250458019686e-05,0.000826865326055093,0.31699122999428025,True
rear_hip_transfer_pkh_fp,Rear Hip Transfer Pkh-Fp,PKH-FP,max_cog_velo_x,Peak COG forward velocity,FP,403,100,0.3999719175749756,6.499906871264714e-17,0.39997191757497563,3.588041532291471e-05,0.2713685114668795,3.1129173092039605e-08,0.002126506416651844,0.021139975553774212,0.0008242044917865651,True
torso_rotation_fp,Torso Rotation At Fp,FP,max_pelvis_rotational_velo,Peak pelvis rotation velocity,FP-MER,411,100,-0.12387719878129425,0.01195674409182296,-0.12387719878129427,0.08298578023890317,0.27055484143512004,2.5102972135520405e-08,0.0008618828025799989,0.010145346820419291,0.29261453956072264,True
shoulder_external_rotation_fp,Shoulder External Rotation At Fp (external rotation +),FP,torso_anterior_tilt_mer,Torso Anterior Tilt At Mer (flexion +),MER / FP-BR aggregate,411,100,-0.20794375593894374,2.1437120580688577e-05,-0.20794375593894374,0.05041195803314542,-0.2689453692101334,3.057274308771777e-08,2.9468943225448972e-05,0.0007187991718702296,0.22087906056744824,True
lead_hip_transfer_fp_br,Lead Hip Transfer Fp-Br,MER / FP-BR aggregate,lead_knee_extension_angular_velo_max,Lead Knee Extension Angular Velocity Max,MER-BR,403,100,0.49767889138277666,1.3126874574471553e-26,0.4976788913827766,5.727762613789941e-09,0.26860952351039646,4.3377810129385367e-08,0.0003468760255230076,0.004944028171008651,3.38797158605675e-07,True
glove_shoulder_abduction_fp,Glove Shoulder Abduction At Fp,FP,torso_anterior_tilt_mer,Torso Anterior Tilt At Mer (flexion +),MER / FP-BR aggregate,411,100,0.3286842009147695,8.260465040982194e-12,0.3286842009147698,0.00033057359026440535,0.26727231844491584,3.747412997117985e-08,0.00014260702470362359,0.0024100587174912384,0.005547071734507682,True
max_torso_rotational_velo,Peak torso rotation velocity,FP-MER,lead_grf_mag_max,Lead Grf Mag Max,MER / FP-BR aggregate,403,100,-0.022367676059062962,0.6543775025093166,-0.022367676059062976,0.795505224099781,0.26726683749726987,5.091096360988335e-08,0.002430371520140415,0.02309340970543061,0.9123246210174879,True
rear_hip_generation_pkh_fp,Rear Hip Generation Pkh-Fp,PKH-FP,lead_knee_extension_angular_velo_fp,Lead Knee Extension Angular Velocity At Fp,FP,403,100,0.054499857908440696,0.27505733589622056,0.05449985790844071,0.5710188638484731,0.2670053033504784,5.251857997817267e-08,2.2752471617070353e-07,1.3129840938045964e-05,0.7994264093878624,True
torso_rotation_fp,Torso Rotation At Fp,FP,torso_anterior_tilt_br,Torso Anterior Tilt At Br (flexion +),BR,411,100,-0.12966229386802794,0.00849403930319984,-0.1296622938680279,0.12453298239437988,-0.26675679774951305,3.9888511630721214e-08,5.2752638767598785e-05,0.0011244391290462948,0.3665835145671366,True
max_cog_velo_x,Peak COG forward velocity,FP,max_pelvis_rotational_velo,Peak pelvis rotation velocity,FP-MER,411,100,-0.2520532638893577,2.2405412497163245e-07,-0.2520532638893576,0.03551315660885244,-0.2663921674592555,4.16862406709894e-08,8.663286045611857e-06,0.000244015890284734,0.181643851050679,True
torso_lateral_tilt_fp,Torso Lateral Tilt At Fp,FP,lead_grf_mag_max,Lead Grf Mag Max,MER / FP-BR aggregate,403,100,0.010707500535532837,0.8303208847591305,0.010707500535532821,0.9057329209463421,0.26598125555694263,5.929803494329977e-08,0.00011560080386742861,0.002103934630387201,0.9581656161249885,True
max_rotation_hip_shoulder_separation,Peak hip-shoulder separation (+),FP,glove_shoulder_abduction_mer,Glove Shoulder Abduction At Mer,MER / FP-BR aggregate,411,100,-0.055996766537841844,0.2573564674733787,-0.05599676653784186,0.6240541024967912,0.26515538563178753,4.8385678444561435e-08,7.42864739829903e-05,0.0014700118717050055,0.8266672883369439,True
pelvis_anterior_tilt_fp,Pelvis Anterior Tilt At Fp (anterior tilt +),FP,arm_slot,Arm slot,BR,411,100,-0.23085562983626914,2.245697998411511e-06,-0.23085562983626934,0.024231594872156575,-0.26454006115108764,5.2094991324048956e-08,4.357833661567403e-05,0.0009636106956325678,0.14517296927943185,True
rear_hip_generation_pkh_fp,Rear Hip Generation Pkh-Fp,PKH-FP,shoulder_external_rotation_fp,Shoulder External Rotation At Fp (external rotation +),FP,403,100,0.15331191979593783,0.0020258153621844264,0.1533119197959379,0.047551382971744174,0.2633169358905789,8.113139194277392e-08,1.035748712082521e-06,4.2992657066442886e-05,0.21192145650910688,True
shoulder_horizontal_abduction_fp,Shoulder Horizontal Abduction At Fp (horizontal abduction +),FP,max_pelvis_rotational_velo,Peak pelvis rotation velocity,FP-MER,411,100,0.05287727095122994,0.2848572656234442,0.05287727095122993,0.4972164092796738,-0.26221262311691496,6.877014069576946e-08,0.003128878880306668,0.028363706631438994,0.7545952689901914,True
torso_lateral_tilt_fp,Torso Lateral Tilt At Fp,FP,torso_rotation_mer,Torso Rotation At Mer,MER / FP-BR aggregate,411,100,0.5154713602009977,2.8221175665688166e-29,0.5154713602009975,2.4303207335044682e-09,0.2618729569694938,7.159850483721547e-08,0.0011401528736924007,0.012708668011874555,1.6428968158490204e-07,True
torso_anterior_tilt_fp,Torso Anterior Tilt At Fp (flexion +),FP,lead_grf_mag_max,Lead Grf Mag Max,MER / FP-BR aggregate,403,100,-0.034081974298217375,0.49507210951774977,-0.034081974298217396,0.7014166783558011,-0.2616267389664417,9.880675901541284e-08,0.00022570076706244485,0.003379797562466737,0.8607634133764654,True
torso_lateral_tilt_fp,Torso Lateral Tilt At Fp,FP,lead_grf_x_max,Lead Grf X Max,MER / FP-BR aggregate,403,100,0.055928143097457424,0.26265449035859645,0.055928143097457396,0.5851171661025454,0.2614981820386727,1.0029349593953009e-07,8.176944601831237e-05,0.0015988967709035294,0.80440243259247,True
glove_shoulder_abduction_fp,Glove Shoulder Abduction At Fp,FP,lead_grf_mag_max,Lead Grf Mag Max,MER / FP-BR aggregate,403,100,-0.030559865235334802,0.5407214963106469,-0.03055986523533482,0.7548053186011385,-0.26109320674195785,1.0511931090168112e-07,5.046796587161184e-05,0.0010855200659293965,0.8942845025534429,True
rear_knee_generation_pkh_fp,Rear Knee Generation Pkh-Fp,PKH-FP,stride_length,Stride length,FP,403,100,0.31221436794294816,1.463819215939334e-10,0.31221436794294827,0.012186743874145414,0.26036013767594507,1.1443007831910933e-07,0.0012121294891082133,0.013401394258084265,0.09010573751946266,True
lead_grf_y_max,Lead Grf Y Max,FP-MER,lead_grf_x_max,Lead Grf X Max,MER / FP-BR aggregate,403,100,0.28105558171587103,9.425973193076064e-09,0.28105558171587114,0.001340866856801513,0.26024299102845583,1.1598979185242843e-07,3.51335664937915e-05,0.0008149609639638304,0.017148599909148,True
torso_lateral_tilt_fp,Torso Lateral Tilt At Fp,FP,pelvis_lumbar_transfer_fp_br,Pelvis Lumbar Transfer Fp-Br,MER / FP-BR aggregate,403,100,-0.09639253963663608,0.05316716629246638,-0.09639253963663602,0.25058938587258794,-0.25970818754798036,1.2337441838761338e-07,1.7428718515735139e-06,6.336332120312434e-05,0.5370421077667963,True
torso_rotation_fp,Torso Rotation At Fp,FP,elbow_transfer_fp_br,Elbow Transfer Fp-Br,MER / FP-BR aggregate,411,100,-0.12581945099634065,0.01067567069979836,-0.12581945099634065,0.19206272072642006,-0.2595305200869283,9.439456973584095e-08,0.000964547256556469,0.011180753462349972,0.46799217017374856,True
glove_shoulder_abduction_mer,Glove Shoulder Abduction At Mer,MER / FP-BR aggregate,torso_lateral_tilt_br,Torso Lateral Tilt At Br,BR,411,100,0.34793136100829053,3.8636816339115943e-13,0.3479313610082906,0.002234605319571774,0.2584570109737829,1.0704615987597667e-07,0.00032724621716401263,0.004721125303719841,0.02566541837915931,True
elbow_varus_moment,Peak elbow varus moment,MER / FP-BR aggregate,torso_lateral_tilt_br,Torso Lateral Tilt At Br,BR,411,100,-0.04318411805221791,0.3825439998767272,-0.043184118052217904,0.7102722811081059,0.2569048789478904,1.2826760519797274e-07,0.0005213745433676016,0.0067778690637788205,0.8657034734548962,True
rear_knee_generation_pkh_fp,Rear Knee Generation Pkh-Fp,PKH-FP,pelvis_rotation_fp,Pelvis Rotation At Fp,FP,403,100,0.30523694142639873,3.8861090220260634e-10,0.30523694142639873,0.003735065604511948,0.2557911767711979,1.9308093046228895e-07,0.002100232582967663,0.020966878866251013,0.03809122939773823,True
max_pelvis_rotational_velo,Peak pelvis rotation velocity,FP-MER,lead_knee_transfer_fp_br,Lead Knee Transfer Fp-Br,MER / FP-BR aggregate,403,100,0.11942231356637888,0.016461076736854176,0.11942231356637888,0.22072803567117927,0.25228250094007115,2.8660203354191913e-07,0.00012908320683854347,0.0022456681424999547,0.4992758435927439,True
glove_shoulder_abduction_fp,Glove Shoulder Abduction At Fp,FP,lead_grf_z_max,Lead Grf Z Max,MER / FP-BR aggregate,403,100,-0.05628747553875134,0.2595956823173432,-0.05628747553875138,0.5674944117872858,-0.2512387722195629,3.219719346183111e-07,0.00015882087617234353,0.002591518572577688,0.798266660738634,True
max_torso_rotational_velo,Peak torso rotation velocity,FP-MER,lead_grf_z_max,Lead Grf Z Max,MER / FP-BR aggregate,403,100,-0.03276522410377288,0.5118947090754925,-0.0327652241037729,0.7290341071092896,0.25022294117214683,3.604052897319564e-07,0.0035848006950215386,0.031182494280959414,0.8765719650310735,True
glove_shoulder_horizontal_abduction_fp,Glove Shoulder Horizontal Abduction At Fp,FP,max_torso_rotational_velo,Peak torso rotation velocity,FP-MER,411,100,0.284988324163126,4.0427397335704865e-09,0.2849883241631261,0.006006316270633146,0.24906930210153128,3.1396673872929375e-07,0.00010350950687537837,0.0019436785179932161,0.05508117944309312,True
torso_anterior_tilt_fp,Torso Anterior Tilt At Fp (flexion +),FP,max_torso_rotational_velo,Peak torso rotation velocity,FP-MER,411,100,-0.014488037437813933,0.7696454052138443,-0.014488037437813957,0.8785239851853399,-0.24471793048850393,5.096059773039402e-07,0.00042723518979454785,0.005743400335533524,0.9451295295102711,True
pelvis_rotation_fp,Pelvis Rotation At Fp,FP,torso_anterior_tilt_br,Torso Anterior Tilt At Br (flexion +),BR,411,100,0.07953750779326617,0.10737267696556288,0.07953750779326624,0.4038496537987959,-0.24452736109508488,5.204236578667597e-07,0.0001263276369559475,0.002230531261475909,0.6839715682805663,True
rear_knee_generation_pkh_fp,Rear Knee Generation Pkh-Fp,PKH-FP,torso_lateral_tilt_fp,Torso Lateral Tilt At Fp,FP,403,100,0.22607495223808236,4.56589009265894e-06,0.22607495223808224,0.006076452660060206,0.244033950784347,7.089353869196889e-07,0.0014976317734088787,0.016033469574142114,0.05550921619190134,True
torso_lateral_tilt_fp,Torso Lateral Tilt At Fp,FP,lead_grf_z_max,Lead Grf Z Max,MER / FP-BR aggregate,403,100,-0.013948176420526917,0.7801285498443837,-0.013948176420526934,0.8720571810775114,0.24242576523281964,8.427118009578865e-07,0.0007619072882230174,0.009244475097105945,0.9434326888108787,True
elbow_flexion_mer,Elbow Flexion At Mer,MER / FP-BR aggregate,max_elbow_extension_velo,Peak elbow extension velocity,MER-BR,411,100,0.31659576592705335,5.080410629482453e-11,0.31659576592705335,0.0002090768410200792,0.24239775879811107,6.573394838204632e-07,0.00014137407775197095,0.0024064105608716784,0.0038051985065654416,True
lead_grf_y_max,Lead Grf Y Max,FP-MER,lead_grf_z_max,Lead Grf Z Max,MER / FP-BR aggregate,403,100,0.21169359218122702,1.8259030619562616e-05,0.21169359218122705,0.004225403202904448,0.24236014451240062,8.486551152939323e-07,8.901541472134308e-05,0.0017263153379565388,0.0419989999392621,True
rear_knee_generation_pkh_fp,Rear Knee Generation Pkh-Fp,PKH-FP,max_cog_velo_x,Peak COG forward velocity,FP,403,100,0.47907671371479155,1.6308832359008282e-24,0.4790767137147913,6.663363880211122e-07,0.24125655936202026,9.548407950716236e-07,1.150342107505844e-05,0.0003024121584843141,2.584511301734347e-05,True
rear_knee_generation_pkh_fp,Rear Knee Generation Pkh-Fp,PKH-FP,torso_rotation_fp,Torso Rotation At Fp,FP,403,100,0.2247766637919111,5.1942469294373075e-06,0.22477666379191102,0.0033053445434477894,0.239899503519952,1.1029438886658285e-06,0.0023268433278099956,0.022379314282920525,0.03506926094079583,True
max_torso_rotational_velo,Peak torso rotation velocity,FP-MER,torso_rotation_mer,Torso Rotation At Mer,MER / FP-BR aggregate,411,100,0.3132307689181507,8.303923182435251e-11,0.31323076891815044,0.0002293222227473758,0.23883942041301462,9.664671638332005e-07,0.0057930004797226145,0.04614895331657814,0.004110427113790085,True
elbow_transfer_fp_br,Elbow Transfer Fp-Br,MER / FP-BR aggregate,pitch_speed_mph,Pitch velocity,Outcome,411,100,0.6909451238371457,1.3182143247058792e-59,0.6909451238371456,4.2133858836659396e-23,0.2377360424834379,1.0878425839403232e-06,0.00011962419818260335,0.002143445555201214,9.062610000685103e-21,True
torso_rotation_fp,Torso Rotation At Fp,FP,lead_knee_absorption_fp_br,Lead Knee Absorption Fp-Br,MER / FP-BR aggregate,403,100,-0.3105446025048915,1.8534368834380057e-10,-0.3105446025048914,0.006142735152428598,-0.2376835092979119,1.3932075570980797e-06,7.864066314177444e-06,0.00022690708413833943,0.055533160018064166,True
stride_length,Stride length,FP,lead_hip_absorption_fp_br,Lead Hip Absorption Fp-Br,MER / FP-BR aggregate,403,100,0.19405908683280323,8.820258438336251e-05,0.19405908683280323,0.04586762065448113,0.23752533611949034,1.4165121633489677e-06,0.0001555688935130141,0.0025560833475818845,0.21031548540407433,True
rear_hip_generation_pkh_fp,Rear Hip Generation Pkh-Fp,PKH-FP,max_cog_velo_x,Peak COG forward velocity,FP,403,100,-0.0012772044576641684,0.9796082354922064,-0.0012772044576641354,0.9908855851684677,0.236407552265853,1.5921733671769687e-06,0.00011006060715915596,0.0020344015354575233,0.9960066812573448,True
shoulder_internal_rotation_moment,Peak shoulder IR moment,MER / FP-BR aggregate,torso_lateral_tilt_br,Torso Lateral Tilt At Br,BR,411,100,-0.0640710953529204,0.19487278358328386,-0.06407109535292042,0.5785323421972584,0.23630486157324335,1.2671794504773527e-06,0.0007807597421119841,0.009329684595136133,0.8026169746897653,True
torso_anterior_tilt_fp,Torso Anterior Tilt At Fp (flexion +),FP,lead_grf_z_max,Lead Grf Z Max,MER / FP-BR aggregate,403,100,-0.04692438916362023,0.34742678762842727,-0.04692438916362023,0.5620314927494594,-0.2358308418723539,1.6907792378140225e-06,0.0005112948033806156,0.006683555275130037,0.7968321228353743,True
torso_rotation_fp,Torso Rotation At Fp,FP,lead_knee_extension_from_fp_to_br,Lead Knee Extension From At Fp To At Br,MER / FP-BR aggregate,411,100,-0.1467460116075183,0.0028627783259472473,-0.1467460116075183,0.17667445009135574,0.23542563125570692,1.391054787070224e-06,0.0011245420690925354,0.012609794006980753,0.445641523364763,True
torso_lateral_tilt_fp,Torso Lateral Tilt At Fp,FP,lead_knee_generation_fp_br,Lead Knee Generation Fp-Br,MER / FP-BR aggregate,403,100,0.05739656976973544,0.250309901417406,0.05739656976973542,0.47422154681705075,-0.2353468999780901,1.7780104766533157e-06,0.0007332838330173869,0.009036195567287174,0.7386492296044385,True
max_cog_velo_x,Peak COG forward velocity,FP,torso_anterior_tilt_mer,Torso Anterior Tilt At Mer (flexion +),MER / FP-BR aggregate,411,100,0.1707328909963681,0.0005083709484893139,0.1707328909963681,0.1390840636969463,0.2330406407437828,1.7882487340349084e-06,0.0003702633293939612,0.0051230586979304805,0.38989679467651056,True
pelvis_rotation_fp,Pelvis Rotation At Fp,FP,elbow_transfer_fp_br,Elbow Transfer Fp-Br,MER / FP-BR aggregate,411,100,0.016381590410138834,0.7405561553582772,0.01638159041013883,0.8597595040528843,-0.23275850350725555,1.841856234134363e-06,0.003048817927805429,0.02785136377292527,0.9372436889048473,True
stride_length,Stride length,FP,pelvis_lumbar_transfer_fp_br,Pelvis Lumbar Transfer Fp-Br,MER / FP-BR aggregate,403,100,-0.12612030296942006,0.011273352740918952,-0.12612030296942006,0.06605542976666723,-0.23200723609189133,2.5085879820666876e-06,5.410972809723547e-07,2.5604723335611823e-05,0.2562084374228437,True
rear_hip_generation_pkh_fp,Rear Hip Generation Pkh-Fp,PKH-FP,torso_rotation_fp,Torso Rotation At Fp,FP,403,100,0.10364605935533792,0.03754190299423608,0.10364605935533792,0.2892561741094347,0.23152654440245726,2.6348999974574006e-06,4.256611951346735e-05,0.000950107912913809,0.5829472810416717,True
rear_grf_x_max,Rear Grf X Max,FP,lead_grf_angle_at_max,Lead Grf Angle At Max,MER / FP-BR aggregate,403,100,-0.21214190984220113,1.7511256806559737e-05,-0.21214190984220108,0.03388864349255105,-0.23078979996823162,2.8403672015945357e-06,0.0003571241945505416,0.005029499073253461,0.17711091194358722,True
rear_hip_generation_pkh_fp,Rear Hip Generation Pkh-Fp,PKH-FP,torso_lateral_tilt_fp,Torso Lateral Tilt At Fp,FP,403,100,-0.03728614340468088,0.45539641706401135,-0.03728614340468082,0.6934179687356059,0.23005677381289108,3.0599441667041724e-06,4.934726586889935e-05,0.0010810706578316283,0.8574216731260345,True
shoulder_horizontal_abduction_fp,Shoulder Horizontal Abduction At Fp (horizontal abduction +),FP,shoulder_absorption_fp_br,Shoulder Absorption Fp-Br,MER / FP-BR aggregate,411,100,-0.10306492259733303,0.036739202618862876,-0.1030649225973331,0.32486674908542235,-0.2299818069979415,2.458340274655545e-06,0.0005927111855227486,0.007499222807202263,0.6203585369786122,True
rear_knee_generation_pkh_fp,Rear Knee Generation Pkh-Fp,PKH-FP,torso_anterior_tilt_fp,Torso Anterior Tilt At Fp (flexion +),FP,403,100,-0.28439294402617404,6.178485161292579e-09,-0.28439294402617415,0.0023368140839942855,-0.22973487198837758,3.1614132756668456e-06,0.0020502857503089684,0.020642451426514975,0.026328105346335617,True
glove_shoulder_horizontal_abduction_fp,Glove Shoulder Horizontal Abduction At Fp,FP,glove_shoulder_abduction_mer,Glove Shoulder Abduction At Mer,MER / FP-BR aggregate,411,100,-0.15920109833202534,0.0012022214318765203,-0.15920109833202536,0.14299315124914438,-0.22858432488992433,2.8389521212504144e-06,0.0007927462950777282,0.009425315247004547,0.39598524984053546,True
torso_lateral_tilt_fp,Torso Lateral Tilt At Fp,FP,max_torso_rotational_velo,Peak torso rotation velocity,FP-MER,411,100,0.3089945249948152,1.527987854161063e-10,0.3089945249948153,0.003129323424709485,0.22837775831543522,2.8997821872936422e-06,0.004610806136927043,0.03787905319433814,0.03350216842924272,True
rear_hip_generation_pkh_fp,Rear Hip Generation Pkh-Fp,PKH-FP,torso_anterior_tilt_fp,Torso Anterior Tilt At Fp (flexion +),FP,403,100,-0.09046514954563056,0.06965377870496227,-0.09046514954563055,0.3047600715754113,-0.2280795718411694,3.736044349067733e-06,0.0003682330372001468,0.0051230586979304805,0.5995941046912652,True
pelvis_anterior_tilt_fp,Pelvis Anterior Tilt At Fp (anterior tilt +),FP,lead_grf_mag_max,Lead Grf Mag Max,MER / FP-BR aggregate,403,100,0.2804938962146843,1.0114918215611883e-08,0.2804938962146842,0.00017175577917498357,0.2277188592395117,3.873875737250301e-06,2.554972103342119e-05,0.0006296941663028597,0.003250993388224089,True
pelvis_rotation_fp,Pelvis Rotation At Fp,FP,lead_knee_extension_angular_velo_br,Lead Knee Extension Angular Velocity At Br,BR,411,100,-0.11089723961742226,0.024555385742122956,-0.11089723961742232,0.16255013598152468,-0.22753120583407418,3.162343781036034e-06,0.0023184720823124505,0.022379314282920525,0.42449627122769024,True
rear_hip_generation_pkh_fp,Rear Hip Generation Pkh-Fp,PKH-FP,lead_grf_x_max,Lead Grf X Max,MER / FP-BR aggregate,403,100,0.0011077210922721147,0.9823137206820995,0.0011077210922721312,0.991256177146469,0.22695000442436386,4.184043733739746e-06,0.00014703590654628265,0.0024672833680035797,0.9960066812573448,True
max_torso_rotational_velo,Peak torso rotation velocity,FP-MER,elbow_transfer_fp_br,Elbow Transfer Fp-Br,MER / FP-BR aggregate,411,100,0.051486503448353316,0.2977342070734783,0.05148650344835331,0.567349163472942,0.22656933941205565,3.4882333862197183e-06,0.0005558334716473181,0.007147293445204102,0.798266660738634,True
pelvis_rotation_fp,Pelvis Rotation At Fp,FP,lead_hip_transfer_fp_br,Lead Hip Transfer Fp-Br,MER / FP-BR aggregate,403,100,-0.11925770205437285,0.01661134810805514,-0.11925770205437278,0.3467800881774412,-0.22650099544910743,4.376000680661617e-06,0.0007967734512044715,0.009425829927748899,0.6420044511954819,True
elbow_pronation_fp,Elbow Pronation At Fp (pronation +),FP,lead_grf_mag_max,Lead Grf Mag Max,MER / FP-BR aggregate,403,100,0.1615951814613931,0.0011325488972839745,0.16159518146139298,0.052751327565663864,-0.22620833522735603,4.505610890781634e-06,0.006335664261290735,0.04914813653184879,0.22644870315361232,True
glove_shoulder_abduction_fp,Glove Shoulder Abduction At Fp,FP,torso_anterior_tilt_br,Torso Anterior Tilt At Br (flexion +),BR,411,100,0.3299267896998239,6.821957711876574e-12,0.329926789699824,0.00010370721295088658,0.22581083606116126,3.7676016406161544e-06,0.001662299109676244,0.01747999863775108,0.002115269533118945,True
pelvis_rotation_fp,Pelvis Rotation At Fp,FP,lead_knee_extension_from_fp_to_br,Lead Knee Extension From At Fp To At Br,MER / FP-BR aggregate,411,100,0.006857739756277141,0.8897614336960212,0.006857739756277101,0.9492078332887541,0.22504916678459905,4.069564791531844e-06,0.0010060680571920932,0.011444024150560062,0.9781242909850536,True
rotation_hip_shoulder_separation_fp,Rotation Hip Shoulder Separation At Fp (separation +),FP,lead_grf_mag_max,Lead Grf Mag Max,MER / FP-BR aggregate,403,100,0.011630563184936611,0.8159442306179285,0.011630563184936608,0.8943438526017279,-0.22465209372757045,5.2586962747546614e-06,0.00013165807851609802,0.0022737446260517363,0.9538325681682074,True
torso_anterior_tilt_fp,Torso Anterior Tilt At Fp (flexion +),FP,max_pelvis_rotational_velo,Peak pelvis rotation velocity,FP-MER,411,100,0.20886475863109683,1.966882463861395e-05,0.20886475863109666,0.031367876821185484,-0.22428334041784928,4.396393386494362e-06,0.001801329056295863,0.01853019368346092,0.1693278709369298,True
pelvis_anterior_tilt_fp,Pelvis Anterior Tilt At Fp (anterior tilt +),FP,lead_grf_z_max,Lead Grf Z Max,MER / FP-BR aggregate,403,100,0.2047148280840051,3.461099440998588e-05,0.2047148280840052,0.005117418723998143,0.22368463045799922,5.785855016941401e-06,0.00011416170967073843,0.002093849651790443,0.04843125080391843,True
torso_anterior_tilt_fp,Torso Anterior Tilt At Fp (flexion +),FP,lead_knee_extension_from_fp_to_br,Lead Knee Extension From At Fp To At Br,MER / FP-BR aggregate,411,100,0.05371872511207644,0.27725130084067445,0.053718725112076406,0.615468406223341,-0.2234500790416139,4.780419161871031e-06,0.0006640968332769299,0.008269753197543243,0.818548762858024,True
torso_rotation_fp,Torso Rotation At Fp,FP,max_shoulder_external_rotation,Maximum shoulder ER (+),MER / FP-BR aggregate,411,100,-0.08511261913099288,0.08482114199548832,-0.08511261913099288,0.3529070554960315,-0.22303475842015208,4.983583108588998e-06,4.667853495058331e-06,0.00014343040739361055,0.6446619667164829,True
rear_knee_generation_pkh_fp,Rear Knee Generation Pkh-Fp,PKH-FP,lead_knee_generation_fp_br,Lead Knee Generation Fp-Br,MER / FP-BR aggregate,403,100,-0.004030838345679034,0.9357063871206847,-0.004030838345679009,0.9603647531270975,-0.22247171150373554,6.518150760079143e-06,2.7067325883861523e-07,1.4554839327549172e-05,0.9832206862391659,True
elbow_pronation_fp,Elbow Pronation At Fp (pronation +),FP,lead_knee_generation_fp_br,Lead Knee Generation Fp-Br,MER / FP-BR aggregate,403,100,0.022207442227007886,0.656694613588495,0.022207442227007886,0.8470582749082742,0.2215927557487725,7.103148536014129e-06,0.004219054160582879,0.03527308178070351,0.9334605861355271,True
torso_rotation_fp,Torso Rotation At Fp,FP,lead_knee_extension_angular_velo_br,Lead Knee Extension Angular Velocity At Br,BR,411,100,-0.15503093663746514,0.0016189473521377768,-0.15503093663746523,0.08317243548438968,-0.22102920896530884,6.086164836420174e-06,0.002018572941763952,0.02041001530005774,0.29283628326795536,True
rotation_hip_shoulder_separation_fp,Rotation Hip Shoulder Separation At Fp (separation +),FP,lead_grf_x_max,Lead Grf X Max,MER / FP-BR aggregate,403,100,0.05169738106185084,0.3005351533708566,0.051697381061850844,0.6008839163678528,-0.21976416619041925,8.484426805563386e-06,3.474176889458273e-05,0.0008149609639638304,0.8127623626132073,True
lead_grf_y_max,Lead Grf Y Max,FP-MER,torso_rotation_br,Torso Rotation At Br,BR,403,100,-0.36948466964830307,1.756400408590772e-14,-0.36948466964830323,4.79401677933815e-08,-0.2196052442213971,8.615861406550138e-06,0.0019609184362523713,0.01999798715591858,2.577873568162287e-06,True
glove_shoulder_abduction_fp,Glove Shoulder Abduction At Fp,FP,lead_knee_generation_fp_br,Lead Knee Generation Fp-Br,MER / FP-BR aggregate,403,100,0.15414333365168675,0.0019133581887377496,0.15414333365168678,0.11074046588045709,0.2183502605091004,9.724050129341259e-06,0.0009904240053659984,0.011320498534763055,0.33947561077773436,True
torso_rotation_mer,Torso Rotation At Mer,MER / FP-BR aggregate,torso_anterior_tilt_br,Torso Anterior Tilt At Br (flexion +),BR,411,100,0.6169822518579569,1.7878320334251294e-44,0.6169822518579569,7.719921620223401e-18,0.21696322887119182,9.075483950983782e-06,0.0005071431117567528,0.006666114457869317,1.405025734880659e-15,True
shoulder_horizontal_abduction_fp,Shoulder Horizontal Abduction At Fp (horizontal abduction +),FP,max_torso_rotational_velo,Peak torso rotation velocity,FP-MER,411,100,0.00937716076094239,0.8496777382368021,0.009377160760942367,0.9182986400565667,-0.21685082847403428,9.17529959037405e-06,0.002630421774136401,0.024599122203979147,0.9623931252667282,True
thorax_distal_transfer_fp_br,Thorax Distal Transfer Fp-Br,MER / FP-BR aggregate,torso_rotation_br,Torso Rotation At Br,BR,411,100,0.20292746837130435,3.403362466369042e-05,0.20292746837130443,0.011581347967227784,0.21641155026911757,9.575508601973532e-06,0.00021678194421605672,0.0032669177071031224,0.08745060251360261,True
max_pelvis_rotational_velo,Peak pelvis rotation velocity,FP-MER,torso_anterior_tilt_br,Torso Anterior Tilt At Br (flexion +),BR,411,100,-0.1212674787155846,0.01389100568720152,-0.12126747871558452,0.261734620456169,-0.21581715903834578,1.0143550416114153e-05,0.0005962227532037203,0.007503526777021288,0.5494801348707151,True
elbow_transfer_fp_br,Elbow Transfer Fp-Br,MER / FP-BR aggregate,torso_anterior_tilt_br,Torso Anterior Tilt At Br (flexion +),BR,411,100,0.07215073483302827,0.14424328371834308,0.0721507348330283,0.5212772037245621,0.2156235669987322,1.0335382583843214e-05,0.0014111584681238908,0.015245666372516554,0.7674809359130764,True
rotation_hip_shoulder_separation_fp,Rotation Hip Shoulder Separation At Fp (separation +),FP,lead_grf_z_max,Lead Grf Z Max,MER / FP-BR aggregate,403,100,-0.0012278416374629476,0.9803961979248871,-0.001227841637462957,0.9889683119936693,-0.21551581750599572,1.274695672572146e-05,0.0007733616111446918,0.009288190720651476,0.9960066812573448,True
elbow_flexion_fp,Elbow Flexion At Fp (flexion +),FP,max_pelvis_rotational_velo,Peak pelvis rotation velocity,FP-MER,411,100,0.13362353317498182,0.006669855635719453,0.13362353317498177,0.12189697644492399,0.21308665124671916,1.3190750895961964e-05,0.0007578341792397218,0.009242451897325678,0.36323456708903046,True
lead_grf_y_max,Lead Grf Y Max,FP-MER,lead_knee_extension_from_fp_to_br,Lead Knee Extension From At Fp To At Br,MER / FP-BR aggregate,403,100,0.08061747596195826,0.10609674710450911,0.08061747596195824,0.2810984463758678,0.21169343727747186,1.8259294153211472e-05,0.0010686033624546592,0.012039597883655826,0.5730404960784364,True
rear_hip_generation_pkh_fp,Rear Hip Generation Pkh-Fp,PKH-FP,max_pelvis_rotational_velo,Peak pelvis rotation velocity,FP-MER,403,100,0.046393425354519416,0.3529155797570502,0.046393425354519395,0.5784873040415548,0.21084848528837222,1.9751782280043628e-05,0.00023488891422842855,0.0034854074947344915,0.8026169746897653,True
pelvis_lateral_tilt_fp,Pelvis Lateral Tilt At Fp,FP,torso_anterior_tilt_br,Torso Anterior Tilt At Br (flexion +),BR,411,100,0.28402204345705806,4.583578407364085e-09,0.2840220434570582,0.005230972877031116,0.20961809534206602,1.832625589125051e-05,0.006174973439386684,0.04837744091916853,0.04925208180770117,True
rear_knee_generation_pkh_fp,Rear Knee Generation Pkh-Fp,PKH-FP,lead_grf_x_max,Lead Grf X Max,MER / FP-BR aggregate,403,100,0.3190597111221915,5.477343171812265e-11,0.31905971112219156,0.0004981939922545448,0.20870022460999277,2.408490827443992e-05,0.00012048954304385524,0.002143445555201214,0.007754782800488505,True
torso_lateral_tilt_fp,Torso Lateral Tilt At Fp,FP,lead_knee_extension_angular_velo_br,Lead Knee Extension Angular Velocity At Br,BR,411,100,-0.05803409415545567,0.24041931635523175,-0.05803409415545566,0.4695580755344785,-0.20857430842568458,2.021096572069292e-05,0.004814787351879723,0.03941794766279386,0.7362322112091293,True
rear_hip_absorption_pkh_fp,Rear Hip Absorption Pkh-Fp,PKH-FP,lead_knee_extension_from_fp_to_br,Lead Knee Extension From At Fp To At Br,MER / FP-BR aggregate,403,100,-0.03928658389071111,0.43155904095494096,-0.039286583890711116,0.6540860900947978,0.20839427102637673,2.4770854763426226e-05,4.0548987200168616e-05,0.000922489458803836,0.83607114487536,True
rotation_hip_shoulder_separation_fp,Rotation Hip Shoulder Separation At Fp (separation +),FP,max_shoulder_external_rotation,Maximum shoulder ER (+),MER / FP-BR aggregate,411,100,0.28172486518524315,6.166020585741875e-09,0.28172486518524315,0.004048118196338536,0.2078281678580472,2.166940904072954e-05,0.0015283044384752267,0.016288145501947685,0.04075679852143395,True
pelvis_rotation_fp,Pelvis Rotation At Fp,FP,lead_knee_absorption_fp_br,Lead Knee Absorption Fp-Br,MER / FP-BR aggregate,403,100,-0.3046375018477291,4.221092843821924e-10,-0.304637501847729,0.008941146640788154,-0.20717668634795636,2.7688510574007393e-05,0.0003385418425480414,0.004854484845264642,0.07319983720451478,True
max_pelvis_rotational_velo,Peak pelvis rotation velocity,FP-MER,lead_knee_absorption_fp_br,Lead Knee Absorption Fp-Br,MER / FP-BR aggregate,403,100,-0.13195269737992738,0.00799429521100644,-0.13195269737992732,0.06915781860726493,-0.20715817769155356,2.7735277661374803e-05,0.00016962680137152082,0.0026988772193038964,0.2618038381196621,True
pelvis_anterior_tilt_fp,Pelvis Anterior Tilt At Fp (anterior tilt +),FP,lead_hip_generation_fp_br,Lead Hip Generation Fp-Br,MER / FP-BR aggregate,403,100,-0.1614018221532071,0.0011483922601552934,-0.16140182215320706,0.048368912313326025,-0.20654766883629352,2.932050454279363e-05,0.00011717357644315112,0.0021162800142327906,0.21500204351605698,True
glove_shoulder_horizontal_abduction_fp,Glove Shoulder Horizontal Abduction At Fp,FP,lead_knee_extension_from_fp_to_br,Lead Knee Extension From At Fp To At Br,MER / FP-BR aggregate,411,100,0.027445032619333166,0.5790268222281008,0.02744503261933319,0.801197028653599,0.20623364478416342,2.5127558672673646e-05,0.001144102403435875,0.012708668011874555,0.9148803908274205,True
pelvis_anterior_tilt_fp,Pelvis Anterior Tilt At Fp (anterior tilt +),FP,torso_anterior_tilt_mer,Torso Anterior Tilt At Mer (flexion +),MER / FP-BR aggregate,411,100,-0.014887824734276365,0.7634752561385183,-0.014887824734276339,0.8988601717520379,-0.20508645493598865,2.793239209143339e-05,0.0019762216768972455,0.02006755574051023,0.9554425706514348,True
rear_hip_generation_pkh_fp,Rear Hip Generation Pkh-Fp,PKH-FP,lead_grf_mag_max,Lead Grf Mag Max,MER / FP-BR aggregate,403,100,0.14232637829385614,0.00419789511782696,0.14232637829385617,0.13120899165592848,0.20343169719447582,3.8839163628312104e-05,0.0009874693210759362,0.011320498534763055,0.37674814837127035,True
rotation_hip_shoulder_separation_fp,Rotation Hip Shoulder Separation At Fp (separation +),FP,glove_shoulder_abduction_mer,Glove Shoulder Abduction At Mer,MER / FP-BR aggregate,411,100,-0.06835618942608168,0.1666060204482968,-0.06835618942608168,0.5137231974002804,0.20270662671599352,3.472432619980399e-05,0.0009134086542408613,0.010698637999672663,0.7611499472593233,True
elbow_flexion_fp,Elbow Flexion At Fp (flexion +),FP,glove_shoulder_abduction_mer,Glove Shoulder Abduction At Mer,MER / FP-BR aggregate,411,100,-0.07479466385531214,0.1300701712773987,-0.07479466385531214,0.5511357187790835,-0.20246979065623108,3.5479781223933095e-05,0.00015544424730714194,0.0025560833475818845,0.7883839846622199,True
max_pelvis_rotational_velo,Peak pelvis rotation velocity,FP-MER,lead_grf_x_max,Lead Grf X Max,MER / FP-BR aggregate,403,100,-0.0696396951486359,0.1629075525074431,-0.06963969514863584,0.4164507202917711,0.2022257836942612,4.3254271669260604e-05,0.0026287090569517015,0.024599122203979147,0.6931313535625838,True
max_shoulder_external_rotation,Maximum shoulder ER (+),MER / FP-BR aggregate,torso_rotation_br,Torso Rotation At Br,BR,411,100,0.00890124255432056,0.8572231822903453,0.008901242554320557,0.9230503995950159,-0.20196441357961087,3.7144133064611205e-05,0.006080189163659863,0.04811280120809109,0.9650891429592481,True
rear_grf_x_max,Rear Grf X Max,FP,max_pelvis_rotational_velo,Peak pelvis rotation velocity,FP-MER,403,100,-0.22244821603752757,6.533172767224142e-06,-0.22244821603752749,0.06479675340984227,-0.19980112955492482,5.360593642801664e-05,0.0023037012864104084,0.022379314282920525,0.25298534417110036,True
shoulder_external_rotation_fp,Shoulder External Rotation At Fp (external rotation +),FP,lead_knee_absorption_fp_br,Lead Knee Absorption Fp-Br,MER / FP-BR aggregate,403,100,-0.19110972134387713,0.00011328448458982601,-0.1911097213438772,0.01738892473702954,-0.19968375231540003,5.416213460906407e-05,0.00012825465618308403,0.0022456681424999547,0.11622089245144604,True
rear_hip_generation_pkh_fp,Rear Hip Generation Pkh-Fp,PKH-FP,pelvis_rotation_fp,Pelvis Rotation At Fp,FP,403,100,0.060298699280824215,0.22711371968965724,0.06029869928082413,0.5435005518094662,0.19901840598416903,5.741927862180031e-05,0.0004091606834027065,0.0055636446950046185,0.7838175272786817,True
pelvis_anterior_tilt_fp,Pelvis Anterior Tilt At Fp (anterior tilt +),FP,lead_grf_x_max,Lead Grf X Max,MER / FP-BR aggregate,403,100,0.3663077064682262,3.045487231552298e-14,0.36630770646822636,6.221574104684953e-05,0.1974436655071047,6.587986728464282e-05,0.00023569957698965288,0.0034854074947344915,0.0013382040301531456,True
glove_shoulder_abduction_fp,Glove Shoulder Abduction At Fp,FP,lead_grf_x_max,Lead Grf X Max,MER / FP-BR aggregate,403,100,0.0820977484505229,0.09981303988067634,0.08209774845052291,0.41268851928818095,-0.19701185489798725,6.839752218974483e-05,0.0013916202991976232,0.015103548751842093,0.6900502025694955,True
max_cog_velo_x,Peak COG forward velocity,FP,lead_hip_absorption_fp_br,Lead Hip Absorption Fp-Br,MER / FP-BR aggregate,403,100,0.14774944161946704,0.002947409560022564,0.1477494416194671,0.20113902792908556,0.19667272442229544,7.043810509307013e-05,0.00013312018574341227,0.0022823359381805323,0.4759290248260589,True
max_torso_rotational_velo,Peak torso rotation velocity,FP-MER,thorax_distal_transfer_fp_br,Thorax Distal Transfer Fp-Br,MER / FP-BR aggregate,411,100,0.15967715995614992,0.0011615302620776307,0.15967715995614992,0.05678583823306615,0.19600342998158163,6.324344863591705e-05,0.0006904456593649435,0.008552850419148985,0.23695818917007852,True
torso_rotation_min,Peak torso counterrotation,PKH-FP,torso_rotation_mer,Torso Rotation At Mer,MER / FP-BR aggregate,411,100,0.2021982328846385,3.636512282971017e-05,0.2021982328846386,0.08798246810457355,0.1959751039227498,6.340121345569192e-05,0.0015354634737584005,0.016291060891983747,0.2995760723384684,True
max_pelvis_rotational_velo,Peak pelvis rotation velocity,FP-MER,lead_knee_extension_angular_velo_max,Lead Knee Extension Angular Velocity Max,MER-BR,411,100,0.0333768718119999,0.4998149017038613,0.03337687181199991,0.7089292548219921,0.19573694828599705,6.474240190701579e-05,0.004563939261588955,0.037624670010172355,0.8651866533037486,True
lead_knee_extension_angular_velo_fp,Lead Knee Extension Angular Velocity At Fp,FP,timing_peak_torso_to_peak_pelvis_rot_velo,Pelvis-to-torso peak timing,FP-MER,411,100,-0.019428925509963155,0.6945243222588214,-0.01942892550996315,0.8481156172413946,-0.19414302052000937,7.443135738132674e-05,9.977309223069375e-05,0.0018885050897425712,0.9341906659185939,True
rotation_hip_shoulder_separation_fp,Rotation Hip Shoulder Separation At Fp (separation +),FP,elbow_transfer_fp_br,Elbow Transfer Fp-Br,MER / FP-BR aggregate,411,100,0.23108614077292408,2.1926075444345904e-06,0.23108614077292405,0.020851634815920516,0.193976926022445,7.551608030059438e-05,0.001799038290468803,0.01853019368346092,0.13262088165179556,True
pelvis_rotation_fp,Pelvis Rotation At Fp,FP,lead_hip_generation_fp_br,Lead Hip Generation Fp-Br,MER / FP-BR aggregate,403,100,-0.19891493980826389,5.794209793665432e-05,-0.19891493980826389,0.017815264745686087,-0.193275490380109,9.43009865871314e-05,0.0034744716832831556,0.030673880606895323,0.1177814107885049,True
torso_anterior_tilt_fp,Torso Anterior Tilt At Fp (flexion +),FP,arm_slot,Arm slot,BR,411,100,-0.5085929965654695,2.0147035467093904e-28,-0.5085929965654694,4.766186751957738e-06,-0.19249782339276533,8.585460532798421e-05,0.0003908227639682186,0.00534500959276766,0.00014837891914647378,True
torso_rotation_fp,Torso Rotation At Fp,FP,timing_peak_torso_to_peak_pelvis_rot_velo,Pelvis-to-torso peak timing,FP-MER,411,100,-0.11499217567397993,0.019706370428249857,-0.11499217567397989,0.1862668658340133,-0.19195496245839586,8.997278370003931e-05,0.006202320810235948,0.04843132355451569,0.45946601062732767,True
rear_grf_x_max,Rear Grf X Max,FP,lead_knee_absorption_fp_br,Lead Knee Absorption Fp-Br,MER / FP-BR aggregate,403,100,0.14622740302568527,0.0032588212589960562,0.14622740302568518,0.12566985010631287,0.19137309094595442,0.00011079767276553053,0.002342621281200394,0.02243984595676167,0.36801656853423953,True
thorax_distal_transfer_fp_br,Thorax Distal Transfer Fp-Br,MER / FP-BR aggregate,pitch_speed_mph,Pitch velocity,Outcome,411,100,0.6449663527967738,1.044794169298279e-49,0.6449663527967742,5.500464700188368e-16,0.19100824185398785,9.760282181791323e-05,0.00016028699348845352,0.002597527579408774,8.676066320430453e-14,True
rear_grf_angle_at_max,Rear Grf Angle At Max,PKH-FP,elbow_pronation_fp,Elbow Pronation At Fp (pronation +),FP,403,100,-0.08471343877226586,0.08943566562121676,-0.08471343877226585,0.24148476575219602,-0.19093891905025656,0.00011492518494529381,0.0004201879286773617,0.0056809407957179306,0.5256236943603457,True
rear_grf_angle_at_max,Rear Grf Angle At Max,PKH-FP,stride_angle,Stride angle (cross-body +),FP,403,100,-0.18471944210718025,0.00019236639570662523,-0.18471944210718033,0.014152578481527577,-0.19043346820943582,0.00011991223198388043,0.002555860512526358,0.02418866389054945,0.09965774014075668,True
rear_hip_generation_pkh_fp,Rear Hip Generation Pkh-Fp,PKH-FP,stride_length,Stride length,FP,403,100,-0.06721145481797319,0.17811148065010962,-0.06721145481797322,0.45036583419495047,0.1902498159067746,0.00012177406500493244,0.0037424945782585936,0.03225429854395527,0.7214391088051813,True
glove_shoulder_abduction_fp,Glove Shoulder Abduction At Fp,FP,lead_knee_absorption_fp_br,Lead Knee Absorption Fp-Br,MER / FP-BR aggregate,403,100,0.08915571502998239,0.07380976922661676,0.0891557150299825,0.24520788416147477,0.18991608234668597,0.00012522708478184685,0.0002602466595489949,0.003800886398104457,0.5293447572317967,True
max_elbow_flexion,Peak elbow flexion (+),FP-MER,elbow_absorption_fp_br,Elbow Absorption Fp-Br,MER / FP-BR aggregate,411,100,0.25884286691723585,1.0232117146574664e-07,0.2588428669172359,0.007467318747168893,0.18963479557422105,0.00010976043763845681,0.0002055426961290645,0.0031173975579574784,0.06416075638086088,True
elbow_flexion_fp,Elbow Flexion At Fp (flexion +),FP,lead_grf_mag_max,Lead Grf Mag Max,MER / FP-BR aggregate,403,100,-0.09226226223154438,0.06426352184433108,-0.09226226223154434,0.39111643208998725,0.18895864960568357,0.00013565053928556487,0.0012991829122733821,0.01429705474622708,0.6734945257095414,True
rear_grf_x_max,Rear Grf X Max,FP,torso_anterior_tilt_br,Torso Anterior Tilt At Br (flexion +),BR,403,100,-0.13772920952831838,0.0056139565197876684,-0.1377292095283184,0.21426347679981972,0.18838286060932494,0.00014230558586667398,0.00020477094601413558,0.0031173975579574784,0.4897355697991317,True
pelvis_anterior_tilt_fp,Pelvis Anterior Tilt At Fp (anterior tilt +),FP,lead_knee_generation_fp_br,Lead Knee Generation Fp-Br,MER / FP-BR aggregate,403,100,0.008586702216294708,0.8635597171482724,0.008586702216294678,0.9315467041118354,-0.18827887739194735,0.0001435396260106822,0.0013713757521049376,0.014952419490692545,0.9675327049730477,True
rear_grf_x_max,Rear Grf X Max,FP,lead_grf_x_max,Lead Grf X Max,MER / FP-BR aggregate,403,100,0.5256365395019182,5.234512615513599e-30,0.525636539501918,2.133903175968562e-13,0.18670689152707792,0.00016346230665660038,0.0005498137937017302,0.007108521507640949,2.969891126083304e-11,True
pelvis_rotation_fp,Pelvis Rotation At Fp,FP,max_shoulder_external_rotation,Maximum shoulder ER (+),MER / FP-BR aggregate,411,100,0.10741953396142152,0.02945059097602884,0.10741953396142163,0.20153989349791923,-0.1858594902395093,0.000150921807482795,6.953603813277123e-05,0.0014257028386815294,0.4759290248260589,True
shoulder_transfer_fp_br,Shoulder Transfer Fp-Br,MER / FP-BR aggregate,torso_rotation_br,Torso Rotation At Br,BR,411,100,0.11775071015843393,0.016930235442175073,0.11775071015843393,0.1658593933785899,0.1846997187870814,0.0001662266535790285,0.0020942829391957934,0.020966878866251013,0.4302887332606839,True
torso_anterior_tilt_mer,Torso Anterior Tilt At Mer (flexion +),MER / FP-BR aggregate,max_elbow_extension_velo,Peak elbow extension velocity,MER-BR,411,100,0.08334649847101713,0.09150998294375022,0.08334649847101717,0.3800063114237895,0.18468267491487783,0.00016646205477119228,0.003748914665928867,0.03225429854395527,0.6625607463733868,True
stride_length,Stride length,FP,shoulder_transfer_fp_br,Shoulder Transfer Fp-Br,MER / FP-BR aggregate,411,100,0.1721958670888059,0.00045396431889085107,0.1721958670888058,0.059094367695912704,-0.18203499320828534,0.00020707488053991137,0.004086063801368376,0.03440436638447537,0.24106426546298182,True
rear_grf_x_max,Rear Grf X Max,FP,torso_anterior_tilt_mer,Torso Anterior Tilt At Mer (flexion +),MER / FP-BR aggregate,403,100,-0.09707811235955766,0.05148945350087892,-0.09707811235955763,0.3474403316096395,0.18165433894700395,0.0002464673639064928,0.005062148165344412,0.04113497349949328,0.642221737959693,True
max_shoulder_horizontal_abduction,Peak shoulder horizontal abduction (+),FP,shoulder_absorption_fp_br,Shoulder Absorption Fp-Br,MER / FP-BR aggregate,411,100,-0.02900261331401719,0.5576695692719117,-0.029002613314017232,0.7905292754287914,-0.18153649111954762,0.00021569087926321965,0.002308746294965428,0.022379314282920525,0.9095351231240111,True
timing_peak_torso_to_peak_pelvis_rot_velo,Pelvis-to-torso peak timing,FP-MER,lead_grf_z_max,Lead Grf Z Max,MER / FP-BR aggregate,403,100,-0.09930000922085322,0.04635262981973219,-0.09930000922085329,0.1383955788712679,-0.18065654760676042,0.00026694708600130045,0.003631304018580468,0.03147130149436406,0.3888882893223514,True
torso_rotation_fp,Torso Rotation At Fp,FP,lead_hip_generation_fp_br,Lead Hip Generation Fp-Br,MER / FP-BR aggregate,403,100,-0.24068936179189077,1.0142614171460874e-06,-0.2406893617918906,0.0010803992823495057,-0.18010529364434208,0.00027893247733765635,0.006453008839604789,0.04989483305393768,0.01436081293280298,True
max_elbow_flexion,Peak elbow flexion (+),FP-MER,torso_rotation_mer,Torso Rotation At Mer,MER / FP-BR aggregate,411,100,0.23788768500238522,1.0703346302821653e-06,0.23788768500238539,0.03376735519188405,0.1798100079491863,0.000248192993493381,0.00023937818989253838,0.0035178186166816513,0.17711091194358722,True
glove_shoulder_abduction_fp,Glove Shoulder Abduction At Fp,FP,pelvis_lumbar_transfer_fp_br,Pelvis Lumbar Transfer Fp-Br,MER / FP-BR aggregate,403,100,0.01807959881458443,0.7174659042537007,0.01807959881458447,0.8259575892321704,0.17942222858235118,0.0002944806794972718,7.045340461180109e-05,0.0014257028386815294,0.9246130657552707,True
torso_lateral_tilt_fp,Torso Lateral Tilt At Fp,FP,lead_knee_extension_from_fp_to_br,Lead Knee Extension From At Fp To At Br,MER / FP-BR aggregate,411,100,0.1733694919774131,0.00041428648056406975,0.17336949197741303,0.036108898191051404,0.17938501723528746,0.00025686778491233324,0.004071780489319451,0.03440436638447537,0.18294144137050883,True
stride_length,Stride length,FP,thorax_distal_transfer_fp_br,Thorax Distal Transfer Fp-Br,MER / FP-BR aggregate,411,100,0.15864237746613752,0.0012516495279591402,0.15864237746613746,0.07206170939332375,-0.17763896604264928,0.0002955667454246443,0.005470518390971201,0.04402464800353015,0.26875088013171955,True
rear_hip_generation_pkh_fp,Rear Hip Generation Pkh-Fp,PKH-FP,lead_grf_z_max,Lead Grf Z Max,MER / FP-BR aggregate,403,100,0.16647477862386628,0.0007935985503474005,0.16647477862386623,0.05847941588522248,0.17725937368209285,0.0003492118841445582,0.0038391397873895217,0.0326741177588619,0.24021232288964653,True
rear_knee_generation_pkh_fp,Rear Knee Generation Pkh-Fp,PKH-FP,lead_knee_extension_angular_velo_fp,Lead Knee Extension Angular Velocity At Fp,FP,403,100,0.21908325207166093,9.06134477762475e-06,0.21908325207166102,0.009490232083186981,0.176012858633356,0.00038491910443236863,0.0041967807972139665,0.03521128853265335,0.0761148783349844,True
rear_hip_generation_pkh_fp,Rear Hip Generation Pkh-Fp,PKH-FP,rotation_hip_shoulder_separation_fp,Rotation Hip Shoulder Separation At Fp (separation +),FP,403,100,-0.06190548719188566,0.21494822376409048,-0.06190548719188568,0.5137601292363226,-0.17498253065356428,0.0004169694870754933,0.0016122473435500008,0.017029362566246882,0.7611499472593233,True
rear_hip_generation_pkh_fp,Rear Hip Generation Pkh-Fp,PKH-FP,glove_shoulder_abduction_fp,Glove Shoulder Abduction At Fp,FP,403,100,-0.10706466473549002,0.031649314246772225,-0.1070646647354901,0.23339743642799848,-0.1745633590351813,0.0004307055898320476,0.0009687466017674321,0.011180753462349972,0.5146489604740395,True
elbow_transfer_fp_br,Elbow Transfer Fp-Br,MER / FP-BR aggregate,torso_rotation_br,Torso Rotation At Br,BR,411,100,0.06034457786632557,0.22217668407679136,0.06034457786632558,0.5074864150661971,0.1744634888310012,0.0003802297209489721,0.006068447835049093,0.04811280120809109,0.7591474750721007,True
rotation_hip_shoulder_separation_fp,Rotation Hip Shoulder Separation At Fp (separation +),FP,lead_knee_generation_fp_br,Lead Knee Generation Fp-Br,MER / FP-BR aggregate,403,100,0.19501508589629052,8.126491049274989e-05,0.19501508589629057,0.028200911071344436,0.1737181757531979,0.0004596909806413003,0.00617189871938187,0.04837744091916853,0.15662759529295994,True
rear_grf_mag_max,Rear Grf Mag Max,PKH-FP,stride_length,Stride length,FP,403,100,0.11489869346338438,0.021051701852526115,0.11489869346338435,0.19634996511570113,0.17300404724571272,0.00048558452850959536,0.005541245327710824,0.04429252177487773,0.4729805377023134,True
elbow_flexion_fp,Elbow Flexion At Fp (flexion +),FP,max_torso_rotational_velo,Peak torso rotation velocity,FP-MER,411,100,0.2747018570211569,1.501578893016195e-08,0.2747018570211569,0.005589948962460751,0.17252705942617486,0.00044242363459824277,0.006128680535069871,0.048334860486584384,0.05218766899934887,True
rear_knee_generation_pkh_fp,Rear Knee Generation Pkh-Fp,PKH-FP,elbow_pronation_fp,Elbow Pronation At Fp (pronation +),FP,403,100,-0.06375979685905621,0.20149877299449212,-0.06375979685905621,0.49522252717411963,-0.172325017043264,0.0005114564006527402,0.0026928887393473542,0.024986008091091114,0.7538727857739672,True
rear_grf_x_max,Rear Grf X Max,FP,lead_hip_absorption_fp_br,Lead Hip Absorption Fp-Br,MER / FP-BR aggregate,403,100,0.2473594287062735,4.939737252032094e-07,0.24735942870627337,0.05109739173525684,0.1723185644731818,0.0005117082795885676,7.110436811683029e-05,0.0014257028386815294,0.22305614178158245,True
lead_knee_extension_angular_velo_fp,Lead Knee Extension Angular Velocity At Fp,FP,pelvis_lumbar_transfer_fp_br,Pelvis Lumbar Transfer Fp-Br,MER / FP-BR aggregate,403,100,-0.012605428941383277,0.8008275676615804,-0.012605428941383298,0.8971344706823308,-0.1719032861640767,0.0005281632712754035,0.003513981620150833,0.030792890789914335,0.9550229674851788,True
max_elbow_flexion,Peak elbow flexion (+),FP-MER,max_shoulder_external_rotation,Maximum shoulder ER (+),MER / FP-BR aggregate,411,100,0.1319178037876473,0.007407317493854075,0.1319178037876473,0.23746488627047346,0.17178468733415245,0.00046868166983745165,0.003404136118999711,0.030393154934163457,0.5216730927724608,True
lead_grf_y_max,Lead Grf Y Max,FP-MER,elbow_varus_moment,Peak elbow varus moment,MER / FP-BR aggregate,403,100,0.08117095442355016,0.10371162901747723,0.08117095442355021,0.33316350514031134,0.1714972590233713,0.0005447254693140171,0.002803515849094017,0.02591061913654861,0.6289074906888431,True
lead_grf_y_max,Lead Grf Y Max,FP-MER,shoulder_internal_rotation_moment,Peak shoulder IR moment,MER / FP-BR aggregate,403,100,0.09088229527139967,0.06837072998394643,0.09088229527139968,0.3034382258086844,0.1713096565077483,0.000552539621791807,0.0038107739697065116,0.032642908288098356,0.598279035219456,True
pelvis_anterior_tilt_fp,Pelvis Anterior Tilt At Fp (anterior tilt +),FP,max_elbow_flexion,Peak elbow flexion (+),FP-MER,411,100,-0.18827362343936893,0.0001232030837866477,-0.18827362343936888,0.10437069225022683,-0.17095809076233257,0.000499619254939423,0.0022793632118075988,0.02228501388073049,0.33057705202682286,True
elbow_flexion_fp,Elbow Flexion At Fp (flexion +),FP,lead_knee_extension_from_fp_to_br,Lead Knee Extension From At Fp To At Br,MER / FP-BR aggregate,411,100,0.20600661805828668,2.5660525046321966e-05,0.2060066180582865,0.05923365536569484,0.16972920457832869,0.0005491351734465042,0.0031636058955854638,0.028569051713569493,0.24121657245307054,True
shoulder_abduction_fp,Shoulder Abduction At Fp (adduction + / abduction -),FP,elbow_flexion_mer,Elbow Flexion At Mer,MER / FP-BR aggregate,411,100,0.23622898373415174,1.2774385839526674e-06,0.2362289837341517,0.0037602587911917734,0.1694687441558346,0.0005601986541360919,0.002248013638065417,0.022069710654202393,0.038183572102831485,True
shoulder_external_rotation_fp,Shoulder External Rotation At Fp (external rotation +),FP,torso_anterior_tilt_br,Torso Anterior Tilt At Br (flexion +),BR,411,100,-0.1671867720936485,0.0006663590728059929,-0.1671867720936485,0.09585513657523435,-0.16859302699244189,0.000598931114347138,0.00546221479420518,0.04402464800353015,0.31699122999428025,True
rear_hip_transfer_pkh_fp,Rear Hip Transfer Pkh-Fp,PKH-FP,pelvis_anterior_tilt_fp,Pelvis Anterior Tilt At Fp (anterior tilt +),FP,403,100,0.1830933232540032,0.00021950506492901658,0.18309332325400324,0.07109429554228437,0.16858561853955842,0.0006783735093991508,0.005510976144208433,0.04419989680405815,0.2669985765921346,True
max_rear_hip_flexion,Peak rear-hip flexion (-),PKH-FP,max_cog_velo_x,Peak COG forward velocity,FP,411,100,0.13487351723773064,0.0061719306822519285,0.13487351723773083,0.06393083307618083,0.16800882325064606,0.0006261355441827031,0.00346342705263775,0.030673880606895323,0.2510713407205301,True
elbow_flexion_fp,Elbow Flexion At Fp (flexion +),FP,lead_grf_z_max,Lead Grf Z Max,MER / FP-BR aggregate,403,100,-0.08225062996277227,0.09918127477084174,-0.08225062996277228,0.44753483123165194,0.16629545481678706,0.0008041780232228981,0.0043107642025749,0.035786905625586715,0.7193392735693536,True
lead_knee_extension_angular_velo_fp,Lead Knee Extension Angular Velocity At Fp,FP,elbow_varus_moment,Peak elbow varus moment,MER / FP-BR aggregate,411,100,0.22540376130807283,3.926218395960367e-06,0.22540376130807274,0.007851674427396307,0.1650592724045281,0.0007818368168738613,0.0006504603943170836,0.008142800491821268,0.06611053984063936,True
stride_length,Stride length,FP,lead_knee_extension_angular_velo_br,Lead Knee Extension Angular Velocity At Br,BR,411,100,-0.18324182956145046,0.0001875314263092281,-0.18324182956145044,0.06662545986994542,-0.16477436020937297,0.0007986353167254567,0.002583335936627343,0.02435128615960276,0.257996461624044,True
rear_hip_transfer_pkh_fp,Rear Hip Transfer Pkh-Fp,PKH-FP,lead_grf_angle_at_max,Lead Grf Angle At Max,MER / FP-BR aggregate,403,100,-0.0973910339575474,0.05073848411595707,-0.09739103395754746,0.3028670540433257,-0.16391550736668284,0.0009575009283573605,2.3407980819591844e-07,1.3186495861703405e-05,0.597959941374443,True
max_shoulder_horizontal_abduction,Peak shoulder horizontal abduction (+),FP,thorax_distal_transfer_fp_br,Thorax Distal Transfer Fp-Br,MER / FP-BR aggregate,411,100,0.3122159120949437,9.618630019816389e-11,0.3122159120949436,0.0008126929523431713,-0.16358958287429723,0.000872131789417107,0.0002772270702198143,0.004024044467117059,0.011724582470999653,True
max_elbow_flexion,Peak elbow flexion (+),FP-MER,elbow_transfer_fp_br,Elbow Transfer Fp-Br,MER / FP-BR aggregate,411,100,-0.03317496278854591,0.5024137252274635,-0.03317496278854595,0.7846964268212859,0.1622629721958946,0.0009618122072490406,0.0030890287468259337,0.028110161596116,0.90716891806201,True
max_elbow_flexion,Peak elbow flexion (+),FP-MER,torso_rotation_br,Torso Rotation At Br,BR,411,100,0.20969778253018945,1.818944126505357e-05,0.20969778253018956,0.038954436441731764,0.16216612850341966,0.0009686813029718132,0.0026929129599443085,0.024986008091091114,0.19161371438905897,True
torso_lateral_tilt_mer,Torso Lateral Tilt At Mer,MER / FP-BR aggregate,pitch_speed_mph,Pitch velocity,Outcome,411,100,-0.11766681440905655,0.017009338447528617,-0.11766681440905638,0.18336033167636345,0.15875026720283641,0.0012419616455281324,0.006505654309854435,0.049975253562063615,0.4561835381138548,True
shoulder_transfer_fp_br,Shoulder Transfer Fp-Br,MER / FP-BR aggregate,pitch_speed_mph,Pitch velocity,Outcome,411,100,0.651221309896421,5.933417578738093e-51,0.6512213098964206,4.566111828754803e-16,0.15602092176095378,0.0015094973612295598,0.002178048449529272,0.021561768332996896,7.716728990595616e-14,True
torso_anterior_tilt_fp,Torso Anterior Tilt At Fp (flexion +),FP,lead_knee_absorption_fp_br,Lead Knee Absorption Fp-Br,MER / FP-BR aggregate,403,100,0.12235910321145399,0.013973090715803887,0.12235910321145398,0.2646188302380451,0.15590532754979738,0.0016936748737227823,0.003547471735240773,0.030971653599924983,0.5530814066636173,True
shoulder_transfer_fp_br,Shoulder Transfer Fp-Br,MER / FP-BR aggregate,lead_knee_extension_angular_velo_br,Lead Knee Extension Angular Velocity At Br,BR,411,100,0.06470961459109714,0.19045177731753382,0.06470961459109714,0.5050363903127475,0.15347688609867807,0.0018055115570531153,0.004072673577469128,0.03440436638447537,0.7591474750721007,True
torso_anterior_tilt_fp,Torso Anterior Tilt At Fp (flexion +),FP,max_shoulder_external_rotation,Maximum shoulder ER (+),MER / FP-BR aggregate,411,100,0.08560532229610977,0.08302713014682993,0.08560532229610983,0.35594432332416437,0.15248985928700187,0.0019340188039998004,0.0017034602600644211,0.01775500870181683,0.6458314946203779,True
thorax_distal_transfer_fp_br,Thorax Distal Transfer Fp-Br,MER / FP-BR aggregate,lead_knee_extension_angular_velo_br,Lead Knee Extension Angular Velocity At Br,BR,411,100,0.11415668381212994,0.02062183670052204,0.11415668381212994,0.2279248140494161,0.15217446023628298,0.00197681378272266,0.0048511220643023744,0.03957846484186006,0.5092257885183367,True
rear_grf_angle_at_max,Rear Grf Angle At Max,PKH-FP,shoulder_generation_fp_br,Shoulder Generation Fp-Br,MER / FP-BR aggregate,403,100,0.05857423763828455,0.24070571203911575,0.05857423763828457,0.3976572203386428,0.15163084188381498,0.0022718622551019265,0.0007495506123612794,0.009188791444802006,0.6797771323612469,True
max_torso_rotational_velo,Peak torso rotation velocity,FP-MER,pitch_speed_mph,Pitch velocity,Outcome,411,100,0.32781639956441744,9.436556220556788e-12,0.32781639956441744,0.00018195660769142435,0.150913411478489,0.0021567128588169575,0.006489521506416091,0.049975253562063615,0.003416740744427857,True
lead_knee_extension_angular_velo_fp,Lead Knee Extension Angular Velocity At Fp,FP,shoulder_internal_rotation_moment,Peak shoulder IR moment,MER / FP-BR aggregate,411,100,0.22684871464889092,3.390412198561585e-06,0.2268487146488908,0.0074011192587869375,0.150630381443335,0.002199091058233281,0.0013245478981039553,0.01450870521719425,0.06414303357615345,True
